item_id,jd_id,jd_title,jd_level,jd_domain,jd_mandatory_skills,repo_name,file_path,start_line,end_line,code_content,annotator_1_label,annotator_1_notes,annotator_2_label,annotator_2_notes,adjudicated_label,adjudication_reason,adjudicated_by
ITEM_001,JD_REACT_01,Frontend Developer Fresher (ReactJS / TypeScript),Fresher,E-Commerce Storefront & Order Management,"ReactJS, TypeScript, Redux Toolkit, Tailwind CSS, Git",sylvaincodes/youtube_ecommerce,components/modules/custom/Container.tsx,1,11,"import React from ""react"";

export default function Container({
  children,
  className,
}: {
  children: React.ReactNode;
  className?: string;
}) {
  return <div className={`container h-full w-full ${className}`}>{children}</div>;
}",,,,,,,
ITEM_002,JD_REACT_06,Junior ReactJS Developer,Junior,Productivity & Collaborative Kanban System,"ReactJS, TypeScript, Redux Toolkit / Zustand, React Hook Form & Zod/Yup, Tailwind CSS / CSS-in-JS",devias-io/material-kit-react,src/components/core/logo.tsx,1,50,"'use client';

import * as React from 'react';
import Box from '@mui/material/Box';
import { useColorScheme } from '@mui/material/styles';

import { NoSsr } from '@/components/core/no-ssr';

const HEIGHT = 60;
const WIDTH = 60;

type Color = 'dark' | 'light';

export interface LogoProps {
  color?: Color;
  emblem?: boolean;
  height?: number;
  width?: number;
}

export function Logo({ color = 'dark', emblem, height = HEIGHT, width = WIDTH }: LogoProps): React.JSX.Element {
  let url: string;

  if (emblem) {
    url = color === 'light' ? '/assets/logo-emblem.svg' : '/assets/logo-emblem--dark.svg';
  } else {
    url = color === 'light' ? '/assets/logo.svg' : '/assets/logo--dark.svg';
  }

  return <Box alt=""logo"" component=""img"" height={height} src={url} width={width} />;
}

export interface DynamicLogoProps {
  colorDark?: Color;
  colorLight?: Color;
  emblem?: boolean;
  height?: number;
  width?: number;
}

export function DynamicLogo({
  colorDark = 'light',
  colorLight = 'dark',
  height = HEIGHT,
  width = WIDTH,
  ...props
}: DynamicLogoProps): React.JSX.Element {
  const { colorScheme } = useColorScheme();
  const color = colorScheme === 'dark' ? colorDark : colorLight;
",,,,,,,
ITEM_003,JD_REACT_03,Fullstack TypeScript Fresher,Fresher,Fullstack Web Application Development,"TypeScript, JavaScript (ES6+), ReactJS, Node.js / Express.js, JWT Authentication, MongoDB / PostgreSQL / MySQL",ZahraMirzaei/online-shop,components/carousel/Slide.tsx,12,38,"const Slide: React.FC<Props> = ({ title, description, bgImg, url }) => {
  const { t } = useLanguage();

  return (
    <>
      <div
        className={`relative w-[100%] h-[50vh] md:h-[70vh] bg-cover bg-center bg-no-repeat`}
        style={{ backgroundImage: `${bgImg}` }}
      >
        <Link href={url}>
          <a className=""block"">
            <div
              className={`backdrop-filter backdrop-blur-[12px] bg-palette-card/60 p-3 md:p-8 lg:p-10 shadow-lg md:overflow-hidden ltr:text-left rtl:text-right rounded-md md:w-[60%] lg:w-[50%] md:mt-auto absolute bottom-0 md:top-[45%] md:right-[25%] md:bottom-auto`}
            >
              <h3 className=""text-lg md:text-2xl lg:text-3xl font-medium"">
                {t[`${title}`]}
              </h3>
              <p className=""text-[13px] md:text-lg mt-2 md:mt-4 lg:mt-8"">
                {t[`${description}`]}
              </p>
            </div>
          </a>
        </Link>
      </div>
    </>
  );
};",,,,,,,
ITEM_004,JD_REACT_02,ReactJS / TypeScript Intern,Intern/Fresher,Digital Media & Streaming SPA,"HTML5/CSS3, JavaScript (ES6+), TypeScript, ReactJS",sudeepmahato16/movie-app,src/pages/Catalog/components/Search.tsx,9,40,"const Search: React.FC<SearchProps> = ({ setQuery }) => {
  const { category } = useParams();
  const [search, setSearch] = useState<string>("""");

  const handleSubmit = (e: React.FormEvent) => {
    e.preventDefault();
    if (!search) return;
    setQuery({ search });
    setSearch("""");
  };

  return (
    <form
      className=""text-[14px] lg:py-10 md:pt-9 md:pb-10 sm:pt-8 sm:pb-10  pt-6 pb-8 flex flex-row items-center justify-center""
      onSubmit={handleSubmit}
    >
      <input
        type=""text""
        className=""py-[8px] pl-[20px] pr-[36px]  rounded-full outline-none w-[300px] md:w-[340px]  shadow-md transition-all duration-300 focus:shadow-sm text-[#666] focus:bg-[#ffffff] bg-[#fdfdfd] font-medium dark:bg-[#302d3a] dark:text-primary dark:focus:bg-[#474550]""
        onChange={(e) => setSearch(e.target.value)}
        value={search}
        placeholder={`Search ${category === ""movie"" ? ""movies"" : ""tv series""}`}
      />
      <button
        type=""submit""
        className=""text-[18px] -ml-[32px] text-[#ff0000] z-[1]""
      >
        <GoSearch />
      </button>
    </form>
  );
};",,,,,,,
ITEM_005,JD_REACT_08,React TypeScript Fresher,Fresher,Personal Finance & Digital Banking Portal,"ReactJS, TypeScript, React Hook Form, Zod / Yup, Authentication & Axios Interceptors, Material UI / Ant Design / Shadcn UI / Tailwind CSS",sylvaincodes/youtube_ecommerce,components/modules/custom/Currency.tsx,1,32,"import React from ""react"";
import {
  Select,
  SelectContent,
  SelectGroup,
  SelectItem,
  SelectTrigger,
  SelectValue,
} from ""@/components/ui/select"";
import { CiMoneyBill } from ""react-icons/ci"";

export default function Currency({
  currency,
  handleCurrency,
}: {
  currency: string;
  handleCurrency: (value: string) => void;
}) {
  return (
    <Select onValueChange={handleCurrency}>
      <SelectTrigger className="" w-[140px] border-0 focus:outline-none  focus:visible-none focus:ring-0 ring-white"">
        <CiMoneyBill className=""text-primary-500 h-4 w-4"" />
        <SelectValue placeholder={currency} />
      </SelectTrigger>
      <SelectContent>
        <SelectGroup>
          <SelectItem value=""en"">USD</SelectItem>
        </SelectGroup>
      </SelectContent>
    </Select>
  );
}",,,,,,,
ITEM_006,JD_REACT_07,Frontend Developer Intern/Fresher,Intern/Fresher,Real-Time Collaboration & Messaging,"ReactJS, TypeScript, WebSocket / Socket.io-client, Zustand / Redux Toolkit / React Context API, Tailwind CSS / SCSS",devdcores/BookStoreApp-Distributed-Application,bookstore-account-service/src/main/java/com/devd/spring/bookstoreaccountservice/config/AuthForwardInterceptor.java,1,29,"package com.devd.spring.bookstoreaccountservice.config;

import feign.RequestInterceptor;
import feign.RequestTemplate;
import java.util.Objects;
import javax.servlet.http.HttpServletRequest;
import org.springframework.http.HttpHeaders;
import org.springframework.stereotype.Component;
import org.springframework.web.context.request.RequestContextHolder;
import org.springframework.web.context.request.ServletRequestAttributes;

/**
 * @author: Devaraj Reddy, Date : 2019-07-02
 */

/*
This is required for Feign clients to make request to services.
It takes the token from header and set the header in the feign request header.
 */
@Component
public class AuthForwardInterceptor implements RequestInterceptor {

  @Override
  public void apply(RequestTemplate template) {
    HttpServletRequest request = ((ServletRequestAttributes) Objects
        .requireNonNull(RequestContextHolder.getRequestAttributes())).getRequest();
    template.header(HttpHeaders.AUTHORIZATION, request.getHeader(HttpHeaders.AUTHORIZATION));
  }
}",,,,,,,
ITEM_007,JD_JAVA_14,Backend Engineer (Java / Spring Boot),Intern/Fresher,HRTech & Recruitment Job Portal,"Java Core, Spring Boot, Spring Data JPA, Spring Security & JWT, PostgreSQL / MySQL",Snailclimb/spring-security-jwt-guide,src/main/java/github/javaguide/springsecurityjwtguide/security/service/AuthService.java,1,50,"package github.javaguide.springsecurityjwtguide.security.service;

import github.javaguide.springsecurityjwtguide.security.common.utils.CurrentUserUtil;
import github.javaguide.springsecurityjwtguide.security.common.utils.JwtTokenUtil;
import github.javaguide.springsecurityjwtguide.security.dto.LoginRequest;
import github.javaguide.springsecurityjwtguide.security.entity.JwtUser;
import github.javaguide.springsecurityjwtguide.system.entity.User;
import github.javaguide.springsecurityjwtguide.system.exception.UserNameNotFoundException;
import github.javaguide.springsecurityjwtguide.system.service.UserService;
import lombok.RequiredArgsConstructor;
import lombok.extern.slf4j.Slf4j;
import org.springframework.beans.factory.annotation.Autowired;
import org.springframework.data.redis.core.StringRedisTemplate;
import org.springframework.security.authentication.BadCredentialsException;
import org.springframework.security.core.Authentication;
import org.springframework.security.core.GrantedAuthority;
import org.springframework.security.core.context.SecurityContextHolder;
import org.springframework.stereotype.Service;

import java.util.List;
import java.util.stream.Collectors;

/**
 * @author shuang.kou
 **/
@Service
@RequiredArgsConstructor(onConstructor = @__(@Autowired))
@Slf4j
public class AuthService {
    private final UserService userService;
    private final StringRedisTemplate stringRedisTemplate;
    private final CurrentUserUtil currentUserUtil;

    public String createToken(LoginRequest loginRequest) {
        User user = userService.find(loginRequest.getUsername());
        if (!userService.check(loginRequest.getPassword(), user.getPassword())) {
            throw new BadCredentialsException(""The user name or password is not correct."");
        }
        JwtUser jwtUser = new JwtUser(user);
        if (!jwtUser.isEnabled()) {
            throw new BadCredentialsException(""User is forbidden to login"");
        }
        List<String> authorities = jwtUser.getAuthorities()
                .stream()
                .map(GrantedAuthority::getAuthority)
                .collect(Collectors.toList());
        String token = JwtTokenUtil.createToken(user.getUserName(), user.getId().toString(), authorities, loginRequest.getRememberMe());
        stringRedisTemplate.opsForValue().set(user.getId().toString(), token);
        return token;
    }",,,,,,,
ITEM_008,JD_JAVA_09,Java Backend Intern,Intern,Digital Library & Bookstore API,"Java Core, Spring Boot, Spring Data JPA, MySQL/PostgreSQL",mdtalalwasim/blog-application-spring-boot-rest-api,blog-application-springboot-rest-apis/src/main/java/com/mdtalalwasim/blog/app/controller/PostRestController.java,1,50,"package com.mdtalalwasim.blog.app.controller;

import java.io.IOException;
import java.io.InputStream;
import java.util.List;

import javax.print.attribute.standard.Media;


import org.springframework.beans.factory.annotation.Autowired;
import org.springframework.beans.factory.annotation.Value;
import org.springframework.boot.ApplicationArguments;
import org.springframework.http.HttpStatus;
import org.springframework.http.MediaType;
import org.springframework.http.ResponseEntity;
import org.springframework.util.StreamUtils;
import org.springframework.web.bind.annotation.DeleteMapping;
import org.springframework.web.bind.annotation.GetMapping;
import org.springframework.web.bind.annotation.PathVariable;
import org.springframework.web.bind.annotation.PostMapping;
import org.springframework.web.bind.annotation.PutMapping;
import org.springframework.web.bind.annotation.RequestBody;
import org.springframework.web.bind.annotation.RequestMapping;
import org.springframework.web.bind.annotation.RequestParam;
import org.springframework.web.bind.annotation.RestController;
import org.springframework.web.multipart.MultipartFile;

import com.mdtalalwasim.blog.app.config.ApplicationConstants;
import com.mdtalalwasim.blog.app.payloads.ApiResponse;
import com.mdtalalwasim.blog.app.payloads.PostDto;
import com.mdtalalwasim.blog.app.payloads.PostResponse;
import com.mdtalalwasim.blog.app.services.FileService;
import com.mdtalalwasim.blog.app.services.PostService;

import jakarta.servlet.http.HttpServletRequest;
import jakarta.servlet.http.HttpServletResponse;
import jakarta.validation.Valid;

@RestController
@RequestMapping(""/api/"")
public class PostRestController {

	@Autowired
	PostService postService;
	
	@Autowired
	private FileService fileService;
	
	@Value(""${project.image}"")
	private String path;",,,,,,,
ITEM_009,JD_JAVA_04,Java Microservices Fresher,Fresher,Distributed Systems & Supply Chain,"Java 17+, Spring Boot, Apache Kafka, Spring Data JPA, MySQL/PostgreSQL, Docker / Docker Compose",mewebstudio/java-spring-boot-boilerplate,src/main/java/com/mewebstudio/javaspringbootboilerplate/controller/AccountController.java,66,106,"@PostMapping(""/password"")
    @Operation(
        summary = ""Password update endpoint"",
        security = @SecurityRequirement(name = SECURITY_SCHEME_NAME),
        responses = {
            @ApiResponse(
                responseCode = ""200"",
                description = ""Successful operation"",
                content = @Content(
                    mediaType = ""application/json"",
                    schema = @Schema(implementation = SuccessResponse.class)
                )
            ),
            @ApiResponse(
                responseCode = ""401"",
                description = ""Bad credentials"",
                content = @Content(
                    mediaType = MediaType.APPLICATION_JSON_VALUE,
                    schema = @Schema(implementation = ErrorResponse.class)
                )
            ),
            @ApiResponse(
                responseCode = ""422"",
                description = ""Validation failed"",
                content = @Content(
                    mediaType = MediaType.APPLICATION_JSON_VALUE,
                    schema = @Schema(implementation = DetailedErrorResponse.class)
                )
            )
        }
    )
    public ResponseEntity<SuccessResponse> password(
        @Parameter(description = ""Request body to update password"", required = true)
        @RequestBody @Valid UpdatePasswordRequest request
    ) throws BindException {
        userService.updatePassword(request);

        return ResponseEntity.ok(SuccessResponse.builder()
            .message(messageSourceService.get(""your_password_updated""))
            .build());
    }",,,,,,,
ITEM_010,JD_REACT_09,Frontend Web Developer,Intern / Fresher,Service Discovery & Booking Platform,"ReactJS, TypeScript, React Router, Axios",hoangtien2k3/ecommerce-microservices,auth-service/src/main/java/com/ecommerce/authservice/controller/AuthController.java,123,128,"private String resolveFrontendRedirect(String requested) {
        if (StringUtils.hasText(requested) && ssoProperties.getAllowedRedirectUris().contains(requested)) {
            return requested;
        }
        return ssoProperties.getDefaultFrontendRedirect();
    }",,,,,,,
ITEM_011,JD_JAVA_04,Java Microservices Fresher,Fresher,Distributed Systems & Supply Chain,"Java 17+, Spring Boot, Apache Kafka, Spring Data JPA, MySQL/PostgreSQL, Docker / Docker Compose",f-lab-edu/fast-shoppers,src/main/java/com/fastshoppers/entity/Product.java,1,50,"package com.fastshoppers.entity;

import java.math.BigDecimal;

import org.springframework.data.jpa.domain.support.AuditingEntityListener;

import jakarta.persistence.AttributeOverride;
import jakarta.persistence.Column;
import jakarta.persistence.Entity;
import jakarta.persistence.EntityListeners;
import jakarta.persistence.FetchType;
import jakarta.persistence.JoinColumn;
import jakarta.persistence.ManyToOne;
import jakarta.persistence.Table;
import lombok.AllArgsConstructor;
import lombok.Getter;
import lombok.NoArgsConstructor;
import lombok.Setter;
import lombok.ToString;

@Entity
@AttributeOverride(name = ""id"", column = @Column(name = ""product_id"", nullable = false))
@Table(name = ""product"")
@Getter
@Setter
@NoArgsConstructor
@AllArgsConstructor
@EntityListeners(AuditingEntityListener.class)
@ToString
public class Product extends BaseEntity {

	@Column(name = ""product_uuid"", nullable = false, unique = true)
	private String productUuid;

	@ManyToOne(fetch = FetchType.LAZY)
	@JoinColumn(name = ""category_id"", nullable = false)
	private Category category;

	@Column(name = ""product_name"", length = 255, nullable = false)
	private String productName;

	@Column(name = ""product_subtitle"", length = 255)
	private String productSubtitle;

	@Column(name = ""list_price"", nullable = false)
	private BigDecimal listPrice;

	@Column(name = ""selling_price"", nullable = false)
	private BigDecimal sellingPrice;
",,,,,,,
ITEM_012,JD_JAVA_11,Java Backend Developer,Fresher / Junior,Social Network & Technical Blogging Platform,"Java 17, Spring Boot 3, Spring Security 6, Spring Data JPA / Hibernate, PostgreSQL, Git",huseynovvusal/spring-blog-api,src/main/java/com/huseynovvusal/springblogapi/config/OpenAPIConfiguration.java,1,41,"package com.huseynovvusal.springblogapi.config;

import io.swagger.v3.oas.models.Components;
import io.swagger.v3.oas.models.OpenAPI;
import io.swagger.v3.oas.models.info.Info;
import io.swagger.v3.oas.models.security.SecurityScheme;
import io.swagger.v3.oas.models.servers.Server;
import java.util.List;
import org.springframework.beans.factory.annotation.Value;
import org.springframework.context.annotation.Bean;
import org.springframework.context.annotation.Configuration;

@Configuration
public class OpenAPIConfiguration {

  @Value(""${openapi.server.url}"")
  private String serverUrl;

  @Value(""${openapi.server.description}"")
  private String serverDescription;

  @Bean
  public OpenAPI defineOpenApi() {
    Server server = new Server();
    server.setUrl(serverUrl);
    server.setDescription(serverDescription);

    SecurityScheme securityScheme =
        new SecurityScheme().type(SecurityScheme.Type.HTTP).scheme(""bearer"").bearerFormat(""JWT"");

    Info information =
        new Info()
            .title(""Spring Blog API"")
            .version(""1.0"")
            .description(""Find all API endpoints and related info here..."");
    return new OpenAPI()
        .info(information)
        .servers(List.of(server))
        .components(new Components().addSecuritySchemes(""bearerAuth"", securityScheme));
  }
}",,,,,,,
ITEM_013,JD_JAVA_01,Backend Developer (Java / Spring Boot),Fresher,E-Commerce Platform,"Java, Spring Boot, Spring Security & JWT, Spring Data JPA / Hibernate, MySQL, Git",hoangtien2k3/ecommerce-microservices,auth-service/src/main/java/com/ecommerce/authservice/controller/AuthController.java,56,71,"@GetMapping(""/login"")
    public ResponseEntity<Void> ssoLogin(
            @RequestParam(value = ""redirect_uri"", required = false) String redirectUri) {
        String frontendRedirect = resolveFrontendRedirect(redirectUri);
        String state = ssoSessionStore.createLoginState(frontendRedirect);
        String authorizeUrl = UriComponentsBuilder.fromUriString(keycloakProperties.authorizationEndpoint())
                .queryParam(""client_id"", keycloakProperties.getClientId())
                .queryParam(""response_type"", ""code"")
                .queryParam(""scope"", ssoProperties.getScope())
                .queryParam(""redirect_uri"", ssoProperties.getBackendCallbackUrl())
                .queryParam(""state"", state)
                .build()
                .encode()
                .toUriString();
        return ResponseEntity.status(HttpStatus.FOUND).location(URI.create(authorizeUrl)).build();
    }",,,,,,,
ITEM_014,JD_REACT_03,Fullstack TypeScript Fresher,Fresher,Fullstack Web Application Development,"TypeScript, JavaScript (ES6+), ReactJS, Node.js / Express.js, JWT Authentication, MongoDB / PostgreSQL / MySQL",Rapter1990/parkinglot,src/main/java/com/project/parkinglot/payload/response/CustomPageResponse.java,35,43,"public static <T> CustomPageResponse<T> of(Page<T> page) {
        return CustomPageResponse.<T>builder()
                .content(page.getContent())
                .pageNumber(page.getNumber())
                .pageSize(page.getSize())
                .totalPageCount(page.getTotalPages())
                .totalElementCount(page.getTotalElements())
                .build();
    }",,,,,,,
ITEM_015,JD_JAVA_11,Java Backend Developer,Fresher / Junior,Social Network & Technical Blogging Platform,"Java 17, Spring Boot 3, Spring Security 6, Spring Data JPA / Hibernate, PostgreSQL, Git",mdtalalwasim/blog-application-spring-boot-rest-api,blog-application-springboot-rest-apis/src/main/java/com/mdtalalwasim/blog/app/BlogApplicationSpringbootRestApisApplication.java,46,76,"@Override
	public void run(String... args) throws Exception {
		System.out.println(this.passwordEncoder.encode(""123456""));
		System.out.println(this.passwordEncoder.encode(""selim""));
		
		
		try {
			
			//create 2 Role, When Application run 1st time. if role is created before then it will not created again.
			Role role = new Role();
			role.setId(ApplicationConstants.ADMIN_USER_ID_HARDCODED_ID_VALUE);//role.setId(7001);
			role.setName(""ADMIN_USER"");
			
			Role role2 = new Role();
			role2.setId(ApplicationConstants.NORMAL_USER_ID_HARDCODED_ID_VALUE);//role.setId(7001);
			role2.setName(""NORMAL_USER"");
			
			List<Role> roles = List.of(role,role2);
			
			List<Role> rolesResult	 = this.roleRepository.saveAll(roles);
			
			//only systout for personal check.
			rolesResult.forEach(r->{
				System.out.println(r.getName());  
			});
			
			
		} catch (Exception e) {
			
		}
	}",,,,,,,
ITEM_016,JD_JAVA_11,Java Backend Developer,Fresher / Junior,Social Network & Technical Blogging Platform,"Java 17, Spring Boot 3, Spring Security 6, Spring Data JPA / Hibernate, PostgreSQL, Git",mdtalalwasim/blog-application-spring-boot-rest-api,blog-application-springboot-rest-apis/src/main/java/com/mdtalalwasim/blog/app/entity/Category.java,1,43,"package com.mdtalalwasim.blog.app.entity;

import java.util.ArrayList;
import java.util.List;

import jakarta.persistence.CascadeType;
import jakarta.persistence.Column;
import jakarta.persistence.Entity;
import jakarta.persistence.GeneratedValue;
import jakarta.persistence.GenerationType;
import jakarta.persistence.Id;
import jakarta.persistence.OneToMany;
import jakarta.persistence.Table;
import lombok.Getter;
import lombok.NoArgsConstructor;
import lombok.Setter;

@Entity
@Table(name = ""categories"")
@Setter
@Getter
@NoArgsConstructor
public class Category {
	
	@Id
	@GeneratedValue(strategy = GenerationType.IDENTITY)
	
	private int id;
	
	@Column(name = ""title"", length = 100, nullable = false)
	private String categoryTitle;
	
	@Column(name = ""description"")
	private String categoryDescription;
	
	@OneToMany(mappedBy = ""category"", cascade = CascadeType.ALL)
	List<Post> posts = new ArrayList<>(); 
	
	
	


}",,,,,,,
ITEM_017,JD_JAVA_01,Backend Developer (Java / Spring Boot),Fresher,E-Commerce Platform,"Java, Spring Boot, Spring Security & JWT, Spring Data JPA / Hibernate, MySQL, Git",hoangtien2k3/ecommerce-microservices,auth-service/src/main/java/com/ecommerce/authservice/controller/RoleController.java,1,50,"package com.ecommerce.authservice.controller;

import com.ecommerce.authservice.service.RoleService;
import com.ecommerce.commonlib.constants.ApiPaths;
import com.ecommerce.commonlib.exception.BusinessException;
import com.ecommerce.commonlib.exception.ErrorCode;
import com.ecommerce.commonlib.viewmodel.ApiResponse;
import jakarta.validation.constraints.NotBlank;
import lombok.RequiredArgsConstructor;
import org.springframework.security.access.prepost.PreAuthorize;
import org.springframework.validation.annotation.Validated;
import org.springframework.web.bind.annotation.GetMapping;
import org.springframework.web.bind.annotation.PathVariable;
import org.springframework.web.bind.annotation.PostMapping;
import org.springframework.web.bind.annotation.RequestBody;
import org.springframework.web.bind.annotation.RequestMapping;
import org.springframework.web.bind.annotation.RestController;

import org.slf4j.Logger;
import org.slf4j.LoggerFactory;
import java.util.List;

@RestController
@RequestMapping(ApiPaths.ROLES)
@RequiredArgsConstructor
@Validated
public class RoleController {

    private static final Logger log = LoggerFactory.getLogger(RoleController.class);

    private final RoleService roleService;

    @PostMapping(""/users/{userId}/assign"")
    @PreAuthorize(""hasAuthority('ADMIN')"")
    public ApiResponse<Void> assignRoles(@PathVariable Long userId,
                                         @RequestBody @NotBlank String roleNames) {
        if (!roleService.assignRole(userId, roleNames)) {
            throw BusinessException.of(ErrorCode.CONFLICT);
        }
        return ApiResponse.message(""Roles assigned to user "" + userId);
    }

    @PostMapping(""/users/{userId}/revoke"")
    @PreAuthorize(""hasAuthority('ADMIN')"")
    public ApiResponse<Void> revokeRoles(@PathVariable Long userId,
                                         @RequestBody @NotBlank String roleNames) {
        if (!roleService.revokeRole(userId, roleNames)) {
            throw BusinessException.of(ErrorCode.CONFLICT);
        }
        return ApiResponse.message(""Roles revoked from user "" + userId);",,,,,,,
ITEM_018,JD_JAVA_04,Java Microservices Fresher,Fresher,Distributed Systems & Supply Chain,"Java 17+, Spring Boot, Apache Kafka, Spring Data JPA, MySQL/PostgreSQL, Docker / Docker Compose",osopromadze/Spring-Boot-Blog-REST-API,src/main/java/com/sopromadze/blogapi/config/SecutiryConfig.java,34,40,"@Autowired
	public SecutiryConfig(UserRepository userRepository, CustomUserDetailsServiceImpl customUserDetailsService,
			JwtAuthenticationEntryPoint unauthorizedHandler, JwtAuthenticationFilter jwtAuthenticationFilter) {
		this.customUserDetailsService = customUserDetailsService;
		this.unauthorizedHandler = unauthorizedHandler;
		this.jwtAuthenticationFilter = jwtAuthenticationFilter;
	}",,,,,,,
ITEM_019,JD_JAVA_09,Java Backend Intern,Intern,Digital Library & Bookstore API,"Java Core, Spring Boot, Spring Data JPA, MySQL/PostgreSQL",devdcores/BookStoreApp-Distributed-Application,bookstore-account-service/src/main/java/com/devd/spring/bookstoreaccountservice/config/AuthForwardInterceptor.java,23,28,"@Override
  public void apply(RequestTemplate template) {
    HttpServletRequest request = ((ServletRequestAttributes) Objects
        .requireNonNull(RequestContextHolder.getRequestAttributes())).getRequest();
    template.header(HttpHeaders.AUTHORIZATION, request.getHeader(HttpHeaders.AUTHORIZATION));
  }",,,,,,,
ITEM_020,JD_REACT_01,Frontend Developer Fresher (ReactJS / TypeScript),Fresher,E-Commerce Storefront & Order Management,"ReactJS, TypeScript, Redux Toolkit, Tailwind CSS, Git",JordanKnott/taskcafe,frontend/src/shared/components/Checklist/index.tsx,481,530,"type ChecklistTitleEditorProps = {
  name: string;
  onChangeName: (item: string) => void;
  onCancel: () => void;
};

const ChecklistTitleEditor = React.forwardRef(
  ({ name, onChangeName, onCancel }: ChecklistTitleEditorProps, $name: any) => {
    const [currentName, setCurrentName] = useState(name);
    return (
      <>
        <ChecklistNameEditor
          ref={$name}
          value={currentName}
          onChange={e => {
            setCurrentName(e.currentTarget.value);
          }}
          onKeyDown={e => {
            if (e.key === 'Enter') {
              onChangeName(currentName);
            }
          }}
        />
        <EditControls>
          <SaveButton
            onClick={() => {
              onChangeName(currentName);
            }}
            variant=""relief""
          >
            Save
          </SaveButton>
          <CancelButton
            onClick={e => {
              e.stopPropagation();
              onCancel();
            }}
          >
            <Cross width={20} height={20} />
          </CancelButton>
        </EditControls>
      </>
    );
  },
);
type ChecklistProps = {
  checklistID: string;
  onDeleteChecklist: ($target: React.RefObject<HTMLElement>, checklistID: string) => void;
  name: string;
  children: React.ReactNode;",,,,,,,
ITEM_021,JD_REACT_02,ReactJS / TypeScript Intern,Intern/Fresher,Digital Media & Streaming SPA,"HTML5/CSS3, JavaScript (ES6+), TypeScript, ReactJS",JordanKnott/taskcafe,frontend/src/shared/components/Button/index.tsx,1,50,"import React, { useRef } from 'react';
import styled, { css } from 'styled-components/macro';
import { mixin } from '../../utils/styles';

const Text = styled.span<{ fontSize: string; justifyTextContent: string; hasIcon?: boolean }>`
  position: relative;
  display: flex;
  align-items: center;
  justify-content: ${(props) => props.justifyTextContent};
  transition: all 0.2s ease;
  font-size: ${(props) => props.fontSize};
  color: ${(props) => props.theme.colors.text.secondary};
  ${(props) =>
    props.hasIcon &&
    css`
      padding-left: 4px;
    `}
`;

const Base = styled.button<{ color: string; disabled: boolean }>`
  transition: all 0.2s ease;
  position: relative;
  border: none;
  cursor: pointer;
  padding: 0.75rem 2rem;
  border-radius: ${(props) => props.theme.borderRadius.alternate};
  display: flex;
  align-items: center;

  ${(props) =>
    props.disabled &&
    css`
      opacity: 0.5;
      cursor: default;
      pointer-events: none;
    `}
`;

const Filled = styled(Base)<{ hoverVariant: HoverVariant }>`
  background: ${(props) => props.theme.colors[props.color]};
  ${(props) =>
    props.hoverVariant === 'boxShadow' &&
    css`
      &:hover {
        box-shadow: 0 8px 25px -8px ${props.theme.colors[props.color]};
      }
    `}
`;

const Outline = styled(Base)<{ invert: boolean }>`",,,,,,,
ITEM_022,JD_JAVA_08,Junior Java Software Engineer,Junior,Logistics & Fleet Management,"Java 17, Spring Boot, Spring Data JPA, MySQL/PostgreSQL, MapStruct, Bean Validation",mdtalalwasim/blog-application-spring-boot-rest-api,blog-application-springboot-rest-apis/src/main/java/com/mdtalalwasim/blog/app/controller/UserRestController.java,1,50,"package com.mdtalalwasim.blog.app.controller;

import java.util.List;
import java.util.Map;

import org.springframework.beans.factory.annotation.Autowired;
import org.springframework.http.HttpStatus;
import org.springframework.http.ResponseEntity;
import org.springframework.security.access.prepost.PreAuthorize;
import org.springframework.web.bind.annotation.DeleteMapping;
import org.springframework.web.bind.annotation.GetMapping;
import org.springframework.web.bind.annotation.PathVariable;
import org.springframework.web.bind.annotation.PostMapping;
import org.springframework.web.bind.annotation.PutMapping;
import org.springframework.web.bind.annotation.RequestBody;
import org.springframework.web.bind.annotation.RequestMapping;
import org.springframework.web.bind.annotation.RestController;

import com.mdtalalwasim.blog.app.payloads.ApiResponse;
import com.mdtalalwasim.blog.app.payloads.UserDto;
import com.mdtalalwasim.blog.app.services.UserService;

import jakarta.validation.Valid;

@RestController
@RequestMapping(""/api/users"")
public class UserRestController {
	
	@Autowired
	private UserService userService;
	
	
	//create user
	@PostMapping(""/"")
	public ResponseEntity<UserDto> createUser(@Valid @RequestBody UserDto userDto){
		UserDto createdUserDto = this.userService.createUser(userDto);
		return new ResponseEntity<>(createdUserDto,HttpStatus.CREATED);
		
	}
	
	//update user
	@PutMapping(""/{userId}"")
	public ResponseEntity<UserDto> updateUser(@Valid @RequestBody UserDto userDto, @PathVariable Integer userId){
		UserDto updatedUser = this.userService.updateUser(userDto, userId);
		//return new ResponseEntity<UserDto>(updatedUser,HttpStatus.OK);//or
		return  ResponseEntity.ok(updatedUser);
	}
	
	//to make access for only ADMIN ROLE.  
	//Admin can delete only",,,,,,,
ITEM_023,JD_REACT_05,Next.js & TypeScript Frontend Developer,Fresher / Junior,High-Performance Web & Digital Commerce,"ReactJS, TypeScript, Next.js, Tailwind CSS, RESTful API / GraphQL",RishiBakshii/mern-chat-app,next-js-frontend/src/app/auth/reset-password/page.tsx,62,68,"export default function Page(){
  return (
    <Suspense fallback={<span>Loading...</span>}>
      <ResetPasswordPageContent/>
    </Suspense>
  )
}",,,,,,,
ITEM_024,JD_JAVA_05,Backend Developer (Java/Spring Boot),Fresher,EdTech & Learning Management Systems (LMS),"Java Core, Spring Boot, Spring Security, Spring Data JPA, MySQL",mdtalalwasim/blog-application-spring-boot-rest-api,blog-application-springboot-rest-apis/src/main/java/com/mdtalalwasim/blog/app/controller/AuthRestController.java,1,50,"package com.mdtalalwasim.blog.app.controller;

import org.springframework.beans.factory.annotation.Autowired;
import org.springframework.http.HttpStatus;
import org.springframework.http.ResponseEntity;
import org.springframework.security.authentication.AuthenticationManager;
import org.springframework.security.authentication.BadCredentialsException;
import org.springframework.security.authentication.UsernamePasswordAuthenticationToken;
import org.springframework.security.core.userdetails.UserDetails;
import org.springframework.security.core.userdetails.UserDetailsService;
import org.springframework.web.bind.annotation.PostMapping;
import org.springframework.web.bind.annotation.RequestBody;
import org.springframework.web.bind.annotation.RequestMapping;
import org.springframework.web.bind.annotation.RestController;

import com.mdtalalwasim.blog.app.exceptions.ApiExceptionHandler;
import com.mdtalalwasim.blog.app.payloads.JwtAuthenticationRequest;
import com.mdtalalwasim.blog.app.payloads.JwtAuthenticationResponse;
import com.mdtalalwasim.blog.app.payloads.UserDto;
import com.mdtalalwasim.blog.app.security.JwtTokenHelper;
import com.mdtalalwasim.blog.app.services.UserService;

@RestController
@RequestMapping(""/api/auth/"")
public class AuthRestController {
	
	
	@Autowired
	private JwtTokenHelper jwtTokenHelper;
	
	@Autowired
	private UserDetailsService userDetailsService;
	
	@Autowired
	private UserService userService;
	
	@Autowired
	private AuthenticationManager authenticationManager;
	
	@PostMapping(""/login"")//url is /api/auth/login
	public ResponseEntity<JwtAuthenticationResponse> createToken(@RequestBody JwtAuthenticationRequest request) throws Exception{
		
		//authenticate method body define below
		this.authenticate(request.getUsername(), request.getPassword());
		//if authentication going well, then we need to generate our token.
		
		UserDetails userDetails = this.userDetailsService.loadUserByUsername(request.getUsername());
		
		String ourGeneratedToken = this.jwtTokenHelper.generateToken(userDetails);//generateToken takes userDetails
		JwtAuthenticationResponse response = new JwtAuthenticationResponse();",,,,,,,
ITEM_025,JD_JAVA_09,Java Backend Intern,Intern,Digital Library & Bookstore API,"Java Core, Spring Boot, Spring Data JPA, MySQL/PostgreSQL",mewebstudio/java-spring-boot-boilerplate,src/main/java/com/mewebstudio/javaspringbootboilerplate/controller/AccountController.java,1,50,"package com.mewebstudio.javaspringbootboilerplate.controller;

import com.mewebstudio.javaspringbootboilerplate.dto.request.user.UpdatePasswordRequest;
import com.mewebstudio.javaspringbootboilerplate.dto.response.DetailedErrorResponse;
import com.mewebstudio.javaspringbootboilerplate.dto.response.ErrorResponse;
import com.mewebstudio.javaspringbootboilerplate.dto.response.SuccessResponse;
import com.mewebstudio.javaspringbootboilerplate.dto.response.user.UserResponse;
import com.mewebstudio.javaspringbootboilerplate.service.MessageSourceService;
import com.mewebstudio.javaspringbootboilerplate.service.UserService;
import io.swagger.v3.oas.annotations.Operation;
import io.swagger.v3.oas.annotations.Parameter;
import io.swagger.v3.oas.annotations.media.Content;
import io.swagger.v3.oas.annotations.media.Schema;
import io.swagger.v3.oas.annotations.responses.ApiResponse;
import io.swagger.v3.oas.annotations.security.SecurityRequirement;
import io.swagger.v3.oas.annotations.tags.Tag;
import jakarta.validation.Valid;
import lombok.RequiredArgsConstructor;
import org.springframework.http.MediaType;
import org.springframework.http.ResponseEntity;
import org.springframework.validation.BindException;
import org.springframework.web.bind.annotation.GetMapping;
import org.springframework.web.bind.annotation.PostMapping;
import org.springframework.web.bind.annotation.RequestBody;
import org.springframework.web.bind.annotation.RequestMapping;
import org.springframework.web.bind.annotation.RestController;

import static com.mewebstudio.javaspringbootboilerplate.util.Constants.SECURITY_SCHEME_NAME;

@RestController
@RequiredArgsConstructor
@RequestMapping(""/account"")
@Tag(name = ""002. Account"", description = ""Account API"")
public class AccountController extends AbstractBaseController {
    private final UserService userService;

    private final MessageSourceService messageSourceService;

    @GetMapping(""/me"")
    @Operation(
        summary = ""Me endpoint"",
        security = @SecurityRequirement(name = SECURITY_SCHEME_NAME),
        responses = {
            @ApiResponse(
                responseCode = ""200"",
                description = ""Successful operation"",
                content = @Content(
                    mediaType = ""application/json"",
                    schema = @Schema(implementation = UserResponse.class)
                )",,,,,,,
ITEM_026,JD_JAVA_09,Java Backend Intern,Intern,Digital Library & Bookstore API,"Java Core, Spring Boot, Spring Data JPA, MySQL/PostgreSQL",devdcores/BookStoreApp-Distributed-Application,bookstore-account-service/src/main/java/com/devd/spring/bookstoreaccountservice/config/AuthorizationServerConfig.java,1,50,"package com.devd.spring.bookstoreaccountservice.config;

import com.devd.spring.bookstoreaccountservice.repository.UserRepository;
import com.devd.spring.bookstoreaccountservice.service.AppUserDetailsService;
import org.apache.commons.io.IOUtils;
import org.springframework.beans.factory.annotation.Autowired;
import org.springframework.beans.factory.annotation.Value;
import org.springframework.context.annotation.Bean;
import org.springframework.context.annotation.Configuration;
import org.springframework.context.annotation.Primary;
import org.springframework.core.io.Resource;
import org.springframework.security.authentication.AuthenticationManager;
import org.springframework.security.core.userdetails.User;
import org.springframework.security.crypto.password.PasswordEncoder;
import org.springframework.security.oauth2.common.DefaultOAuth2AccessToken;
import org.springframework.security.oauth2.common.OAuth2AccessToken;
import org.springframework.security.oauth2.config.annotation.configurers.ClientDetailsServiceConfigurer;
import org.springframework.security.oauth2.config.annotation.web.configuration.AuthorizationServerConfigurerAdapter;
import org.springframework.security.oauth2.config.annotation.web.configuration.EnableAuthorizationServer;
import org.springframework.security.oauth2.config.annotation.web.configurers.AuthorizationServerEndpointsConfigurer;
import org.springframework.security.oauth2.config.annotation.web.configurers.AuthorizationServerSecurityConfigurer;
import org.springframework.security.oauth2.provider.OAuth2Authentication;
import org.springframework.security.oauth2.provider.token.DefaultTokenServices;
import org.springframework.security.oauth2.provider.token.TokenStore;
import org.springframework.security.oauth2.provider.token.store.JwtAccessTokenConverter;
import org.springframework.security.oauth2.provider.token.store.JwtTokenStore;
import org.springframework.security.oauth2.provider.token.store.KeyStoreKeyFactory;

import javax.sql.DataSource;
import java.io.IOException;
import java.security.KeyPair;
import java.util.HashMap;
import java.util.Map;
import java.util.Optional;

import static org.apache.commons.lang.CharEncoding.UTF_8;

/**
 * @author: Devaraj Reddy, Date : 2019-05-17
 */
@Configuration
@EnableAuthorizationServer
public class AuthorizationServerConfig extends AuthorizationServerConfigurerAdapter {

  @Autowired
  DataSource dataSource;

  @Autowired
  AppUserDetailsService appUserDetailsService;
",,,,,,,
ITEM_027,JD_JAVA_14,Backend Engineer (Java / Spring Boot),Intern/Fresher,HRTech & Recruitment Job Portal,"Java Core, Spring Boot, Spring Data JPA, Spring Security & JWT, PostgreSQL / MySQL",SaiUpadhyayula/spring-reddit-clone,src/main/java/com/programming/techie/springredditclone/controller/AuthController.java,1,50,"package com.programming.techie.springredditclone.controller;

import com.programming.techie.springredditclone.dto.AuthenticationResponse;
import com.programming.techie.springredditclone.dto.LoginRequest;
import com.programming.techie.springredditclone.dto.RefreshTokenRequest;
import com.programming.techie.springredditclone.dto.RegisterRequest;
import com.programming.techie.springredditclone.service.AuthService;
import com.programming.techie.springredditclone.service.RefreshTokenService;
import jakarta.validation.Valid;
import lombok.AllArgsConstructor;
import org.springframework.http.ResponseEntity;
import org.springframework.web.bind.annotation.*;

import static org.springframework.http.HttpStatus.OK;

@RestController
@RequestMapping(""/api/auth"")
@AllArgsConstructor
public class AuthController {

    private final AuthService authService;
    private final RefreshTokenService refreshTokenService;

    @PostMapping(""/signup"")
    public ResponseEntity<String> signup(@RequestBody RegisterRequest registerRequest) {
        authService.signup(registerRequest);
        return new ResponseEntity<>(""User Registration Successful"",
                OK);
    }

    @GetMapping(""accountVerification/{token}"")
    public ResponseEntity<String> verifyAccount(@PathVariable String token) {
        authService.verifyAccount(token);
        return new ResponseEntity<>(""Account Activated Successfully"", OK);
    }

    @PostMapping(""/login"")
    public AuthenticationResponse login(@RequestBody LoginRequest loginRequest) {
        return authService.login(loginRequest);
    }

    @PostMapping(""/refresh/token"")
    public AuthenticationResponse refreshTokens(@Valid @RequestBody RefreshTokenRequest refreshTokenRequest) {
        return authService.refreshToken(refreshTokenRequest);
    }

    @PostMapping(""/logout"")
    public ResponseEntity<String> logout(@Valid @RequestBody RefreshTokenRequest refreshTokenRequest) {
        refreshTokenService.deleteRefreshToken(refreshTokenRequest.getRefreshToken());
        return ResponseEntity.status(OK).body(""Refresh Token Deleted Successfully!!"");",,,,,,,
ITEM_028,JD_JAVA_01,Backend Developer (Java / Spring Boot),Fresher,E-Commerce Platform,"Java, Spring Boot, Spring Security & JWT, Spring Data JPA / Hibernate, MySQL, Git",jhcode33/react-spring-blog-backend,src/main/java/jhcode/blog/repository/FileRepository.java,1,8,"package jhcode.blog.repository;

import jhcode.blog.entity.FileEntity;
import org.springframework.data.jpa.repository.JpaRepository;

public interface FileRepository extends JpaRepository<FileEntity, Long> {

}",,,,,,,
ITEM_029,JD_REACT_01,Frontend Developer Fresher (ReactJS / TypeScript),Fresher,E-Commerce Storefront & Order Management,"ReactJS, TypeScript, Redux Toolkit, Tailwind CSS, Git",hoangtien2k3/ecommerce-microservices,auth-service/src/main/java/com/ecommerce/authservice/controller/AuthController.java,123,128,"private String resolveFrontendRedirect(String requested) {
        if (StringUtils.hasText(requested) && ssoProperties.getAllowedRedirectUris().contains(requested)) {
            return requested;
        }
        return ssoProperties.getDefaultFrontendRedirect();
    }",,,,,,,
ITEM_030,JD_JAVA_05,Backend Developer (Java/Spring Boot),Fresher,EdTech & Learning Management Systems (LMS),"Java Core, Spring Boot, Spring Security, Spring Data JPA, MySQL",Snailclimb/spring-security-jwt-guide,src/main/java/github/javaguide/springsecurityjwtguide/security/service/AuthService.java,1,50,"package github.javaguide.springsecurityjwtguide.security.service;

import github.javaguide.springsecurityjwtguide.security.common.utils.CurrentUserUtil;
import github.javaguide.springsecurityjwtguide.security.common.utils.JwtTokenUtil;
import github.javaguide.springsecurityjwtguide.security.dto.LoginRequest;
import github.javaguide.springsecurityjwtguide.security.entity.JwtUser;
import github.javaguide.springsecurityjwtguide.system.entity.User;
import github.javaguide.springsecurityjwtguide.system.exception.UserNameNotFoundException;
import github.javaguide.springsecurityjwtguide.system.service.UserService;
import lombok.RequiredArgsConstructor;
import lombok.extern.slf4j.Slf4j;
import org.springframework.beans.factory.annotation.Autowired;
import org.springframework.data.redis.core.StringRedisTemplate;
import org.springframework.security.authentication.BadCredentialsException;
import org.springframework.security.core.Authentication;
import org.springframework.security.core.GrantedAuthority;
import org.springframework.security.core.context.SecurityContextHolder;
import org.springframework.stereotype.Service;

import java.util.List;
import java.util.stream.Collectors;

/**
 * @author shuang.kou
 **/
@Service
@RequiredArgsConstructor(onConstructor = @__(@Autowired))
@Slf4j
public class AuthService {
    private final UserService userService;
    private final StringRedisTemplate stringRedisTemplate;
    private final CurrentUserUtil currentUserUtil;

    public String createToken(LoginRequest loginRequest) {
        User user = userService.find(loginRequest.getUsername());
        if (!userService.check(loginRequest.getPassword(), user.getPassword())) {
            throw new BadCredentialsException(""The user name or password is not correct."");
        }
        JwtUser jwtUser = new JwtUser(user);
        if (!jwtUser.isEnabled()) {
            throw new BadCredentialsException(""User is forbidden to login"");
        }
        List<String> authorities = jwtUser.getAuthorities()
                .stream()
                .map(GrantedAuthority::getAuthority)
                .collect(Collectors.toList());
        String token = JwtTokenUtil.createToken(user.getUserName(), user.getId().toString(), authorities, loginRequest.getRememberMe());
        stringRedisTemplate.opsForValue().set(user.getId().toString(), token);
        return token;
    }",,,,,,,
ITEM_031,JD_REACT_04,Frontend Engineer,Fresher,B2B SaaS Analytics & Reporting Dashboard,"ReactJS, TypeScript, TanStack React Query, Tailwind CSS, Recharts / Chart.js",mdtalalwasim/blog-application-spring-boot-rest-api,blog-application-springboot-rest-apis/src/main/java/com/mdtalalwasim/blog/app/config/SwaggerConfig.java,14,25,"@Bean
	public OpenAPI openAPI() {
		  
		 
		return new OpenAPI()
				.info(new Info().title(""Blog Application Beckend API"")
						.description(""This is blog application project api and Developed by Md. Talal Wasim"")
						.version(""1.0"")
						.contact(new Contact().name(""Md. Talal Wasim"").email(""md.talalwasim@gmail.com"").url(""https://mdtalalwasim.github.io/""))
						.license(new License().name(""Licence""))
						).externalDocs(new ExternalDocumentation().url(""https://mdtalalwasim.github.io/"").description(""This is external url""));
	}",,,,,,,
ITEM_032,JD_JAVA_04,Java Microservices Fresher,Fresher,Distributed Systems & Supply Chain,"Java 17+, Spring Boot, Apache Kafka, Spring Data JPA, MySQL/PostgreSQL, Docker / Docker Compose",mewebstudio/java-spring-boot-boilerplate,src/main/java/com/mewebstudio/javaspringbootboilerplate/controller/AccountController.java,39,64,"@GetMapping(""/me"")
    @Operation(
        summary = ""Me endpoint"",
        security = @SecurityRequirement(name = SECURITY_SCHEME_NAME),
        responses = {
            @ApiResponse(
                responseCode = ""200"",
                description = ""Successful operation"",
                content = @Content(
                    mediaType = ""application/json"",
                    schema = @Schema(implementation = UserResponse.class)
                )
            ),
            @ApiResponse(
                responseCode = ""401"",
                description = ""Bad credentials"",
                content = @Content(
                    mediaType = MediaType.APPLICATION_JSON_VALUE,
                    schema = @Schema(implementation = ErrorResponse.class)
                )
            )
        }
    )
    public ResponseEntity<UserResponse> me() {
        return ResponseEntity.ok(UserResponse.convert(userService.getUser()));
    }",,,,,,,
ITEM_033,JD_JAVA_08,Junior Java Software Engineer,Junior,Logistics & Fleet Management,"Java 17, Spring Boot, Spring Data JPA, MySQL/PostgreSQL, MapStruct, Bean Validation",mewebstudio/java-spring-boot-boilerplate,src/main/java/com/mewebstudio/javaspringbootboilerplate/controller/AccountController.java,39,64,"@GetMapping(""/me"")
    @Operation(
        summary = ""Me endpoint"",
        security = @SecurityRequirement(name = SECURITY_SCHEME_NAME),
        responses = {
            @ApiResponse(
                responseCode = ""200"",
                description = ""Successful operation"",
                content = @Content(
                    mediaType = ""application/json"",
                    schema = @Schema(implementation = UserResponse.class)
                )
            ),
            @ApiResponse(
                responseCode = ""401"",
                description = ""Bad credentials"",
                content = @Content(
                    mediaType = MediaType.APPLICATION_JSON_VALUE,
                    schema = @Schema(implementation = ErrorResponse.class)
                )
            )
        }
    )
    public ResponseEntity<UserResponse> me() {
        return ResponseEntity.ok(UserResponse.convert(userService.getUser()));
    }",,,,,,,
ITEM_034,JD_JAVA_15,Java Backend Fresher,Fresher,Retail & Warehouse Inventory Management,"Java 17, Spring Boot, Spring Data JPA, MySQL/PostgreSQL, JWT",krkarma777/online-store,src/main/java/com/bulkpurchase/domain/repository/review/ReviewRepository.java,1,50,"package com.bulkpurchase.domain.repository.review;

import com.bulkpurchase.domain.dto.review.ReviewDetailDTO;
import com.bulkpurchase.domain.entity.product.Product;
import com.bulkpurchase.domain.entity.review.Review;
import com.bulkpurchase.domain.entity.user.User;
import org.springframework.data.domain.Pageable;
import org.springframework.data.jpa.repository.JpaRepository;
import org.springframework.data.jpa.repository.Query;
import org.springframework.data.repository.query.Param;

import java.util.List;
import java.util.Optional;

public interface ReviewRepository extends JpaRepository<Review, Long> {

    Optional<Review> findByUserAndProduct(User user, Product product);
    @Query(""SELECT r, "" +
            ""(SELECT COUNT(f) FROM ReviewFeedback f WHERE f.review = r AND f.feedbackType = 'LIKE') AS likeCount, "" +
            ""(SELECT COUNT(f) FROM ReviewFeedback f WHERE f.review = r AND f.feedbackType = 'DISLIKE') AS dislikeCount "" +
            ""FROM Review r WHERE r.product = :product"")
    List<Object[]> findReviewDetailsWithFeedbackCountsByProduct(@Param(""product"") Product product);

    @Query(""SELECT COUNT(r) FROM Review r WHERE r.product.productID = :productID"")
    long countByProductID(@Param(""productID"") Long productID);

    // 특정 상품에 대한 리뷰 별점의 평균을 계산
    @Query(""SELECT AVG(r.rating) FROM Review r WHERE r.product.productID = :productID"")
    Double findAverageRatingByProductID(@Param(""productID"") Long productID);

    @Query(""SELECT new com.bulkpurchase.domain.dto.review.ReviewDetailDTO(r, "" +
            ""(SELECT COUNT(f) FROM ReviewFeedback f WHERE f.review = r AND f.feedbackType = com.bulkpurchase.domain.enums.FeedbackType.LIKE), "" +
            ""(SELECT COUNT(f) FROM ReviewFeedback f WHERE f.review = r AND f.feedbackType = com.bulkpurchase.domain.enums.FeedbackType.DISLIKE)) "" +
            ""FROM Review r WHERE r.reviewID = :reviewID"")
    Optional<ReviewDetailDTO> findReviewDetailsWithFeedbackCountsByReviewID(@Param(""reviewID"") Long reviewID);


    @Query(""SELECT r, "" +
            ""(SELECT COUNT(f) FROM ReviewFeedback f WHERE f.review = r AND f.feedbackType = com.bulkpurchase.domain.enums.FeedbackType.LIKE) AS likeCount, "" +
            ""(SELECT COUNT(f) FROM ReviewFeedback f WHERE f.review = r AND f.feedbackType = com.bulkpurchase.domain.enums.FeedbackType.DISLIKE) AS dislikeCount "" +
            ""FROM Review r WHERE r.product.user.userID = :userID "" +
            ""ORDER BY r.creationDate DESC"")
    List<Object[]> findAllReviewDetailsWithFeedbackCountsByUserId(@Param(""userID"") Long userID, Pageable page);

    @Query(""SELECT r, "" +
            ""(SELECT COUNT(f) FROM ReviewFeedback f WHERE f.review = r AND f.feedbackType = com.bulkpurchase.domain.enums.FeedbackType.LIKE) AS likeCount, "" +
            ""(SELECT COUNT(f) FROM ReviewFeedback f WHERE f.review = r AND f.feedbackType = com.bulkpurchase.domain.enums.FeedbackType.DISLIKE) AS dislikeCount "" +
            ""FROM Review r WHERE r.user.userID = :userID "" +
            ""ORDER BY r.creationDate DESC"")
    List<Object[]> findByUser(@Param(""userID"") Long userID, Pageable page);",,,,,,,
ITEM_035,JD_JAVA_11,Java Backend Developer,Fresher / Junior,Social Network & Technical Blogging Platform,"Java 17, Spring Boot 3, Spring Security 6, Spring Data JPA / Hibernate, PostgreSQL, Git",Snailclimb/spring-security-jwt-guide,src/main/java/github/javaguide/springsecurityjwtguide/security/service/AuthService.java,1,50,"package github.javaguide.springsecurityjwtguide.security.service;

import github.javaguide.springsecurityjwtguide.security.common.utils.CurrentUserUtil;
import github.javaguide.springsecurityjwtguide.security.common.utils.JwtTokenUtil;
import github.javaguide.springsecurityjwtguide.security.dto.LoginRequest;
import github.javaguide.springsecurityjwtguide.security.entity.JwtUser;
import github.javaguide.springsecurityjwtguide.system.entity.User;
import github.javaguide.springsecurityjwtguide.system.exception.UserNameNotFoundException;
import github.javaguide.springsecurityjwtguide.system.service.UserService;
import lombok.RequiredArgsConstructor;
import lombok.extern.slf4j.Slf4j;
import org.springframework.beans.factory.annotation.Autowired;
import org.springframework.data.redis.core.StringRedisTemplate;
import org.springframework.security.authentication.BadCredentialsException;
import org.springframework.security.core.Authentication;
import org.springframework.security.core.GrantedAuthority;
import org.springframework.security.core.context.SecurityContextHolder;
import org.springframework.stereotype.Service;

import java.util.List;
import java.util.stream.Collectors;

/**
 * @author shuang.kou
 **/
@Service
@RequiredArgsConstructor(onConstructor = @__(@Autowired))
@Slf4j
public class AuthService {
    private final UserService userService;
    private final StringRedisTemplate stringRedisTemplate;
    private final CurrentUserUtil currentUserUtil;

    public String createToken(LoginRequest loginRequest) {
        User user = userService.find(loginRequest.getUsername());
        if (!userService.check(loginRequest.getPassword(), user.getPassword())) {
            throw new BadCredentialsException(""The user name or password is not correct."");
        }
        JwtUser jwtUser = new JwtUser(user);
        if (!jwtUser.isEnabled()) {
            throw new BadCredentialsException(""User is forbidden to login"");
        }
        List<String> authorities = jwtUser.getAuthorities()
                .stream()
                .map(GrantedAuthority::getAuthority)
                .collect(Collectors.toList());
        String token = JwtTokenUtil.createToken(user.getUserName(), user.getId().toString(), authorities, loginRequest.getRememberMe());
        stringRedisTemplate.opsForValue().set(user.getId().toString(), token);
        return token;
    }",,,,,,,
ITEM_036,JD_REACT_06,Junior ReactJS Developer,Junior,Productivity & Collaborative Kanban System,"ReactJS, TypeScript, Redux Toolkit / Zustand, React Hook Form & Zod/Yup, Tailwind CSS / CSS-in-JS",ZahraMirzaei/online-shop,components/carousel/Slide.tsx,12,38,"const Slide: React.FC<Props> = ({ title, description, bgImg, url }) => {
  const { t } = useLanguage();

  return (
    <>
      <div
        className={`relative w-[100%] h-[50vh] md:h-[70vh] bg-cover bg-center bg-no-repeat`}
        style={{ backgroundImage: `${bgImg}` }}
      >
        <Link href={url}>
          <a className=""block"">
            <div
              className={`backdrop-filter backdrop-blur-[12px] bg-palette-card/60 p-3 md:p-8 lg:p-10 shadow-lg md:overflow-hidden ltr:text-left rtl:text-right rounded-md md:w-[60%] lg:w-[50%] md:mt-auto absolute bottom-0 md:top-[45%] md:right-[25%] md:bottom-auto`}
            >
              <h3 className=""text-lg md:text-2xl lg:text-3xl font-medium"">
                {t[`${title}`]}
              </h3>
              <p className=""text-[13px] md:text-lg mt-2 md:mt-4 lg:mt-8"">
                {t[`${description}`]}
              </p>
            </div>
          </a>
        </Link>
      </div>
    </>
  );
};",,,,,,,
ITEM_037,JD_JAVA_15,Java Backend Fresher,Fresher,Retail & Warehouse Inventory Management,"Java 17, Spring Boot, Spring Data JPA, MySQL/PostgreSQL, JWT",mewebstudio/java-spring-boot-boilerplate,src/main/java/com/mewebstudio/javaspringbootboilerplate/controller/AccountController.java,41,90,"        summary = ""Me endpoint"",
        security = @SecurityRequirement(name = SECURITY_SCHEME_NAME),
        responses = {
            @ApiResponse(
                responseCode = ""200"",
                description = ""Successful operation"",
                content = @Content(
                    mediaType = ""application/json"",
                    schema = @Schema(implementation = UserResponse.class)
                )
            ),
            @ApiResponse(
                responseCode = ""401"",
                description = ""Bad credentials"",
                content = @Content(
                    mediaType = MediaType.APPLICATION_JSON_VALUE,
                    schema = @Schema(implementation = ErrorResponse.class)
                )
            )
        }
    )
    public ResponseEntity<UserResponse> me() {
        return ResponseEntity.ok(UserResponse.convert(userService.getUser()));
    }

    @PostMapping(""/password"")
    @Operation(
        summary = ""Password update endpoint"",
        security = @SecurityRequirement(name = SECURITY_SCHEME_NAME),
        responses = {
            @ApiResponse(
                responseCode = ""200"",
                description = ""Successful operation"",
                content = @Content(
                    mediaType = ""application/json"",
                    schema = @Schema(implementation = SuccessResponse.class)
                )
            ),
            @ApiResponse(
                responseCode = ""401"",
                description = ""Bad credentials"",
                content = @Content(
                    mediaType = MediaType.APPLICATION_JSON_VALUE,
                    schema = @Schema(implementation = ErrorResponse.class)
                )
            ),
            @ApiResponse(
                responseCode = ""422"",
                description = ""Validation failed"",
                content = @Content(",,,,,,,
ITEM_038,JD_JAVA_15,Java Backend Fresher,Fresher,Retail & Warehouse Inventory Management,"Java 17, Spring Boot, Spring Data JPA, MySQL/PostgreSQL, JWT",mdtalalwasim/blog-application-spring-boot-rest-api,blog-application-springboot-rest-apis/src/main/java/com/mdtalalwasim/blog/app/controller/CategoryRestController.java,1,50,"package com.mdtalalwasim.blog.app.controller;

import java.util.List;

import org.springframework.beans.factory.annotation.Autowired;
import org.springframework.http.HttpStatus;
import org.springframework.http.ResponseEntity;
import org.springframework.web.bind.annotation.DeleteMapping;
import org.springframework.web.bind.annotation.GetMapping;
import org.springframework.web.bind.annotation.PathVariable;
import org.springframework.web.bind.annotation.PostMapping;
import org.springframework.web.bind.annotation.PutMapping;
import org.springframework.web.bind.annotation.RequestBody;
import org.springframework.web.bind.annotation.RequestMapping;
import org.springframework.web.bind.annotation.RestController;

import com.mdtalalwasim.blog.app.payloads.ApiResponse;
import com.mdtalalwasim.blog.app.payloads.CategoryDto;
import com.mdtalalwasim.blog.app.services.CategoryService;

import jakarta.validation.Valid;

@RestController
@RequestMapping(""/api/categories"")
public class CategoryRestController {
	
	@Autowired
	private CategoryService categoryService;
	
	@PostMapping(""/"")
	public ResponseEntity<CategoryDto> createCategory(@Valid @RequestBody CategoryDto categoryDto){
		System.out.println(""Inside Create Cat"");
		CategoryDto createdCategory = this.categoryService.createCategory(categoryDto);
		
		return new ResponseEntity<CategoryDto>(createdCategory, HttpStatus.CREATED);
	}
	
	@PutMapping(""/{catId}"")
	public ResponseEntity<CategoryDto> updateCategory(@Valid @RequestBody CategoryDto categoryDto, @PathVariable(""catId"") Integer catId){
		CategoryDto updateCategory = this.categoryService.updateCategory(categoryDto, catId);
		
		return new ResponseEntity<CategoryDto>(updateCategory, HttpStatus.OK);
	}
	
	@DeleteMapping(""/{catId}"")
	public ResponseEntity<ApiResponse> deleteCategory(@PathVariable(""catId"") Integer catId){
		this.categoryService.deleteCategory(catId);
		
		return new ResponseEntity<ApiResponse>(new ApiResponse(""Category Deleted Successfully!"", true), HttpStatus.OK);
	}",,,,,,,
ITEM_039,JD_REACT_07,Frontend Developer Intern/Fresher,Intern/Fresher,Real-Time Collaboration & Messaging,"ReactJS, TypeScript, WebSocket / Socket.io-client, Zustand / Redux Toolkit / React Context API, Tailwind CSS / SCSS",RishiBakshii/mern-chat-app,backend/src/controllers/auth.controller.ts,1,50,"import { NextFunction, Request, Response } from ""express"";
import jwt from 'jsonwebtoken';
import { config } from ""../config/env.config.js"";
import type { AuthenticatedRequest, OAuthAuthenticatedRequest } from ""../interfaces/auth/auth.interface.js"";
import { prisma } from '../lib/prisma.lib.js';
import type { fcmTokenSchemaType } from ""../schemas/auth.schema.js"";
import { env } from ""../schemas/env.schema.js"";
import { CustomError, asyncErrorHandler } from ""../utils/error.utils.js"";


const getUserInfo = asyncErrorHandler(async(req:AuthenticatedRequest,res:Response,next:NextFunction)=>{
    const user = req.user
    const secureUserInfo = {
        id:user.id,
        name:user.name,
        username:user.username,
        avatar:user.avatar,
        email:user.email,
        createdAt:user.createdAt,
        updatedAt:user.updatedAt,
        emailVerified:user.emailVerified,
        publicKey:user.publicKey,
        notificationsEnabled:user.notificationsEnabled,
        verificationBadge:user.verificationBadge,
        fcmToken:user.fcmToken,
        oAuthSignup:user.oAuthSignup
    }
    return res.status(200).json(secureUserInfo)
})

const updateFcmToken = asyncErrorHandler(async(req:AuthenticatedRequest,res:Response,next:NextFunction)=>{

    const {fcmToken}:fcmTokenSchemaType = req.body

    const user =  await prisma.user.update({
        where:{
            id:req.user.id
        },
        data:{
            fcmToken
        }
    })
    return res.status(200).json({fcmToken:user.fcmToken})
})

const checkAuth = asyncErrorHandler(async(req:AuthenticatedRequest,res:Response,next:NextFunction)=>{
    if(req.user){
        const secureUserInfo = {
            id:req.user.id,
            name:req.user.name,",,,,,,,
ITEM_040,JD_JAVA_02,Junior Java Developer,Intern/Fresher,Enterprise Web & HRM Systems,"Java, Spring Boot, Spring Data JPA, PostgreSQL, JUnit",Angel-Raa/spring-security-jwt-authentication-and-authorization,src/main/java/com/github/angel/raa/modules/persistence/repository/ProductRepository.java,1,6,"package com.github.angel.raa.modules.persistence.repository;

import com.github.angel.raa.modules.persistence.models.Product;
import org.springframework.data.jpa.repository.JpaRepository;

public interface ProductRepository extends JpaRepository<Product, Long> { }",,,,,,,
ITEM_041,JD_REACT_04,Frontend Engineer,Fresher,B2B SaaS Analytics & Reporting Dashboard,"ReactJS, TypeScript, TanStack React Query, Tailwind CSS, Recharts / Chart.js",mdtalalwasim/blog-application-spring-boot-rest-api,blog-application-springboot-rest-apis/src/main/java/com/mdtalalwasim/blog/app/controller/AuthRestController.java,1,50,"package com.mdtalalwasim.blog.app.controller;

import org.springframework.beans.factory.annotation.Autowired;
import org.springframework.http.HttpStatus;
import org.springframework.http.ResponseEntity;
import org.springframework.security.authentication.AuthenticationManager;
import org.springframework.security.authentication.BadCredentialsException;
import org.springframework.security.authentication.UsernamePasswordAuthenticationToken;
import org.springframework.security.core.userdetails.UserDetails;
import org.springframework.security.core.userdetails.UserDetailsService;
import org.springframework.web.bind.annotation.PostMapping;
import org.springframework.web.bind.annotation.RequestBody;
import org.springframework.web.bind.annotation.RequestMapping;
import org.springframework.web.bind.annotation.RestController;

import com.mdtalalwasim.blog.app.exceptions.ApiExceptionHandler;
import com.mdtalalwasim.blog.app.payloads.JwtAuthenticationRequest;
import com.mdtalalwasim.blog.app.payloads.JwtAuthenticationResponse;
import com.mdtalalwasim.blog.app.payloads.UserDto;
import com.mdtalalwasim.blog.app.security.JwtTokenHelper;
import com.mdtalalwasim.blog.app.services.UserService;

@RestController
@RequestMapping(""/api/auth/"")
public class AuthRestController {
	
	
	@Autowired
	private JwtTokenHelper jwtTokenHelper;
	
	@Autowired
	private UserDetailsService userDetailsService;
	
	@Autowired
	private UserService userService;
	
	@Autowired
	private AuthenticationManager authenticationManager;
	
	@PostMapping(""/login"")//url is /api/auth/login
	public ResponseEntity<JwtAuthenticationResponse> createToken(@RequestBody JwtAuthenticationRequest request) throws Exception{
		
		//authenticate method body define below
		this.authenticate(request.getUsername(), request.getPassword());
		//if authentication going well, then we need to generate our token.
		
		UserDetails userDetails = this.userDetailsService.loadUserByUsername(request.getUsername());
		
		String ourGeneratedToken = this.jwtTokenHelper.generateToken(userDetails);//generateToken takes userDetails
		JwtAuthenticationResponse response = new JwtAuthenticationResponse();",,,,,,,
ITEM_042,JD_JAVA_02,Junior Java Developer,Intern/Fresher,Enterprise Web & HRM Systems,"Java, Spring Boot, Spring Data JPA, PostgreSQL, JUnit",jhcode33/react-spring-blog-backend,src/main/java/jhcode/blog/controller/BoardController.java,67,73,"@PatchMapping(""/{boardId}/update"")
    public ResponseEntity<ResBoardDetailsDto> update(
            @PathVariable Long boardId,
            @RequestBody BoardUpdateDto boardDTO) {
        ResBoardDetailsDto updateBoardDTO = boardService.update(boardId, boardDTO);
        return ResponseEntity.status(HttpStatus.OK).body(updateBoardDTO);
    }",,,,,,,
ITEM_043,JD_JAVA_10,Fresher Backend Developer,Fresher,Hospitality & Online Travel Agency (OTA),"Java 17, Spring Boot, Spring Security, Spring Data JPA, MySQL / PostgreSQL, Redis",mewebstudio/java-spring-boot-boilerplate,src/main/java/com/mewebstudio/javaspringbootboilerplate/controller/AccountController.java,81,130,"                description = ""Bad credentials"",
                content = @Content(
                    mediaType = MediaType.APPLICATION_JSON_VALUE,
                    schema = @Schema(implementation = ErrorResponse.class)
                )
            ),
            @ApiResponse(
                responseCode = ""422"",
                description = ""Validation failed"",
                content = @Content(
                    mediaType = MediaType.APPLICATION_JSON_VALUE,
                    schema = @Schema(implementation = DetailedErrorResponse.class)
                )
            )
        }
    )
    public ResponseEntity<SuccessResponse> password(
        @Parameter(description = ""Request body to update password"", required = true)
        @RequestBody @Valid UpdatePasswordRequest request
    ) throws BindException {
        userService.updatePassword(request);

        return ResponseEntity.ok(SuccessResponse.builder()
            .message(messageSourceService.get(""your_password_updated""))
            .build());
    }

    @GetMapping(""/resend-email-verification"")
    @Operation(
        summary = ""Resend e-mail verification endpoint"",
        security = @SecurityRequirement(name = SECURITY_SCHEME_NAME),
        responses = {
            @ApiResponse(
                responseCode = ""200"",
                description = ""Successful operation"",
                content = @Content(
                    mediaType = ""application/json"",
                    schema = @Schema(implementation = SuccessResponse.class)
                )
            ),
            @ApiResponse(
                responseCode = ""400"",
                description = ""Bad request"",
                content = @Content(
                    mediaType = MediaType.APPLICATION_JSON_VALUE,
                    schema = @Schema(implementation = ErrorResponse.class)
                )
            ),
            @ApiResponse(
                responseCode = ""401"",",,,,,,,
ITEM_044,JD_JAVA_13,Java Backend Fresher,Fresher,FoodTech & Delivery Platform,"Java, Spring Boot, Spring Security & JWT, MySQL & Spring Data JPA, RabbitMQ / Kafka",mewebstudio/java-spring-boot-boilerplate,src/main/java/com/mewebstudio/javaspringbootboilerplate/controller/AccountController.java,81,130,"                description = ""Bad credentials"",
                content = @Content(
                    mediaType = MediaType.APPLICATION_JSON_VALUE,
                    schema = @Schema(implementation = ErrorResponse.class)
                )
            ),
            @ApiResponse(
                responseCode = ""422"",
                description = ""Validation failed"",
                content = @Content(
                    mediaType = MediaType.APPLICATION_JSON_VALUE,
                    schema = @Schema(implementation = DetailedErrorResponse.class)
                )
            )
        }
    )
    public ResponseEntity<SuccessResponse> password(
        @Parameter(description = ""Request body to update password"", required = true)
        @RequestBody @Valid UpdatePasswordRequest request
    ) throws BindException {
        userService.updatePassword(request);

        return ResponseEntity.ok(SuccessResponse.builder()
            .message(messageSourceService.get(""your_password_updated""))
            .build());
    }

    @GetMapping(""/resend-email-verification"")
    @Operation(
        summary = ""Resend e-mail verification endpoint"",
        security = @SecurityRequirement(name = SECURITY_SCHEME_NAME),
        responses = {
            @ApiResponse(
                responseCode = ""200"",
                description = ""Successful operation"",
                content = @Content(
                    mediaType = ""application/json"",
                    schema = @Schema(implementation = SuccessResponse.class)
                )
            ),
            @ApiResponse(
                responseCode = ""400"",
                description = ""Bad request"",
                content = @Content(
                    mediaType = MediaType.APPLICATION_JSON_VALUE,
                    schema = @Schema(implementation = ErrorResponse.class)
                )
            ),
            @ApiResponse(
                responseCode = ""401"",",,,,,,,
ITEM_045,JD_JAVA_05,Backend Developer (Java/Spring Boot),Fresher,EdTech & Learning Management Systems (LMS),"Java Core, Spring Boot, Spring Security, Spring Data JPA, MySQL",mewebstudio/java-spring-boot-boilerplate,src/main/java/com/mewebstudio/javaspringbootboilerplate/controller/AccountController.java,39,64,"@GetMapping(""/me"")
    @Operation(
        summary = ""Me endpoint"",
        security = @SecurityRequirement(name = SECURITY_SCHEME_NAME),
        responses = {
            @ApiResponse(
                responseCode = ""200"",
                description = ""Successful operation"",
                content = @Content(
                    mediaType = ""application/json"",
                    schema = @Schema(implementation = UserResponse.class)
                )
            ),
            @ApiResponse(
                responseCode = ""401"",
                description = ""Bad credentials"",
                content = @Content(
                    mediaType = MediaType.APPLICATION_JSON_VALUE,
                    schema = @Schema(implementation = ErrorResponse.class)
                )
            )
        }
    )
    public ResponseEntity<UserResponse> me() {
        return ResponseEntity.ok(UserResponse.convert(userService.getUser()));
    }",,,,,,,
ITEM_046,JD_JAVA_13,Java Backend Fresher,Fresher,FoodTech & Delivery Platform,"Java, Spring Boot, Spring Security & JWT, MySQL & Spring Data JPA, RabbitMQ / Kafka",Rapter1990/parkinglot,src/main/java/com/project/parkinglot/logging/repository/LogRepository.java,1,10,"package com.project.parkinglot.logging.repository;

import com.project.parkinglot.logging.entity.LogEntity;
import org.springframework.data.jpa.repository.JpaRepository;

/**
 * Repository interface named {@link LogRepository} for managing log entity persistence.
 */
public interface LogRepository extends JpaRepository<LogEntity, Long> {
}",,,,,,,
ITEM_047,JD_JAVA_15,Java Backend Fresher,Fresher,Retail & Warehouse Inventory Management,"Java 17, Spring Boot, Spring Data JPA, MySQL/PostgreSQL, JWT",Snailclimb/spring-security-jwt-guide,src/main/java/github/javaguide/springsecurityjwtguide/security/service/AuthService.java,1,50,"package github.javaguide.springsecurityjwtguide.security.service;

import github.javaguide.springsecurityjwtguide.security.common.utils.CurrentUserUtil;
import github.javaguide.springsecurityjwtguide.security.common.utils.JwtTokenUtil;
import github.javaguide.springsecurityjwtguide.security.dto.LoginRequest;
import github.javaguide.springsecurityjwtguide.security.entity.JwtUser;
import github.javaguide.springsecurityjwtguide.system.entity.User;
import github.javaguide.springsecurityjwtguide.system.exception.UserNameNotFoundException;
import github.javaguide.springsecurityjwtguide.system.service.UserService;
import lombok.RequiredArgsConstructor;
import lombok.extern.slf4j.Slf4j;
import org.springframework.beans.factory.annotation.Autowired;
import org.springframework.data.redis.core.StringRedisTemplate;
import org.springframework.security.authentication.BadCredentialsException;
import org.springframework.security.core.Authentication;
import org.springframework.security.core.GrantedAuthority;
import org.springframework.security.core.context.SecurityContextHolder;
import org.springframework.stereotype.Service;

import java.util.List;
import java.util.stream.Collectors;

/**
 * @author shuang.kou
 **/
@Service
@RequiredArgsConstructor(onConstructor = @__(@Autowired))
@Slf4j
public class AuthService {
    private final UserService userService;
    private final StringRedisTemplate stringRedisTemplate;
    private final CurrentUserUtil currentUserUtil;

    public String createToken(LoginRequest loginRequest) {
        User user = userService.find(loginRequest.getUsername());
        if (!userService.check(loginRequest.getPassword(), user.getPassword())) {
            throw new BadCredentialsException(""The user name or password is not correct."");
        }
        JwtUser jwtUser = new JwtUser(user);
        if (!jwtUser.isEnabled()) {
            throw new BadCredentialsException(""User is forbidden to login"");
        }
        List<String> authorities = jwtUser.getAuthorities()
                .stream()
                .map(GrantedAuthority::getAuthority)
                .collect(Collectors.toList());
        String token = JwtTokenUtil.createToken(user.getUserName(), user.getId().toString(), authorities, loginRequest.getRememberMe());
        stringRedisTemplate.opsForValue().set(user.getId().toString(), token);
        return token;
    }",,,,,,,
ITEM_048,JD_REACT_04,Frontend Engineer,Fresher,B2B SaaS Analytics & Reporting Dashboard,"ReactJS, TypeScript, TanStack React Query, Tailwind CSS, Recharts / Chart.js",mdtalalwasim/blog-application-spring-boot-rest-api,blog-application-springboot-rest-apis/src/main/java/com/mdtalalwasim/blog/app/config/SwaggerConfig.java,1,27," package com.mdtalalwasim.blog.app.config;

import org.springframework.context.annotation.Bean;
import org.springframework.context.annotation.Configuration;

import io.swagger.v3.oas.models.ExternalDocumentation;
import io.swagger.v3.oas.models.OpenAPI;
import io.swagger.v3.oas.models.info.Contact;
import io.swagger.v3.oas.models.info.Info;
import io.swagger.v3.oas.models.info.License;
@Configuration
public class SwaggerConfig {
	
	@Bean
	public OpenAPI openAPI() {
		  
		 
		return new OpenAPI()
				.info(new Info().title(""Blog Application Beckend API"")
						.description(""This is blog application project api and Developed by Md. Talal Wasim"")
						.version(""1.0"")
						.contact(new Contact().name(""Md. Talal Wasim"").email(""md.talalwasim@gmail.com"").url(""https://mdtalalwasim.github.io/""))
						.license(new License().name(""Licence""))
						).externalDocs(new ExternalDocumentation().url(""https://mdtalalwasim.github.io/"").description(""This is external url""));
	}

}",,,,,,,
ITEM_049,JD_REACT_08,React TypeScript Fresher,Fresher,Personal Finance & Digital Banking Portal,"ReactJS, TypeScript, React Hook Form, Zod / Yup, Authentication & Axios Interceptors, Material UI / Ant Design / Shadcn UI / Tailwind CSS",JordanKnott/taskcafe,frontend/src/shared/components/Button/index.tsx,1,50,"import React, { useRef } from 'react';
import styled, { css } from 'styled-components/macro';
import { mixin } from '../../utils/styles';

const Text = styled.span<{ fontSize: string; justifyTextContent: string; hasIcon?: boolean }>`
  position: relative;
  display: flex;
  align-items: center;
  justify-content: ${(props) => props.justifyTextContent};
  transition: all 0.2s ease;
  font-size: ${(props) => props.fontSize};
  color: ${(props) => props.theme.colors.text.secondary};
  ${(props) =>
    props.hasIcon &&
    css`
      padding-left: 4px;
    `}
`;

const Base = styled.button<{ color: string; disabled: boolean }>`
  transition: all 0.2s ease;
  position: relative;
  border: none;
  cursor: pointer;
  padding: 0.75rem 2rem;
  border-radius: ${(props) => props.theme.borderRadius.alternate};
  display: flex;
  align-items: center;

  ${(props) =>
    props.disabled &&
    css`
      opacity: 0.5;
      cursor: default;
      pointer-events: none;
    `}
`;

const Filled = styled(Base)<{ hoverVariant: HoverVariant }>`
  background: ${(props) => props.theme.colors[props.color]};
  ${(props) =>
    props.hoverVariant === 'boxShadow' &&
    css`
      &:hover {
        box-shadow: 0 8px 25px -8px ${props.theme.colors[props.color]};
      }
    `}
`;

const Outline = styled(Base)<{ invert: boolean }>`",,,,,,,
ITEM_050,JD_JAVA_10,Fresher Backend Developer,Fresher,Hospitality & Online Travel Agency (OTA),"Java 17, Spring Boot, Spring Security, Spring Data JPA, MySQL / PostgreSQL, Redis",mdtalalwasim/blog-application-spring-boot-rest-api,blog-application-springboot-rest-apis/src/main/java/com/mdtalalwasim/blog/app/config/SwaggerConfig.java,14,25,"@Bean
	public OpenAPI openAPI() {
		  
		 
		return new OpenAPI()
				.info(new Info().title(""Blog Application Beckend API"")
						.description(""This is blog application project api and Developed by Md. Talal Wasim"")
						.version(""1.0"")
						.contact(new Contact().name(""Md. Talal Wasim"").email(""md.talalwasim@gmail.com"").url(""https://mdtalalwasim.github.io/""))
						.license(new License().name(""Licence""))
						).externalDocs(new ExternalDocumentation().url(""https://mdtalalwasim.github.io/"").description(""This is external url""));
	}",,,,,,,
ITEM_051,JD_REACT_10,Fullstack React & TypeScript Developer,Fresher / Junior,EdTech Fullstack Application,"TypeScript, ReactJS, Node.js / Express / NestJS, Redux Toolkit / Zustand, Prisma / TypeORM / Mongoose, Git",ZahraMirzaei/online-shop,components/carousel/Slide.tsx,12,38,"const Slide: React.FC<Props> = ({ title, description, bgImg, url }) => {
  const { t } = useLanguage();

  return (
    <>
      <div
        className={`relative w-[100%] h-[50vh] md:h-[70vh] bg-cover bg-center bg-no-repeat`}
        style={{ backgroundImage: `${bgImg}` }}
      >
        <Link href={url}>
          <a className=""block"">
            <div
              className={`backdrop-filter backdrop-blur-[12px] bg-palette-card/60 p-3 md:p-8 lg:p-10 shadow-lg md:overflow-hidden ltr:text-left rtl:text-right rounded-md md:w-[60%] lg:w-[50%] md:mt-auto absolute bottom-0 md:top-[45%] md:right-[25%] md:bottom-auto`}
            >
              <h3 className=""text-lg md:text-2xl lg:text-3xl font-medium"">
                {t[`${title}`]}
              </h3>
              <p className=""text-[13px] md:text-lg mt-2 md:mt-4 lg:mt-8"">
                {t[`${description}`]}
              </p>
            </div>
          </a>
        </Link>
      </div>
    </>
  );
};",,,,,,,
ITEM_052,JD_REACT_04,Frontend Engineer,Fresher,B2B SaaS Analytics & Reporting Dashboard,"ReactJS, TypeScript, TanStack React Query, Tailwind CSS, Recharts / Chart.js",JordanKnott/taskcafe,frontend/src/shared/components/Admin/index.tsx,321,370,"};

const TeamRoleManagerPopup: React.FC<TeamRoleManagerPopupProps> = ({
  warning,
  user,
  users,
  canChangeRole,
  onDeleteUser,
  updateUserPassword,
  onChangeRole,
}) => {
  const { hidePopup, setTab } = usePopup();
  const [userPass] = useState({ pass: '', passConfirm: '' });
  const [deleteUser, setDeleteUser] = useState<{ label: string; value: string } | null>(null);
  const hasOwned = user.owned.projects.length !== 0 || user.owned.teams.length !== 0;
  return (
    <>
      <Popup title={null} tab={0}>
        <MiniProfileActions>
          <MiniProfileActionWrapper>
            {user.role && (
              <MiniProfileActionItem
                onClick={() => {
                  setTab(1);
                }}
              >
                Change permissions...
                <CurrentPermission>{`(${user.role.name})`}</CurrentPermission>
              </MiniProfileActionItem>
            )}
            <MiniProfileActionItem
              disabled
              onClick={() => {
                setTab(3);
              }}
            >
              Reset password...
            </MiniProfileActionItem>
            <MiniProfileActionItem onClick={() => setTab(2)}>Remove from organzation...</MiniProfileActionItem>
          </MiniProfileActionWrapper>
        </MiniProfileActions>
        {warning && (
          <>
            <Separator />
            <WarningText>{warning}</WarningText>
          </>
        )}
      </Popup>
      <Popup title=""Change Permissions"" onClose={() => hidePopup()} tab={1}>
        <MiniProfileActions>",,,,,,,
ITEM_053,JD_JAVA_02,Junior Java Developer,Intern/Fresher,Enterprise Web & HRM Systems,"Java, Spring Boot, Spring Data JPA, PostgreSQL, JUnit",hoangtien2k3/ecommerce-microservices,auth-service/src/main/java/com/ecommerce/authservice/controller/RoleController.java,33,41,"@PostMapping(""/users/{userId}/assign"")
    @PreAuthorize(""hasAuthority('ADMIN')"")
    public ApiResponse<Void> assignRoles(@PathVariable Long userId,
                                         @RequestBody @NotBlank String roleNames) {
        if (!roleService.assignRole(userId, roleNames)) {
            throw BusinessException.of(ErrorCode.CONFLICT);
        }
        return ApiResponse.message(""Roles assigned to user "" + userId);
    }",,,,,,,
ITEM_054,JD_REACT_08,React TypeScript Fresher,Fresher,Personal Finance & Digital Banking Portal,"ReactJS, TypeScript, React Hook Form, Zod / Yup, Authentication & Axios Interceptors, Material UI / Ant Design / Shadcn UI / Tailwind CSS",sudeepmahato16/movie-app,src/pages/Catalog/components/Search.tsx,1,42,"import React, { useState } from ""react"";
import { useParams } from ""react-router-dom"";
import { GoSearch } from ""react-icons/go"";

interface SearchProps {
  setQuery: (val: {}) => void;
}

const Search: React.FC<SearchProps> = ({ setQuery }) => {
  const { category } = useParams();
  const [search, setSearch] = useState<string>("""");

  const handleSubmit = (e: React.FormEvent) => {
    e.preventDefault();
    if (!search) return;
    setQuery({ search });
    setSearch("""");
  };

  return (
    <form
      className=""text-[14px] lg:py-10 md:pt-9 md:pb-10 sm:pt-8 sm:pb-10  pt-6 pb-8 flex flex-row items-center justify-center""
      onSubmit={handleSubmit}
    >
      <input
        type=""text""
        className=""py-[8px] pl-[20px] pr-[36px]  rounded-full outline-none w-[300px] md:w-[340px]  shadow-md transition-all duration-300 focus:shadow-sm text-[#666] focus:bg-[#ffffff] bg-[#fdfdfd] font-medium dark:bg-[#302d3a] dark:text-primary dark:focus:bg-[#474550]""
        onChange={(e) => setSearch(e.target.value)}
        value={search}
        placeholder={`Search ${category === ""movie"" ? ""movies"" : ""tv series""}`}
      />
      <button
        type=""submit""
        className=""text-[18px] -ml-[32px] text-[#ff0000] z-[1]""
      >
        <GoSearch />
      </button>
    </form>
  );
};

export default Search;",,,,,,,
ITEM_055,JD_JAVA_05,Backend Developer (Java/Spring Boot),Fresher,EdTech & Learning Management Systems (LMS),"Java Core, Spring Boot, Spring Security, Spring Data JPA, MySQL",mdtalalwasim/blog-application-spring-boot-rest-api,blog-application-springboot-rest-apis/src/main/java/com/mdtalalwasim/blog/app/entity/Category.java,1,43,"package com.mdtalalwasim.blog.app.entity;

import java.util.ArrayList;
import java.util.List;

import jakarta.persistence.CascadeType;
import jakarta.persistence.Column;
import jakarta.persistence.Entity;
import jakarta.persistence.GeneratedValue;
import jakarta.persistence.GenerationType;
import jakarta.persistence.Id;
import jakarta.persistence.OneToMany;
import jakarta.persistence.Table;
import lombok.Getter;
import lombok.NoArgsConstructor;
import lombok.Setter;

@Entity
@Table(name = ""categories"")
@Setter
@Getter
@NoArgsConstructor
public class Category {
	
	@Id
	@GeneratedValue(strategy = GenerationType.IDENTITY)
	
	private int id;
	
	@Column(name = ""title"", length = 100, nullable = false)
	private String categoryTitle;
	
	@Column(name = ""description"")
	private String categoryDescription;
	
	@OneToMany(mappedBy = ""category"", cascade = CascadeType.ALL)
	List<Post> posts = new ArrayList<>(); 
	
	
	


}",,,,,,,
ITEM_056,JD_REACT_10,Fullstack React & TypeScript Developer,Fresher / Junior,EdTech Fullstack Application,"TypeScript, ReactJS, Node.js / Express / NestJS, Redux Toolkit / Zustand, Prisma / TypeORM / Mongoose, Git",JordanKnott/taskcafe,frontend/src/shared/components/Checklist/index.tsx,1,50,"import React, { useState, useRef, useEffect } from 'react';
import styled from 'styled-components';
import { CheckSquare, Trash, Square, CheckSquareOutline, Clock, Cross, AccountPlus } from 'shared/icons';
import { DragDropContext, Droppable, Draggable, DropResult } from 'react-beautiful-dnd';
import {
  isPositionChanged,
  getSortedDraggables,
  getNewDraggablePosition,
  getAfterDropDraggableList,
} from 'shared/utils/draggables';
import Button from 'shared/components/Button';
import TextareaAutosize from 'react-autosize-textarea';
import Control from 'react-select/src/components/Control';
import useOnOutsideClick from 'shared/hooks/onOutsideClick';
import { mixin } from 'shared/utils/styles';

const Wrapper = styled.div`
  margin-bottom: 24px;
`;

const WindowTitle = styled.div`
  padding: 8px 0;
  position: relative;
  margin: 0 0 4px 40px;
`;

const WindowTitleIcon = styled(CheckSquareOutline)`
  top: 10px;
  left: -32px;
  position: absolute;
`;

const WindowChecklistTitle = styled.div`
  display: flex;
  justify-content: space-between;
  align-items: center;
  flex-flow: row wrap;
`;

const WindowTitleText = styled.h3`
  cursor: pointer;
  color: ${props => props.theme.colors.text.primary};
  margin: 6px 0;
  display: inline-block;
  width: auto;
  min-height: 18px;
  font-size: 16px;
  line-height: 20px;
  min-width: 40px;
`;",,,,,,,
ITEM_057,JD_JAVA_13,Java Backend Fresher,Fresher,FoodTech & Delivery Platform,"Java, Spring Boot, Spring Security & JWT, MySQL & Spring Data JPA, RabbitMQ / Kafka",mewebstudio/java-spring-boot-boilerplate,src/main/java/com/mewebstudio/javaspringbootboilerplate/controller/AccountController.java,66,106,"@PostMapping(""/password"")
    @Operation(
        summary = ""Password update endpoint"",
        security = @SecurityRequirement(name = SECURITY_SCHEME_NAME),
        responses = {
            @ApiResponse(
                responseCode = ""200"",
                description = ""Successful operation"",
                content = @Content(
                    mediaType = ""application/json"",
                    schema = @Schema(implementation = SuccessResponse.class)
                )
            ),
            @ApiResponse(
                responseCode = ""401"",
                description = ""Bad credentials"",
                content = @Content(
                    mediaType = MediaType.APPLICATION_JSON_VALUE,
                    schema = @Schema(implementation = ErrorResponse.class)
                )
            ),
            @ApiResponse(
                responseCode = ""422"",
                description = ""Validation failed"",
                content = @Content(
                    mediaType = MediaType.APPLICATION_JSON_VALUE,
                    schema = @Schema(implementation = DetailedErrorResponse.class)
                )
            )
        }
    )
    public ResponseEntity<SuccessResponse> password(
        @Parameter(description = ""Request body to update password"", required = true)
        @RequestBody @Valid UpdatePasswordRequest request
    ) throws BindException {
        userService.updatePassword(request);

        return ResponseEntity.ok(SuccessResponse.builder()
            .message(messageSourceService.get(""your_password_updated""))
            .build());
    }",,,,,,,
ITEM_058,JD_REACT_01,Frontend Developer Fresher (ReactJS / TypeScript),Fresher,E-Commerce Storefront & Order Management,"ReactJS, TypeScript, Redux Toolkit, Tailwind CSS, Git",DevlinRocha/banter,src/components/Members.tsx,1,50,"import { useEffect, useRef, useState, Fragment } from ""react"";
import { query, collection, onSnapshot } from ""firebase/firestore"";
import { db } from ""../../firebase"";
import tw from ""tailwind-styled-components/dist/tailwind"";
import {
  useServersState,
  setMembers,
  setMemberProfileCardOpen,
  setMemberProfileCardPosition,
  setMemberRoles,
  MemberRole,
  MemberInfo,
  RoleData,
  MemberData,
  setMemberPreview,
  RoleListData,
} from ""../features/servers"";
import { useAppDispatch } from ""../redux/hooks"";
import Image from ""next/image"";

export default function Members() {
  const { server, members, memberRoles, memberProfileCardOpen } =
    useServersState();
  const memberRef = useRef<HTMLLIElement[]>([]);
  const [assignedRoles, setAssignedRoles] = useState<RoleListData[]>([]);
  const [unassignedRoles, setUnassignedRoles] = useState<MemberData[]>([]);
  const dispatch = useAppDispatch();

  useEffect(() => {
    if (!server.serverID) return;

    const q = query(collection(db, ""servers"", server.serverID, ""members""));

    const unsubscribe = onSnapshot(q, (querySnapshot) => {
      const memberRolesList: MemberRole[] = [];

      querySnapshot.forEach((doc) => {
        const docData = doc.data();

        const memberRoles: MemberRole = {
          userID: doc.id,

          serverOwner: docData.serverOwner,

          roles: docData.roles,

          // permissions: docData.permissions,
        };

        memberRolesList.push(memberRoles);",,,,,,,
ITEM_059,JD_JAVA_07,Java API Developer,Fresher,Real-time Messaging & Notification Services,"Java, Spring Boot, Spring WebSocket / STOMP, JWT & Spring Security, PostgreSQL / MySQL / MongoDB",hoangtien2k3/ecommerce-microservices,auth-service/src/main/java/com/ecommerce/authservice/controller/RoleController.java,1,50,"package com.ecommerce.authservice.controller;

import com.ecommerce.authservice.service.RoleService;
import com.ecommerce.commonlib.constants.ApiPaths;
import com.ecommerce.commonlib.exception.BusinessException;
import com.ecommerce.commonlib.exception.ErrorCode;
import com.ecommerce.commonlib.viewmodel.ApiResponse;
import jakarta.validation.constraints.NotBlank;
import lombok.RequiredArgsConstructor;
import org.springframework.security.access.prepost.PreAuthorize;
import org.springframework.validation.annotation.Validated;
import org.springframework.web.bind.annotation.GetMapping;
import org.springframework.web.bind.annotation.PathVariable;
import org.springframework.web.bind.annotation.PostMapping;
import org.springframework.web.bind.annotation.RequestBody;
import org.springframework.web.bind.annotation.RequestMapping;
import org.springframework.web.bind.annotation.RestController;

import org.slf4j.Logger;
import org.slf4j.LoggerFactory;
import java.util.List;

@RestController
@RequestMapping(ApiPaths.ROLES)
@RequiredArgsConstructor
@Validated
public class RoleController {

    private static final Logger log = LoggerFactory.getLogger(RoleController.class);

    private final RoleService roleService;

    @PostMapping(""/users/{userId}/assign"")
    @PreAuthorize(""hasAuthority('ADMIN')"")
    public ApiResponse<Void> assignRoles(@PathVariable Long userId,
                                         @RequestBody @NotBlank String roleNames) {
        if (!roleService.assignRole(userId, roleNames)) {
            throw BusinessException.of(ErrorCode.CONFLICT);
        }
        return ApiResponse.message(""Roles assigned to user "" + userId);
    }

    @PostMapping(""/users/{userId}/revoke"")
    @PreAuthorize(""hasAuthority('ADMIN')"")
    public ApiResponse<Void> revokeRoles(@PathVariable Long userId,
                                         @RequestBody @NotBlank String roleNames) {
        if (!roleService.revokeRole(userId, roleNames)) {
            throw BusinessException.of(ErrorCode.CONFLICT);
        }
        return ApiResponse.message(""Roles revoked from user "" + userId);",,,,,,,
ITEM_060,JD_REACT_04,Frontend Engineer,Fresher,B2B SaaS Analytics & Reporting Dashboard,"ReactJS, TypeScript, TanStack React Query, Tailwind CSS, Recharts / Chart.js",Snouzy/workout-cool,app/api/analytics/premium/route.ts,1,50,"import { NextRequest, NextResponse } from ""next/server"";

import { LogEvents } from ""@/shared/lib/analytics/events"";

/**
 * POST /api/analytics/premium
 *
 * Track premium-related analytics events from mobile app
 * Mobile-compatible endpoint for tracking user interactions with premium features
 */
export async function POST(request: NextRequest) {
  try {
    const { event } = await request.json();

    // Validate event type
    const validEvents = [""discovery"", ""paywall_viewed"", ""paywall_purchased"", ""paywall_cancelled"", ""paywall_restored""];

    if (!validEvents.includes(event)) {
      return NextResponse.json({ error: ""Invalid event type"" }, { status: 400 });
    }

    // Map event types to analytics events
    let analyticsEvent;
    switch (event) {
      case ""discovery"":
        analyticsEvent = LogEvents.PremiumDiscovery;
        break;
      case ""paywall_viewed"":
        analyticsEvent = LogEvents.PaywallViewed;
        break;
      case ""paywall_purchased"":
        analyticsEvent = LogEvents.PaywallPurchased;
        break;
      case ""paywall_cancelled"":
        analyticsEvent = LogEvents.PaywallCancelled;
        break;
      case ""paywall_restored"":
        analyticsEvent = LogEvents.PaywallRestored;
        break;
      default:
        return NextResponse.json({ error: ""Unknown event type"" }, { status: 400 });
    }

    // todo: add analytics
    // Track event with user context if available
    // if (user) {
    //   await serverAnalytics.event({
    //     eventName: analyticsEvent.name,
    //     channel: analyticsEvent.channel,
    //     user: {",,,,,,,
ITEM_061,JD_JAVA_06,Fresher Java Backend Engineer,Fresher,Digital Healthcare & Telemedicine,"Java 11/17, Spring Boot, Spring Data JPA, PostgreSQL/MySQL",mewebstudio/java-spring-boot-boilerplate,src/main/java/com/mewebstudio/javaspringbootboilerplate/controller/AccountController.java,1,50,"package com.mewebstudio.javaspringbootboilerplate.controller;

import com.mewebstudio.javaspringbootboilerplate.dto.request.user.UpdatePasswordRequest;
import com.mewebstudio.javaspringbootboilerplate.dto.response.DetailedErrorResponse;
import com.mewebstudio.javaspringbootboilerplate.dto.response.ErrorResponse;
import com.mewebstudio.javaspringbootboilerplate.dto.response.SuccessResponse;
import com.mewebstudio.javaspringbootboilerplate.dto.response.user.UserResponse;
import com.mewebstudio.javaspringbootboilerplate.service.MessageSourceService;
import com.mewebstudio.javaspringbootboilerplate.service.UserService;
import io.swagger.v3.oas.annotations.Operation;
import io.swagger.v3.oas.annotations.Parameter;
import io.swagger.v3.oas.annotations.media.Content;
import io.swagger.v3.oas.annotations.media.Schema;
import io.swagger.v3.oas.annotations.responses.ApiResponse;
import io.swagger.v3.oas.annotations.security.SecurityRequirement;
import io.swagger.v3.oas.annotations.tags.Tag;
import jakarta.validation.Valid;
import lombok.RequiredArgsConstructor;
import org.springframework.http.MediaType;
import org.springframework.http.ResponseEntity;
import org.springframework.validation.BindException;
import org.springframework.web.bind.annotation.GetMapping;
import org.springframework.web.bind.annotation.PostMapping;
import org.springframework.web.bind.annotation.RequestBody;
import org.springframework.web.bind.annotation.RequestMapping;
import org.springframework.web.bind.annotation.RestController;

import static com.mewebstudio.javaspringbootboilerplate.util.Constants.SECURITY_SCHEME_NAME;

@RestController
@RequiredArgsConstructor
@RequestMapping(""/account"")
@Tag(name = ""002. Account"", description = ""Account API"")
public class AccountController extends AbstractBaseController {
    private final UserService userService;

    private final MessageSourceService messageSourceService;

    @GetMapping(""/me"")
    @Operation(
        summary = ""Me endpoint"",
        security = @SecurityRequirement(name = SECURITY_SCHEME_NAME),
        responses = {
            @ApiResponse(
                responseCode = ""200"",
                description = ""Successful operation"",
                content = @Content(
                    mediaType = ""application/json"",
                    schema = @Schema(implementation = UserResponse.class)
                )",,,,,,,
ITEM_062,JD_JAVA_14,Backend Engineer (Java / Spring Boot),Intern/Fresher,HRTech & Recruitment Job Portal,"Java Core, Spring Boot, Spring Data JPA, Spring Security & JWT, PostgreSQL / MySQL",Angel-Raa/spring-security-jwt-authentication-and-authorization,src/main/java/com/github/angel/raa/modules/persistence/repository/CategoryRepository.java,1,6,"package com.github.angel.raa.modules.persistence.repository;

import com.github.angel.raa.modules.persistence.models.Category;
import org.springframework.data.jpa.repository.JpaRepository;

public interface CategoryRepository extends JpaRepository<Category, Long> { }",,,,,,,
ITEM_063,JD_JAVA_01,Backend Developer (Java / Spring Boot),Fresher,E-Commerce Platform,"Java, Spring Boot, Spring Security & JWT, Spring Data JPA / Hibernate, MySQL, Git",mewebstudio/java-spring-boot-boilerplate,src/main/java/com/mewebstudio/javaspringbootboilerplate/controller/AccountController.java,66,106,"@PostMapping(""/password"")
    @Operation(
        summary = ""Password update endpoint"",
        security = @SecurityRequirement(name = SECURITY_SCHEME_NAME),
        responses = {
            @ApiResponse(
                responseCode = ""200"",
                description = ""Successful operation"",
                content = @Content(
                    mediaType = ""application/json"",
                    schema = @Schema(implementation = SuccessResponse.class)
                )
            ),
            @ApiResponse(
                responseCode = ""401"",
                description = ""Bad credentials"",
                content = @Content(
                    mediaType = MediaType.APPLICATION_JSON_VALUE,
                    schema = @Schema(implementation = ErrorResponse.class)
                )
            ),
            @ApiResponse(
                responseCode = ""422"",
                description = ""Validation failed"",
                content = @Content(
                    mediaType = MediaType.APPLICATION_JSON_VALUE,
                    schema = @Schema(implementation = DetailedErrorResponse.class)
                )
            )
        }
    )
    public ResponseEntity<SuccessResponse> password(
        @Parameter(description = ""Request body to update password"", required = true)
        @RequestBody @Valid UpdatePasswordRequest request
    ) throws BindException {
        userService.updatePassword(request);

        return ResponseEntity.ok(SuccessResponse.builder()
            .message(messageSourceService.get(""your_password_updated""))
            .build());
    }",,,,,,,
ITEM_064,JD_JAVA_15,Java Backend Fresher,Fresher,Retail & Warehouse Inventory Management,"Java 17, Spring Boot, Spring Data JPA, MySQL/PostgreSQL, JWT",mewebstudio/java-spring-boot-boilerplate,src/main/java/com/mewebstudio/javaspringbootboilerplate/controller/AccountController.java,1,50,"package com.mewebstudio.javaspringbootboilerplate.controller;

import com.mewebstudio.javaspringbootboilerplate.dto.request.user.UpdatePasswordRequest;
import com.mewebstudio.javaspringbootboilerplate.dto.response.DetailedErrorResponse;
import com.mewebstudio.javaspringbootboilerplate.dto.response.ErrorResponse;
import com.mewebstudio.javaspringbootboilerplate.dto.response.SuccessResponse;
import com.mewebstudio.javaspringbootboilerplate.dto.response.user.UserResponse;
import com.mewebstudio.javaspringbootboilerplate.service.MessageSourceService;
import com.mewebstudio.javaspringbootboilerplate.service.UserService;
import io.swagger.v3.oas.annotations.Operation;
import io.swagger.v3.oas.annotations.Parameter;
import io.swagger.v3.oas.annotations.media.Content;
import io.swagger.v3.oas.annotations.media.Schema;
import io.swagger.v3.oas.annotations.responses.ApiResponse;
import io.swagger.v3.oas.annotations.security.SecurityRequirement;
import io.swagger.v3.oas.annotations.tags.Tag;
import jakarta.validation.Valid;
import lombok.RequiredArgsConstructor;
import org.springframework.http.MediaType;
import org.springframework.http.ResponseEntity;
import org.springframework.validation.BindException;
import org.springframework.web.bind.annotation.GetMapping;
import org.springframework.web.bind.annotation.PostMapping;
import org.springframework.web.bind.annotation.RequestBody;
import org.springframework.web.bind.annotation.RequestMapping;
import org.springframework.web.bind.annotation.RestController;

import static com.mewebstudio.javaspringbootboilerplate.util.Constants.SECURITY_SCHEME_NAME;

@RestController
@RequiredArgsConstructor
@RequestMapping(""/account"")
@Tag(name = ""002. Account"", description = ""Account API"")
public class AccountController extends AbstractBaseController {
    private final UserService userService;

    private final MessageSourceService messageSourceService;

    @GetMapping(""/me"")
    @Operation(
        summary = ""Me endpoint"",
        security = @SecurityRequirement(name = SECURITY_SCHEME_NAME),
        responses = {
            @ApiResponse(
                responseCode = ""200"",
                description = ""Successful operation"",
                content = @Content(
                    mediaType = ""application/json"",
                    schema = @Schema(implementation = UserResponse.class)
                )",,,,,,,
ITEM_065,JD_REACT_09,Frontend Web Developer,Intern / Fresher,Service Discovery & Booking Platform,"ReactJS, TypeScript, React Router, Axios",JordanKnott/taskcafe,frontend/src/shared/components/Admin/index.tsx,521,570,"        }
      }}
    >
      <TabNavItemButton active={active}>
        <TabItemUser width={14} height={14} active={active} />
        <TabNavItemSpan>{name}</TabNavItemSpan>
      </TabNavItemButton>
    </TabNavItem>
  );
};

type AdminProps = {
  initialTab: number;
  onAddUser: ($target: React.RefObject<HTMLElement>) => void;
  onDeleteUser: (userID: string, newOwnerID: string | null) => void;
  onInviteUser: ($target: React.RefObject<HTMLElement>) => void;
  users: Array<User>;
  invitedUsers: Array<InvitedUserAccount>;
  canInviteUser: boolean;
  onUpdateUserPassword: (user: TaskUser, password: string) => void;
  onDeleteInvitedUser: (invitedUserID: string) => void;
};

const Admin: React.FC<AdminProps> = ({
  initialTab,
  onAddUser,
  onUpdateUserPassword,
  canInviteUser,
  onDeleteUser,
  onDeleteInvitedUser,
  onInviteUser,
  invitedUsers,
  users,
}) => {
  const warning =
    'You can’t leave because you are the only admin. To make another user an admin, click their avatar, select “Change permissions…”, and select “Admin”.';
  const [currentTop, setTop] = useState(initialTab * 48);
  const [currentTab, setTab] = useState(initialTab);
  const { showPopup } = usePopup();
  const $tabNav = useRef<HTMLDivElement>(null);

  const [updateUserRole] = useUpdateUserRoleMutation();
  return (
    <Container>
      <TabNav ref={$tabNav}>
        <TabNavContent>
          {items.map((item, idx) => (
            <NavItem
              key={item.name}
              onClick={(tab, top) => {",,,,,,,
ITEM_066,JD_REACT_09,Frontend Web Developer,Intern / Fresher,Service Discovery & Booking Platform,"ReactJS, TypeScript, React Router, Axios",hoangtien2k3/ecommerce-microservices,auth-service/src/main/java/com/ecommerce/authservice/config/SsoProperties.java,1,49,"package com.ecommerce.authservice.config;

import lombok.Getter;
import lombok.Setter;
import org.springframework.boot.context.properties.ConfigurationProperties;
import org.springframework.context.annotation.Configuration;

import java.util.List;

/**
 * Backend-mediated SSO settings, bound from {@code keycloak.sso.*}.
 *
 * <p>The browser logs in at Keycloak, Keycloak redirects to {@link #backendCallbackUrl}
 * (this service), we exchange the code for tokens and then bounce the browser back to
 * one of the {@link #allowedRedirectUris} carrying a single-use {@code ticket} that the
 * frontend swaps for the tokens via {@code GET /api/v1/auth/session}.</p>
 */
@Getter
@Setter
@Configuration
@ConfigurationProperties(prefix = ""keycloak.sso"")
public class SsoProperties {

    /**
     * Browser-facing URL Keycloak redirects to after login. MUST be registered as a
     * Valid Redirect URI on the Keycloak client and be reachable by the browser.
     */
    private String backendCallbackUrl = ""http://api.ecommerce.local/api/v1/auth/callback"";

    /** Frontend callback pages allowed to receive the login ticket (anti open-redirect). */
    private List<String> allowedRedirectUris = List.of(
            ""http://ecommerce.local/auth/callback"",
            ""http://admin.ecommerce.local/auth/callback"",
            ""http://localhost:3000/auth/callback"",
            ""http://localhost:3001/auth/callback""
    );

    /** Used when the caller supplies no (or a disallowed) {@code redirect_uri}. */
    private String defaultFrontendRedirect = ""http://ecommerce.local/auth/callback"";

    /** OIDC scopes requested during the authorization redirect. */
    private String scope = ""openid profile email"";

    /** How long an in-flight login {@code state} stays valid. */
    private long stateTtlSeconds = 300;

    /** How long a post-login {@code ticket} stays valid before the frontend swaps it. */
    private long ticketTtlSeconds = 60;
}",,,,,,,
ITEM_067,JD_JAVA_13,Java Backend Fresher,Fresher,FoodTech & Delivery Platform,"Java, Spring Boot, Spring Security & JWT, MySQL & Spring Data JPA, RabbitMQ / Kafka",mdtalalwasim/blog-application-spring-boot-rest-api,blog-application-springboot-rest-apis/src/main/java/com/mdtalalwasim/blog/app/controller/UserRestController.java,1,50,"package com.mdtalalwasim.blog.app.controller;

import java.util.List;
import java.util.Map;

import org.springframework.beans.factory.annotation.Autowired;
import org.springframework.http.HttpStatus;
import org.springframework.http.ResponseEntity;
import org.springframework.security.access.prepost.PreAuthorize;
import org.springframework.web.bind.annotation.DeleteMapping;
import org.springframework.web.bind.annotation.GetMapping;
import org.springframework.web.bind.annotation.PathVariable;
import org.springframework.web.bind.annotation.PostMapping;
import org.springframework.web.bind.annotation.PutMapping;
import org.springframework.web.bind.annotation.RequestBody;
import org.springframework.web.bind.annotation.RequestMapping;
import org.springframework.web.bind.annotation.RestController;

import com.mdtalalwasim.blog.app.payloads.ApiResponse;
import com.mdtalalwasim.blog.app.payloads.UserDto;
import com.mdtalalwasim.blog.app.services.UserService;

import jakarta.validation.Valid;

@RestController
@RequestMapping(""/api/users"")
public class UserRestController {
	
	@Autowired
	private UserService userService;
	
	
	//create user
	@PostMapping(""/"")
	public ResponseEntity<UserDto> createUser(@Valid @RequestBody UserDto userDto){
		UserDto createdUserDto = this.userService.createUser(userDto);
		return new ResponseEntity<>(createdUserDto,HttpStatus.CREATED);
		
	}
	
	//update user
	@PutMapping(""/{userId}"")
	public ResponseEntity<UserDto> updateUser(@Valid @RequestBody UserDto userDto, @PathVariable Integer userId){
		UserDto updatedUser = this.userService.updateUser(userDto, userId);
		//return new ResponseEntity<UserDto>(updatedUser,HttpStatus.OK);//or
		return  ResponseEntity.ok(updatedUser);
	}
	
	//to make access for only ADMIN ROLE.  
	//Admin can delete only",,,,,,,
ITEM_068,JD_REACT_06,Junior ReactJS Developer,Junior,Productivity & Collaborative Kanban System,"ReactJS, TypeScript, Redux Toolkit / Zustand, React Hook Form & Zod/Yup, Tailwind CSS / CSS-in-JS",devias-io/material-kit-react,src/components/core/theme-provider/theme-provider.tsx,1,28,"'use client';

import * as React from 'react';
import CssBaseline from '@mui/material/CssBaseline';
import { ThemeProvider } from '@mui/material/styles';

import { createTheme } from '@/styles/theme/create-theme';

import EmotionCache from './emotion-cache';

export interface ThemeProviderProps {
  children: React.ReactNode;
}

function CustomThemeProvider({ children }: ThemeProviderProps): React.JSX.Element {
  const theme = createTheme();

  return (
    <EmotionCache options={{ key: 'mui' }}>
      <ThemeProvider disableTransitionOnChange theme={theme} defaultMode=""light"">
        <CssBaseline />
        {children}
      </ThemeProvider>
    </EmotionCache>
  );
}

export { CustomThemeProvider as ThemeProvider };",,,,,,,
ITEM_069,JD_JAVA_03,Java Backend Fresher,Fresher,Fintech & Payment Gateway,"Java, Spring Boot, Spring Data JPA, PostgreSQL, Redis",mewebstudio/java-spring-boot-boilerplate,src/main/java/com/mewebstudio/javaspringbootboilerplate/controller/AccountController.java,81,130,"                description = ""Bad credentials"",
                content = @Content(
                    mediaType = MediaType.APPLICATION_JSON_VALUE,
                    schema = @Schema(implementation = ErrorResponse.class)
                )
            ),
            @ApiResponse(
                responseCode = ""422"",
                description = ""Validation failed"",
                content = @Content(
                    mediaType = MediaType.APPLICATION_JSON_VALUE,
                    schema = @Schema(implementation = DetailedErrorResponse.class)
                )
            )
        }
    )
    public ResponseEntity<SuccessResponse> password(
        @Parameter(description = ""Request body to update password"", required = true)
        @RequestBody @Valid UpdatePasswordRequest request
    ) throws BindException {
        userService.updatePassword(request);

        return ResponseEntity.ok(SuccessResponse.builder()
            .message(messageSourceService.get(""your_password_updated""))
            .build());
    }

    @GetMapping(""/resend-email-verification"")
    @Operation(
        summary = ""Resend e-mail verification endpoint"",
        security = @SecurityRequirement(name = SECURITY_SCHEME_NAME),
        responses = {
            @ApiResponse(
                responseCode = ""200"",
                description = ""Successful operation"",
                content = @Content(
                    mediaType = ""application/json"",
                    schema = @Schema(implementation = SuccessResponse.class)
                )
            ),
            @ApiResponse(
                responseCode = ""400"",
                description = ""Bad request"",
                content = @Content(
                    mediaType = MediaType.APPLICATION_JSON_VALUE,
                    schema = @Schema(implementation = ErrorResponse.class)
                )
            ),
            @ApiResponse(
                responseCode = ""401"",",,,,,,,
ITEM_070,JD_JAVA_04,Java Microservices Fresher,Fresher,Distributed Systems & Supply Chain,"Java 17+, Spring Boot, Apache Kafka, Spring Data JPA, MySQL/PostgreSQL, Docker / Docker Compose",f-lab-edu/fast-shoppers,src/main/java/com/fastshoppers/entity/BaseEntity.java,1,48,"package com.fastshoppers.entity;

import java.time.LocalDateTime;

import org.springframework.data.annotation.CreatedDate;
import org.springframework.data.annotation.LastModifiedDate;
import org.springframework.data.jpa.domain.support.AuditingEntityListener;

import com.fastshoppers.util.BooleanToCharConverter;

import jakarta.persistence.Column;
import jakarta.persistence.Convert;
import jakarta.persistence.EntityListeners;
import jakarta.persistence.GeneratedValue;
import jakarta.persistence.GenerationType;
import jakarta.persistence.Id;
import jakarta.persistence.MappedSuperclass;
import lombok.AllArgsConstructor;
import lombok.Getter;
import lombok.NoArgsConstructor;
import lombok.Setter;
import lombok.ToString;

@Getter
@Setter
@NoArgsConstructor
@AllArgsConstructor
@ToString
@EntityListeners(AuditingEntityListener.class)
@MappedSuperclass
public class BaseEntity {

	@Id
	@GeneratedValue(strategy = GenerationType.IDENTITY)
	private int id;

	@CreatedDate
	@Column(name = ""created_at"", nullable = false)
	private LocalDateTime createdAt;

	@LastModifiedDate
	@Column(name = ""updated_at"", nullable = false)
	private LocalDateTime updatedAt;

	@Column(name = ""delete_yn"", nullable = false, length = 1, columnDefinition = ""char(1)"")
	@Convert(converter = BooleanToCharConverter.class)
	private boolean deleteYn;
}",,,,,,,
ITEM_071,JD_JAVA_12,Junior Java Developer,Junior,Enterprise Software & Financial Services,"Java 17, Spring Boot, JUnit 5 & Mockito, PostgreSQL/MySQL",f-lab-edu/fast-shoppers,src/main/java/com/fastshoppers/entity/Product.java,41,62,"
	@Column(name = ""product_subtitle"", length = 255)
	private String productSubtitle;

	@Column(name = ""list_price"", nullable = false)
	private BigDecimal listPrice;

	@Column(name = ""selling_price"", nullable = false)
	private BigDecimal sellingPrice;

	@Column(name = ""product_status"", length = 255, nullable = false)
	private String productStatus;

	@Column(name = ""description"", columnDefinition = ""TEXT"")
	private String description;

	@Column(name = ""limit_quantity"")
	private Integer limitQuantity;

	@Column(name = ""remain_quantity"", nullable = false)
	private Integer remainQuantity;
}",,,,,,,
ITEM_072,JD_REACT_01,Frontend Developer Fresher (ReactJS / TypeScript),Fresher,E-Commerce Storefront & Order Management,"ReactJS, TypeScript, Redux Toolkit, Tailwind CSS, Git",hoangtien2k3/ecommerce-microservices,auth-service/src/main/java/com/ecommerce/authservice/controller/AuthController.java,121,137,"
    /** Anti open-redirect: only bounce to a pre-registered frontend callback. */
    private String resolveFrontendRedirect(String requested) {
        if (StringUtils.hasText(requested) && ssoProperties.getAllowedRedirectUris().contains(requested)) {
            return requested;
        }
        return ssoProperties.getDefaultFrontendRedirect();
    }

    private static ResponseEntity<Void> redirectTo(String url) {
        return ResponseEntity.status(HttpStatus.FOUND).location(URI.create(url)).build();
    }

    private static String appendQuery(String url, String key, String value) {
        return UriComponentsBuilder.fromUriString(url).queryParam(key, value).build().encode().toUriString();
    }
}",,,,,,,
ITEM_073,JD_REACT_05,Next.js & TypeScript Frontend Developer,Fresher / Junior,High-Performance Web & Digital Commerce,"ReactJS, TypeScript, Next.js, Tailwind CSS, RESTful API / GraphQL",Blazity/next-enterprise,lp-items.tsx,1,50,"export const LP_GRID_ITEMS = [
  {
    title: ""Next.js"",
    description: ""Fast by default, with config optimized for performance."",
    icon: (
      <svg
        xmlns=""http://www.w3.org/2000/svg""
        fill=""none""
        viewBox=""0 0 24 24""
        strokeWidth={1.5}
        stroke=""currentColor""
        className=""h-6 w-6""
      >
        <path
          strokeLinecap=""round""
          strokeLinejoin=""round""
          d=""M12 18v-5.25m0 0a6.01 6.01 0 001.5-.189m-1.5.189a6.01 6.01 0 01-1.5-.189m3.75 7.478a12.06 12.06 0 01-4.5 0m3.75 2.383a14.406 14.406 0 01-3 0M14.25 18v-.192c0-.983.658-1.823 1.508-2.316a7.5 7.5 0 10-7.517 0c.85.493 1.509 1.333 1.509 2.316V18""
        />
      </svg>
    ),
  },
  {
    title: ""Tailwind CSS"",
    description: ""A utility-first CSS framework for rapid UI development."",
    icon: (
      <svg
        xmlns=""http://www.w3.org/2000/svg""
        fill=""none""
        viewBox=""0 0 24 24""
        strokeWidth={1.5}
        stroke=""currentColor""
        className=""h-6 w-6""
      >
        <path
          strokeLinecap=""round""
          strokeLinejoin=""round""
          d=""M4.5 12a7.5 7.5 0 0015 0m-15 0a7.5 7.5 0 1115 0m-15 0H3m16.5 0H21m-1.5 0H12m-8.457 3.077l1.41-.513m14.095-5.13l1.41-.513M5.106 17.785l1.15-.964m11.49-9.642l1.149-.964M7.501 19.795l.75-1.3m7.5-12.99l.75-1.3m-6.063 16.658l.26-1.477m2.605-14.772l.26-1.477m0 17.726l-.26-1.477M10.698 4.614l-.26-1.477M16.5 19.794l-.75-1.299M7.5 4.205L12 12m6.894 5.785l-1.149-.964M6.256 7.178l-1.15-.964m15.352 8.864l-1.41-.513M4.954 9.435l-1.41-.514M12.002 12l-3.75 6.495""
        />
      </svg>
    ),
  },
  {
    title: ""ESlint & Prettier"",
    description: ""For clean, consistent, and error-free code."",
    icon: (
      <svg
        xmlns=""http://www.w3.org/2000/svg""
        fill=""none""
        viewBox=""0 0 24 24""
        strokeWidth={1.5}",,,,,,,
ITEM_074,JD_JAVA_02,Junior Java Developer,Intern/Fresher,Enterprise Web & HRM Systems,"Java, Spring Boot, Spring Data JPA, PostgreSQL, JUnit",mewebstudio/java-spring-boot-boilerplate,src/main/java/com/mewebstudio/javaspringbootboilerplate/controller/AccountController.java,1,50,"package com.mewebstudio.javaspringbootboilerplate.controller;

import com.mewebstudio.javaspringbootboilerplate.dto.request.user.UpdatePasswordRequest;
import com.mewebstudio.javaspringbootboilerplate.dto.response.DetailedErrorResponse;
import com.mewebstudio.javaspringbootboilerplate.dto.response.ErrorResponse;
import com.mewebstudio.javaspringbootboilerplate.dto.response.SuccessResponse;
import com.mewebstudio.javaspringbootboilerplate.dto.response.user.UserResponse;
import com.mewebstudio.javaspringbootboilerplate.service.MessageSourceService;
import com.mewebstudio.javaspringbootboilerplate.service.UserService;
import io.swagger.v3.oas.annotations.Operation;
import io.swagger.v3.oas.annotations.Parameter;
import io.swagger.v3.oas.annotations.media.Content;
import io.swagger.v3.oas.annotations.media.Schema;
import io.swagger.v3.oas.annotations.responses.ApiResponse;
import io.swagger.v3.oas.annotations.security.SecurityRequirement;
import io.swagger.v3.oas.annotations.tags.Tag;
import jakarta.validation.Valid;
import lombok.RequiredArgsConstructor;
import org.springframework.http.MediaType;
import org.springframework.http.ResponseEntity;
import org.springframework.validation.BindException;
import org.springframework.web.bind.annotation.GetMapping;
import org.springframework.web.bind.annotation.PostMapping;
import org.springframework.web.bind.annotation.RequestBody;
import org.springframework.web.bind.annotation.RequestMapping;
import org.springframework.web.bind.annotation.RestController;

import static com.mewebstudio.javaspringbootboilerplate.util.Constants.SECURITY_SCHEME_NAME;

@RestController
@RequiredArgsConstructor
@RequestMapping(""/account"")
@Tag(name = ""002. Account"", description = ""Account API"")
public class AccountController extends AbstractBaseController {
    private final UserService userService;

    private final MessageSourceService messageSourceService;

    @GetMapping(""/me"")
    @Operation(
        summary = ""Me endpoint"",
        security = @SecurityRequirement(name = SECURITY_SCHEME_NAME),
        responses = {
            @ApiResponse(
                responseCode = ""200"",
                description = ""Successful operation"",
                content = @Content(
                    mediaType = ""application/json"",
                    schema = @Schema(implementation = UserResponse.class)
                )",,,,,,,
ITEM_075,JD_JAVA_11,Java Backend Developer,Fresher / Junior,Social Network & Technical Blogging Platform,"Java 17, Spring Boot 3, Spring Security 6, Spring Data JPA / Hibernate, PostgreSQL, Git",huseynovvusal/spring-blog-api,src/main/java/com/huseynovvusal/springblogapi/config/SecurityConfig.java,1,50,"package com.huseynovvusal.springblogapi.config;

import com.huseynovvusal.springblogapi.filter.BlockedUserFilter;
import com.huseynovvusal.springblogapi.filter.DatabaseHealthFilter;
import com.huseynovvusal.springblogapi.filter.JwtAuthenticationFilter;
import com.huseynovvusal.springblogapi.service.UserDetailsServiceImpl;
import lombok.RequiredArgsConstructor;
import org.slf4j.Logger;
import org.slf4j.LoggerFactory;
import org.springframework.boot.web.servlet.FilterRegistrationBean;
import org.springframework.context.annotation.Bean;
import org.springframework.context.annotation.Configuration;
import org.springframework.security.authentication.AuthenticationManager;
import org.springframework.security.config.annotation.authentication.configuration.AuthenticationConfiguration;
import org.springframework.security.config.annotation.web.builders.HttpSecurity;
import org.springframework.security.config.annotation.web.configuration.EnableWebSecurity;
import org.springframework.security.config.annotation.web.configurers.AbstractHttpConfigurer;
import org.springframework.security.config.http.SessionCreationPolicy;
import org.springframework.security.crypto.bcrypt.BCryptPasswordEncoder;
import org.springframework.security.crypto.password.PasswordEncoder;
import org.springframework.security.web.SecurityFilterChain;
import org.springframework.security.web.authentication.UsernamePasswordAuthenticationFilter;

/**
 * Security configuration class for setting up Spring Security. Configures JWT authentication,
 * stateless session management, and endpoint access rules.
 */
@Configuration
@EnableWebSecurity
@RequiredArgsConstructor
public class SecurityConfig {

  private static final Logger LOGGER = LoggerFactory.getLogger(SecurityConfig.class);

  private final UserDetailsServiceImpl userDetailsService;
  private final JwtAuthenticationFilter jwtAuthenticationFilter;
  private final BlockedUserFilter blockedUserFilter;
  private final DatabaseHealthFilter databaseHealthFilter;

  /**
   * Configures the security filter chain for HTTP requests. - Disables CSRF - Permits
   * unauthenticated access to /auth/** endpoints - Requires authentication for all other endpoints
   * - Adds JWT authentication filter before UsernamePasswordAuthenticationFilter
   *
   * @param http the HttpSecurity object to configure
   * @return the configured SecurityFilterChain
   * @throws Exception if configuration fails
   */
  @Bean
  public SecurityFilterChain securityFilterChain(HttpSecurity http) throws Exception {",,,,,,,
ITEM_076,JD_REACT_03,Fullstack TypeScript Fresher,Fresher,Fullstack Web Application Development,"TypeScript, JavaScript (ES6+), ReactJS, Node.js / Express.js, JWT Authentication, MongoDB / PostgreSQL / MySQL",RishiBakshii/mern-chat-app,backend/src/controllers/auth.controller.ts,1,50,"import { NextFunction, Request, Response } from ""express"";
import jwt from 'jsonwebtoken';
import { config } from ""../config/env.config.js"";
import type { AuthenticatedRequest, OAuthAuthenticatedRequest } from ""../interfaces/auth/auth.interface.js"";
import { prisma } from '../lib/prisma.lib.js';
import type { fcmTokenSchemaType } from ""../schemas/auth.schema.js"";
import { env } from ""../schemas/env.schema.js"";
import { CustomError, asyncErrorHandler } from ""../utils/error.utils.js"";


const getUserInfo = asyncErrorHandler(async(req:AuthenticatedRequest,res:Response,next:NextFunction)=>{
    const user = req.user
    const secureUserInfo = {
        id:user.id,
        name:user.name,
        username:user.username,
        avatar:user.avatar,
        email:user.email,
        createdAt:user.createdAt,
        updatedAt:user.updatedAt,
        emailVerified:user.emailVerified,
        publicKey:user.publicKey,
        notificationsEnabled:user.notificationsEnabled,
        verificationBadge:user.verificationBadge,
        fcmToken:user.fcmToken,
        oAuthSignup:user.oAuthSignup
    }
    return res.status(200).json(secureUserInfo)
})

const updateFcmToken = asyncErrorHandler(async(req:AuthenticatedRequest,res:Response,next:NextFunction)=>{

    const {fcmToken}:fcmTokenSchemaType = req.body

    const user =  await prisma.user.update({
        where:{
            id:req.user.id
        },
        data:{
            fcmToken
        }
    })
    return res.status(200).json({fcmToken:user.fcmToken})
})

const checkAuth = asyncErrorHandler(async(req:AuthenticatedRequest,res:Response,next:NextFunction)=>{
    if(req.user){
        const secureUserInfo = {
            id:req.user.id,
            name:req.user.name,",,,,,,,
ITEM_077,JD_REACT_10,Fullstack React & TypeScript Developer,Fresher / Junior,EdTech Fullstack Application,"TypeScript, ReactJS, Node.js / Express / NestJS, Redux Toolkit / Zustand, Prisma / TypeORM / Mongoose, Git",JordanKnott/taskcafe,frontend/src/shared/components/Admin/index.tsx,1,50,"import React, { useState, useRef } from 'react';
import styled, { css } from 'styled-components';
import TaskAssignee from 'shared/components/TaskAssignee';
import Select from 'shared/components/Select';
import { User, UserPlus, Checkmark } from 'shared/icons';
import { usePopup, Popup } from 'shared/components/PopupMenu';
import { RoleCode, useUpdateUserRoleMutation } from 'shared/generated/graphql';
import Input from 'shared/components/Input';
import Button from 'shared/components/Button';
import NOOP from 'shared/utils/noop';
import { mixin } from 'shared/utils/styles';

const UserSelect = styled(Select)`
  margin: 8px 0;
  padding: 8px 0;
`;

const NewUserPassInput = styled(Input)`
  margin: 8px 0;
`;

const InviteMemberButton = styled(Button)`
  padding: 7px 12px;
`;

const UserPassBar = styled.div`
  display: flex;
  padding-top: 8px;
`;

const UserPassConfirmButton = styled(Button)`
  width: 100%;
  padding: 7px 12px;
`;

const UserPassButton = styled(Button)`
  width: 50%;
  padding: 7px 12px;
  & ~ & {
    margin-left: 6px;
  }
`;

const MemberItemOptions = styled.div``;

const MemberItemOption = styled(Button)`
  padding: 7px 9px;
  margin: 4px 0 4px 8px;
  float: left;
  min-width: 95px;",,,,,,,
ITEM_078,JD_REACT_05,Next.js & TypeScript Frontend Developer,Fresher / Junior,High-Performance Web & Digital Commerce,"ReactJS, TypeScript, Next.js, Tailwind CSS, RESTful API / GraphQL",RishiBakshii/mern-chat-app,backend/src/controllers/auth.controller.ts,1,50,"import { NextFunction, Request, Response } from ""express"";
import jwt from 'jsonwebtoken';
import { config } from ""../config/env.config.js"";
import type { AuthenticatedRequest, OAuthAuthenticatedRequest } from ""../interfaces/auth/auth.interface.js"";
import { prisma } from '../lib/prisma.lib.js';
import type { fcmTokenSchemaType } from ""../schemas/auth.schema.js"";
import { env } from ""../schemas/env.schema.js"";
import { CustomError, asyncErrorHandler } from ""../utils/error.utils.js"";


const getUserInfo = asyncErrorHandler(async(req:AuthenticatedRequest,res:Response,next:NextFunction)=>{
    const user = req.user
    const secureUserInfo = {
        id:user.id,
        name:user.name,
        username:user.username,
        avatar:user.avatar,
        email:user.email,
        createdAt:user.createdAt,
        updatedAt:user.updatedAt,
        emailVerified:user.emailVerified,
        publicKey:user.publicKey,
        notificationsEnabled:user.notificationsEnabled,
        verificationBadge:user.verificationBadge,
        fcmToken:user.fcmToken,
        oAuthSignup:user.oAuthSignup
    }
    return res.status(200).json(secureUserInfo)
})

const updateFcmToken = asyncErrorHandler(async(req:AuthenticatedRequest,res:Response,next:NextFunction)=>{

    const {fcmToken}:fcmTokenSchemaType = req.body

    const user =  await prisma.user.update({
        where:{
            id:req.user.id
        },
        data:{
            fcmToken
        }
    })
    return res.status(200).json({fcmToken:user.fcmToken})
})

const checkAuth = asyncErrorHandler(async(req:AuthenticatedRequest,res:Response,next:NextFunction)=>{
    if(req.user){
        const secureUserInfo = {
            id:req.user.id,
            name:req.user.name,",,,,,,,
ITEM_079,JD_REACT_02,ReactJS / TypeScript Intern,Intern/Fresher,Digital Media & Streaming SPA,"HTML5/CSS3, JavaScript (ES6+), TypeScript, ReactJS",robbins23/admin-dashboard-nextjs-typescript-daisyui-template,src/components/typography/error-text.tsx,1,14,"import React, { ReactNode } from 'react';

interface ErrorTextProps {
  styleClass?: string;
  children: ReactNode;
}

function ErrorText({ styleClass, children }: ErrorTextProps): JSX.Element {
  return (
    <p className={`text-center text-error ${styleClass || ''}`}>{children}</p>
  );
}

export default ErrorText;",,,,,,,
ITEM_080,JD_REACT_04,Frontend Engineer,Fresher,B2B SaaS Analytics & Reporting Dashboard,"ReactJS, TypeScript, TanStack React Query, Tailwind CSS, Recharts / Chart.js",hoangtien2k3/ecommerce-microservices,auth-service/src/main/java/com/ecommerce/authservice/controller/AuthController.java,56,71,"@GetMapping(""/login"")
    public ResponseEntity<Void> ssoLogin(
            @RequestParam(value = ""redirect_uri"", required = false) String redirectUri) {
        String frontendRedirect = resolveFrontendRedirect(redirectUri);
        String state = ssoSessionStore.createLoginState(frontendRedirect);
        String authorizeUrl = UriComponentsBuilder.fromUriString(keycloakProperties.authorizationEndpoint())
                .queryParam(""client_id"", keycloakProperties.getClientId())
                .queryParam(""response_type"", ""code"")
                .queryParam(""scope"", ssoProperties.getScope())
                .queryParam(""redirect_uri"", ssoProperties.getBackendCallbackUrl())
                .queryParam(""state"", state)
                .build()
                .encode()
                .toUriString();
        return ResponseEntity.status(HttpStatus.FOUND).location(URI.create(authorizeUrl)).build();
    }",,,,,,,
ITEM_081,JD_JAVA_08,Junior Java Software Engineer,Junior,Logistics & Fleet Management,"Java 17, Spring Boot, Spring Data JPA, MySQL/PostgreSQL, MapStruct, Bean Validation",Angel-Raa/spring-security-jwt-authentication-and-authorization,src/main/java/com/github/angel/raa/modules/persistence/repository/CategoryRepository.java,1,6,"package com.github.angel.raa.modules.persistence.repository;

import com.github.angel.raa.modules.persistence.models.Category;
import org.springframework.data.jpa.repository.JpaRepository;

public interface CategoryRepository extends JpaRepository<Category, Long> { }",,,,,,,
ITEM_082,JD_JAVA_14,Backend Engineer (Java / Spring Boot),Intern/Fresher,HRTech & Recruitment Job Portal,"Java Core, Spring Boot, Spring Data JPA, Spring Security & JWT, PostgreSQL / MySQL",mdtalalwasim/blog-application-spring-boot-rest-api,blog-application-springboot-rest-apis/src/main/java/com/mdtalalwasim/blog/app/BlogApplicationSpringbootRestApisApplication.java,46,76,"@Override
	public void run(String... args) throws Exception {
		System.out.println(this.passwordEncoder.encode(""123456""));
		System.out.println(this.passwordEncoder.encode(""selim""));
		
		
		try {
			
			//create 2 Role, When Application run 1st time. if role is created before then it will not created again.
			Role role = new Role();
			role.setId(ApplicationConstants.ADMIN_USER_ID_HARDCODED_ID_VALUE);//role.setId(7001);
			role.setName(""ADMIN_USER"");
			
			Role role2 = new Role();
			role2.setId(ApplicationConstants.NORMAL_USER_ID_HARDCODED_ID_VALUE);//role.setId(7001);
			role2.setName(""NORMAL_USER"");
			
			List<Role> roles = List.of(role,role2);
			
			List<Role> rolesResult	 = this.roleRepository.saveAll(roles);
			
			//only systout for personal check.
			rolesResult.forEach(r->{
				System.out.println(r.getName());  
			});
			
			
		} catch (Exception e) {
			
		}
	}",,,,,,,
ITEM_083,JD_REACT_08,React TypeScript Fresher,Fresher,Personal Finance & Digital Banking Portal,"ReactJS, TypeScript, React Hook Form, Zod / Yup, Authentication & Axios Interceptors, Material UI / Ant Design / Shadcn UI / Tailwind CSS",sylvaincodes/youtube_ecommerce,components/modules/custom/Container.tsx,3,11,"export default function Container({
  children,
  className,
}: {
  children: React.ReactNode;
  className?: string;
}) {
  return <div className={`container h-full w-full ${className}`}>{children}</div>;
}",,,,,,,
ITEM_084,JD_REACT_08,React TypeScript Fresher,Fresher,Personal Finance & Digital Banking Portal,"ReactJS, TypeScript, React Hook Form, Zod / Yup, Authentication & Axios Interceptors, Material UI / Ant Design / Shadcn UI / Tailwind CSS",boxyhq/saas-starter-kit,components/account/UpdateName.tsx,1,50,"import { useFormik } from 'formik';
import toast from 'react-hot-toast';
import { useTranslation } from 'next-i18next';
import { Button, Input } from 'react-daisyui';

import type { ApiResponse } from 'types';
import { Card } from '@/components/shared';
import { defaultHeaders } from '@/lib/common';
import { User } from '@prisma/client';
import { useSession } from 'next-auth/react';
import { useRouter } from 'next/router';
import { updateAccountSchema } from '@/lib/zod';

const UpdateName = ({ user }: { user: Partial<User> }) => {
  const { t } = useTranslation('common');
  const { update } = useSession();
  const router = useRouter();

  const formik = useFormik({
    initialValues: {
      name: user.name,
    },
    validateOnBlur: false,
    enableReinitialize: true,
    validate: (values) => {
      try {
        updateAccountSchema.parse(values);
      } catch (error: any) {
        return error.formErrors.fieldErrors;
      }
    },
    onSubmit: async (values) => {
      const response = await fetch('/api/users', {
        method: 'PUT',
        headers: defaultHeaders,
        body: JSON.stringify(values),
      });

      if (!response.ok) {
        const json = (await response.json()) as ApiResponse;
        toast.error(json.error.message);
        return;
      }

      await update({
        name: values.name,
      });

      router.replace('/settings/account');
      toast.success(t('successfully-updated'));",,,,,,,
ITEM_085,JD_JAVA_12,Junior Java Developer,Junior,Enterprise Software & Financial Services,"Java 17, Spring Boot, JUnit 5 & Mockito, PostgreSQL/MySQL",mdtalalwasim/blog-application-spring-boot-rest-api,blog-application-springboot-rest-apis/src/main/java/com/mdtalalwasim/blog/app/controller/UserRestController.java,1,50,"package com.mdtalalwasim.blog.app.controller;

import java.util.List;
import java.util.Map;

import org.springframework.beans.factory.annotation.Autowired;
import org.springframework.http.HttpStatus;
import org.springframework.http.ResponseEntity;
import org.springframework.security.access.prepost.PreAuthorize;
import org.springframework.web.bind.annotation.DeleteMapping;
import org.springframework.web.bind.annotation.GetMapping;
import org.springframework.web.bind.annotation.PathVariable;
import org.springframework.web.bind.annotation.PostMapping;
import org.springframework.web.bind.annotation.PutMapping;
import org.springframework.web.bind.annotation.RequestBody;
import org.springframework.web.bind.annotation.RequestMapping;
import org.springframework.web.bind.annotation.RestController;

import com.mdtalalwasim.blog.app.payloads.ApiResponse;
import com.mdtalalwasim.blog.app.payloads.UserDto;
import com.mdtalalwasim.blog.app.services.UserService;

import jakarta.validation.Valid;

@RestController
@RequestMapping(""/api/users"")
public class UserRestController {
	
	@Autowired
	private UserService userService;
	
	
	//create user
	@PostMapping(""/"")
	public ResponseEntity<UserDto> createUser(@Valid @RequestBody UserDto userDto){
		UserDto createdUserDto = this.userService.createUser(userDto);
		return new ResponseEntity<>(createdUserDto,HttpStatus.CREATED);
		
	}
	
	//update user
	@PutMapping(""/{userId}"")
	public ResponseEntity<UserDto> updateUser(@Valid @RequestBody UserDto userDto, @PathVariable Integer userId){
		UserDto updatedUser = this.userService.updateUser(userDto, userId);
		//return new ResponseEntity<UserDto>(updatedUser,HttpStatus.OK);//or
		return  ResponseEntity.ok(updatedUser);
	}
	
	//to make access for only ADMIN ROLE.  
	//Admin can delete only",,,,,,,
ITEM_086,JD_JAVA_03,Java Backend Fresher,Fresher,Fintech & Payment Gateway,"Java, Spring Boot, Spring Data JPA, PostgreSQL, Redis",mdtalalwasim/blog-application-spring-boot-rest-api,blog-application-springboot-rest-apis/src/main/java/com/mdtalalwasim/blog/app/controller/UserRestController.java,1,50,"package com.mdtalalwasim.blog.app.controller;

import java.util.List;
import java.util.Map;

import org.springframework.beans.factory.annotation.Autowired;
import org.springframework.http.HttpStatus;
import org.springframework.http.ResponseEntity;
import org.springframework.security.access.prepost.PreAuthorize;
import org.springframework.web.bind.annotation.DeleteMapping;
import org.springframework.web.bind.annotation.GetMapping;
import org.springframework.web.bind.annotation.PathVariable;
import org.springframework.web.bind.annotation.PostMapping;
import org.springframework.web.bind.annotation.PutMapping;
import org.springframework.web.bind.annotation.RequestBody;
import org.springframework.web.bind.annotation.RequestMapping;
import org.springframework.web.bind.annotation.RestController;

import com.mdtalalwasim.blog.app.payloads.ApiResponse;
import com.mdtalalwasim.blog.app.payloads.UserDto;
import com.mdtalalwasim.blog.app.services.UserService;

import jakarta.validation.Valid;

@RestController
@RequestMapping(""/api/users"")
public class UserRestController {
	
	@Autowired
	private UserService userService;
	
	
	//create user
	@PostMapping(""/"")
	public ResponseEntity<UserDto> createUser(@Valid @RequestBody UserDto userDto){
		UserDto createdUserDto = this.userService.createUser(userDto);
		return new ResponseEntity<>(createdUserDto,HttpStatus.CREATED);
		
	}
	
	//update user
	@PutMapping(""/{userId}"")
	public ResponseEntity<UserDto> updateUser(@Valid @RequestBody UserDto userDto, @PathVariable Integer userId){
		UserDto updatedUser = this.userService.updateUser(userDto, userId);
		//return new ResponseEntity<UserDto>(updatedUser,HttpStatus.OK);//or
		return  ResponseEntity.ok(updatedUser);
	}
	
	//to make access for only ADMIN ROLE.  
	//Admin can delete only",,,,,,,
ITEM_087,JD_REACT_09,Frontend Web Developer,Intern / Fresher,Service Discovery & Booking Platform,"ReactJS, TypeScript, React Router, Axios",HalseySpicy/Hooks-Admin,src/api/index.ts,25,88,"public constructor(config: AxiosRequestConfig) {
		// 实例化axios
		this.service = axios.create(config);

		/**
		 * @description 请求拦截器
		 * 客户端发送请求 -> [请求拦截器] -> 服务器
		 * token校验(JWT) : 接受服务器返回的token,存储到redux/本地储存当中
		 */
		this.service.interceptors.request.use(
			(config: AxiosRequestConfig) => {
				NProgress.start();
				// * 将当前请求添加到 pending 中
				axiosCanceler.addPending(config);
				// * 如果当前请求不需要显示 loading,在api服务中通过指定的第三个参数: { headers: { noLoading: true } }来控制不显示loading，参见loginApi
				config.headers!.noLoading || showFullScreenLoading();
				const token: string = store.getState().global.token;
				return { ...config, headers: { ...config.headers, ""x-access-token"": token } };
			},
			(error: AxiosError) => {
				return Promise.reject(error);
			}
		);

		/**
		 * @description 响应拦截器
		 *  服务器换返回信息 -> [拦截统一处理] -> 客户端JS获取到信息
		 */
		this.service.interceptors.response.use(
			(response: AxiosResponse) => {
				const { data, config } = response;
				NProgress.done();
				// * 在请求结束后，移除本次请求(关闭loading)
				axiosCanceler.removePending(config);
				tryHideFullScreenLoading();
				// * 登录失效（code == 599）
				if (data.code == ResultEnum.OVERDUE) {
					store.dispatch(setToken(""""));
					message.error(data.msg);
					window.location.hash = ""/login"";
					return Promise.reject(data);
				}
				// * 全局错误信息拦截（防止下载文件得时候返回数据流，没有code，直接报错）
				if (data.code && data.code !== ResultEnum.SUCCESS) {
					message.error(data.msg);
					return Promise.reject(data);
				}
				// * 成功请求（在页面上除非特殊情况，否则不用处理失败逻辑）
				return data;
			},
			async (error: AxiosError) => {
				const { response } = error;
				NProgress.done();
				tryHideFullScreenLoading();
				// 请求超时单独判断，请求超时没有 response
				if (error.message.indexOf(""timeout"") !== -1) message.error(""请求超时，请稍后再试"");
				// 根据响应的错误状态码，做不同的处理
				if (response) checkStatus(response.status);
				// 服务器结果都没有返回(可能服务器错误可能客户端断网) 断网处理:可以跳转到断网页面
				if (!window.navigator.onLine) window.location.hash = ""/500"";
				return Promise.reject(error);
			}
		);
	}",,,,,,,
ITEM_088,JD_JAVA_13,Java Backend Fresher,Fresher,FoodTech & Delivery Platform,"Java, Spring Boot, Spring Security & JWT, MySQL & Spring Data JPA, RabbitMQ / Kafka",devdcores/BookStoreApp-Distributed-Application,bookstore-account-service/src/main/java/com/devd/spring/bookstoreaccountservice/config/AuthForwardInterceptor.java,1,29,"package com.devd.spring.bookstoreaccountservice.config;

import feign.RequestInterceptor;
import feign.RequestTemplate;
import java.util.Objects;
import javax.servlet.http.HttpServletRequest;
import org.springframework.http.HttpHeaders;
import org.springframework.stereotype.Component;
import org.springframework.web.context.request.RequestContextHolder;
import org.springframework.web.context.request.ServletRequestAttributes;

/**
 * @author: Devaraj Reddy, Date : 2019-07-02
 */

/*
This is required for Feign clients to make request to services.
It takes the token from header and set the header in the feign request header.
 */
@Component
public class AuthForwardInterceptor implements RequestInterceptor {

  @Override
  public void apply(RequestTemplate template) {
    HttpServletRequest request = ((ServletRequestAttributes) Objects
        .requireNonNull(RequestContextHolder.getRequestAttributes())).getRequest();
    template.header(HttpHeaders.AUTHORIZATION, request.getHeader(HttpHeaders.AUTHORIZATION));
  }
}",,,,,,,
ITEM_089,JD_JAVA_07,Java API Developer,Fresher,Real-time Messaging & Notification Services,"Java, Spring Boot, Spring WebSocket / STOMP, JWT & Spring Security, PostgreSQL / MySQL / MongoDB",mewebstudio/java-spring-boot-boilerplate,src/main/java/com/mewebstudio/javaspringbootboilerplate/controller/AccountController.java,66,106,"@PostMapping(""/password"")
    @Operation(
        summary = ""Password update endpoint"",
        security = @SecurityRequirement(name = SECURITY_SCHEME_NAME),
        responses = {
            @ApiResponse(
                responseCode = ""200"",
                description = ""Successful operation"",
                content = @Content(
                    mediaType = ""application/json"",
                    schema = @Schema(implementation = SuccessResponse.class)
                )
            ),
            @ApiResponse(
                responseCode = ""401"",
                description = ""Bad credentials"",
                content = @Content(
                    mediaType = MediaType.APPLICATION_JSON_VALUE,
                    schema = @Schema(implementation = ErrorResponse.class)
                )
            ),
            @ApiResponse(
                responseCode = ""422"",
                description = ""Validation failed"",
                content = @Content(
                    mediaType = MediaType.APPLICATION_JSON_VALUE,
                    schema = @Schema(implementation = DetailedErrorResponse.class)
                )
            )
        }
    )
    public ResponseEntity<SuccessResponse> password(
        @Parameter(description = ""Request body to update password"", required = true)
        @RequestBody @Valid UpdatePasswordRequest request
    ) throws BindException {
        userService.updatePassword(request);

        return ResponseEntity.ok(SuccessResponse.builder()
            .message(messageSourceService.get(""your_password_updated""))
            .build());
    }",,,,,,,
ITEM_090,JD_JAVA_07,Java API Developer,Fresher,Real-time Messaging & Notification Services,"Java, Spring Boot, Spring WebSocket / STOMP, JWT & Spring Security, PostgreSQL / MySQL / MongoDB",Rapter1990/parkinglot,src/main/java/com/project/parkinglot/config/OpenApiConfig.java,1,35,"package com.project.parkinglot.config;

import io.swagger.v3.oas.annotations.OpenAPIDefinition;
import io.swagger.v3.oas.annotations.enums.SecuritySchemeIn;
import io.swagger.v3.oas.annotations.enums.SecuritySchemeType;
import io.swagger.v3.oas.annotations.info.Contact;
import io.swagger.v3.oas.annotations.info.Info;
import io.swagger.v3.oas.annotations.security.SecurityScheme;

/**
 * Configuration class named {@link OpenApiConfig} for OpenAPI documentation.
 */
@OpenAPIDefinition(
        info = @Info(
                contact = @Contact(
                        name = ""Sercan Noyan Germiyanoğlu | Mehmet Şeymus Yüzen | Harun Yusuf Ekşioğlu | Muhammet Oğuzhan Aydoğan"",
                        url = ""https://github.com/Rapter1990/parkinglot/""
                ),
                description = ""Case Study - Parking Lot "" +
                        ""(Spring Boot, Spring Security , Mysql, JUnit, Integration Test, Docker, Test Container, AOP, Prometheus, Grafana) "",
                title = ""Parking Lot App API"",
                version = ""1.0.0""
        )
)
@SecurityScheme(
        name = ""bearerAuth"",
        description = ""JWT Token"",
        scheme = ""bearer"",
        type = SecuritySchemeType.HTTP,
        bearerFormat = ""JWT"",
        in = SecuritySchemeIn.HEADER
)
public class OpenApiConfig {

}",,,,,,,
ITEM_091,JD_REACT_03,Fullstack TypeScript Fresher,Fresher,Fullstack Web Application Development,"TypeScript, JavaScript (ES6+), ReactJS, Node.js / Express.js, JWT Authentication, MongoDB / PostgreSQL / MySQL",sylvaincodes/youtube_ecommerce,components/modules/custom/Container.tsx,1,11,"import React from ""react"";

export default function Container({
  children,
  className,
}: {
  children: React.ReactNode;
  className?: string;
}) {
  return <div className={`container h-full w-full ${className}`}>{children}</div>;
}",,,,,,,
ITEM_092,JD_JAVA_12,Junior Java Developer,Junior,Enterprise Software & Financial Services,"Java 17, Spring Boot, JUnit 5 & Mockito, PostgreSQL/MySQL",rocketbase-io/commons-auth,commons-auth-api/src/main/java/io/rocketbase/commons/dto/appinvite/AppInviteRead.java,1,45,"package io.rocketbase.commons.dto.appinvite;

import io.rocketbase.commons.model.HasFirstAndLastName;
import io.rocketbase.commons.model.HasKeyValue;
import io.swagger.v3.oas.annotations.media.Schema;
import lombok.*;

import java.time.Instant;
import java.util.List;
import java.util.Map;

/**
 * database entity representation of invited persons
 */
@Data
@Builder
@NoArgsConstructor
@AllArgsConstructor
@EqualsAndHashCode(of = ""id"")
@Schema(description = ""database entity representation of invited persons"")
public class AppInviteRead implements HasKeyValue, HasFirstAndLastName {
    private String id;

    @Schema(description = ""name that will get displayed to person within email"")
    private String invitor;

    @Schema(description = ""custom message to the invited person"")
    private String message;

    private String firstName;

    private String lastName;

    private String email;

    @Singular
    private List<String> roles;

    @Singular
    private Map<String, String> keyValues;

    private Instant created;

    private Instant expiration;
}",,,,,,,
ITEM_093,JD_JAVA_06,Fresher Java Backend Engineer,Fresher,Digital Healthcare & Telemedicine,"Java 11/17, Spring Boot, Spring Data JPA, PostgreSQL/MySQL",Snailclimb/spring-security-jwt-guide,src/main/java/github/javaguide/springsecurityjwtguide/security/service/AuthService.java,1,50,"package github.javaguide.springsecurityjwtguide.security.service;

import github.javaguide.springsecurityjwtguide.security.common.utils.CurrentUserUtil;
import github.javaguide.springsecurityjwtguide.security.common.utils.JwtTokenUtil;
import github.javaguide.springsecurityjwtguide.security.dto.LoginRequest;
import github.javaguide.springsecurityjwtguide.security.entity.JwtUser;
import github.javaguide.springsecurityjwtguide.system.entity.User;
import github.javaguide.springsecurityjwtguide.system.exception.UserNameNotFoundException;
import github.javaguide.springsecurityjwtguide.system.service.UserService;
import lombok.RequiredArgsConstructor;
import lombok.extern.slf4j.Slf4j;
import org.springframework.beans.factory.annotation.Autowired;
import org.springframework.data.redis.core.StringRedisTemplate;
import org.springframework.security.authentication.BadCredentialsException;
import org.springframework.security.core.Authentication;
import org.springframework.security.core.GrantedAuthority;
import org.springframework.security.core.context.SecurityContextHolder;
import org.springframework.stereotype.Service;

import java.util.List;
import java.util.stream.Collectors;

/**
 * @author shuang.kou
 **/
@Service
@RequiredArgsConstructor(onConstructor = @__(@Autowired))
@Slf4j
public class AuthService {
    private final UserService userService;
    private final StringRedisTemplate stringRedisTemplate;
    private final CurrentUserUtil currentUserUtil;

    public String createToken(LoginRequest loginRequest) {
        User user = userService.find(loginRequest.getUsername());
        if (!userService.check(loginRequest.getPassword(), user.getPassword())) {
            throw new BadCredentialsException(""The user name or password is not correct."");
        }
        JwtUser jwtUser = new JwtUser(user);
        if (!jwtUser.isEnabled()) {
            throw new BadCredentialsException(""User is forbidden to login"");
        }
        List<String> authorities = jwtUser.getAuthorities()
                .stream()
                .map(GrantedAuthority::getAuthority)
                .collect(Collectors.toList());
        String token = JwtTokenUtil.createToken(user.getUserName(), user.getId().toString(), authorities, loginRequest.getRememberMe());
        stringRedisTemplate.opsForValue().set(user.getId().toString(), token);
        return token;
    }",,,,,,,
ITEM_094,JD_REACT_07,Frontend Developer Intern/Fresher,Intern/Fresher,Real-Time Collaboration & Messaging,"ReactJS, TypeScript, WebSocket / Socket.io-client, Zustand / Redux Toolkit / React Context API, Tailwind CSS / SCSS",JordanKnott/taskcafe,frontend/src/shared/components/Admin/index.tsx,201,250,"
const TabContentWrapper = styled.div`
  position: relative;
  display: block;
  overflow: hidden;
  width: 100%;
  margin-left: 1rem;
`;

const TabContent = styled.div`
  position: relative;
  width: 100%;
  display: block;
  padding: 0;
  padding: 1.5rem;
  background-color: #10163a;
  border-radius: 0.5rem;
`;

const items = [{ name: 'Members' }];

export const RoleCheckmark = styled(Checkmark)`
  padding-left: 4px;
`;

const permissions = [
  {
    code: 'owner',
    name: 'Owner',
    description:
      'Can view, create and edit team projects, and change settings for the team. Will have admin rights on all projects in this team. Can delete the team and all team projects.',
  },
  {
    code: 'admin',
    name: 'Admin',
    description:
      'Can view, create and edit team projects, and change settings for the team. Will have admin rights on all projects in this team.',
  },

  { code: 'member', name: 'Member', description: 'Can view, create, and edit team projects, but not change settings.' },
];

export const RoleName = styled.div`
  font-size: 14px;
  font-weight: 700;
`;
export const RoleDescription = styled.div`
  margin-top: 4px;
  font-size: 14px;
`;",,,,,,,
ITEM_095,JD_JAVA_03,Java Backend Fresher,Fresher,Fintech & Payment Gateway,"Java, Spring Boot, Spring Data JPA, PostgreSQL, Redis",Snailclimb/spring-security-jwt-guide,src/main/java/github/javaguide/springsecurityjwtguide/security/service/AuthService.java,1,50,"package github.javaguide.springsecurityjwtguide.security.service;

import github.javaguide.springsecurityjwtguide.security.common.utils.CurrentUserUtil;
import github.javaguide.springsecurityjwtguide.security.common.utils.JwtTokenUtil;
import github.javaguide.springsecurityjwtguide.security.dto.LoginRequest;
import github.javaguide.springsecurityjwtguide.security.entity.JwtUser;
import github.javaguide.springsecurityjwtguide.system.entity.User;
import github.javaguide.springsecurityjwtguide.system.exception.UserNameNotFoundException;
import github.javaguide.springsecurityjwtguide.system.service.UserService;
import lombok.RequiredArgsConstructor;
import lombok.extern.slf4j.Slf4j;
import org.springframework.beans.factory.annotation.Autowired;
import org.springframework.data.redis.core.StringRedisTemplate;
import org.springframework.security.authentication.BadCredentialsException;
import org.springframework.security.core.Authentication;
import org.springframework.security.core.GrantedAuthority;
import org.springframework.security.core.context.SecurityContextHolder;
import org.springframework.stereotype.Service;

import java.util.List;
import java.util.stream.Collectors;

/**
 * @author shuang.kou
 **/
@Service
@RequiredArgsConstructor(onConstructor = @__(@Autowired))
@Slf4j
public class AuthService {
    private final UserService userService;
    private final StringRedisTemplate stringRedisTemplate;
    private final CurrentUserUtil currentUserUtil;

    public String createToken(LoginRequest loginRequest) {
        User user = userService.find(loginRequest.getUsername());
        if (!userService.check(loginRequest.getPassword(), user.getPassword())) {
            throw new BadCredentialsException(""The user name or password is not correct."");
        }
        JwtUser jwtUser = new JwtUser(user);
        if (!jwtUser.isEnabled()) {
            throw new BadCredentialsException(""User is forbidden to login"");
        }
        List<String> authorities = jwtUser.getAuthorities()
                .stream()
                .map(GrantedAuthority::getAuthority)
                .collect(Collectors.toList());
        String token = JwtTokenUtil.createToken(user.getUserName(), user.getId().toString(), authorities, loginRequest.getRememberMe());
        stringRedisTemplate.opsForValue().set(user.getId().toString(), token);
        return token;
    }",,,,,,,
ITEM_096,JD_REACT_09,Frontend Web Developer,Intern / Fresher,Service Discovery & Booking Platform,"ReactJS, TypeScript, React Router, Axios",devdcores/BookStoreApp-Distributed-Application,bookstore-account-service/src/main/java/com/devd/spring/bookstoreaccountservice/config/AuthForwardInterceptor.java,1,29,"package com.devd.spring.bookstoreaccountservice.config;

import feign.RequestInterceptor;
import feign.RequestTemplate;
import java.util.Objects;
import javax.servlet.http.HttpServletRequest;
import org.springframework.http.HttpHeaders;
import org.springframework.stereotype.Component;
import org.springframework.web.context.request.RequestContextHolder;
import org.springframework.web.context.request.ServletRequestAttributes;

/**
 * @author: Devaraj Reddy, Date : 2019-07-02
 */

/*
This is required for Feign clients to make request to services.
It takes the token from header and set the header in the feign request header.
 */
@Component
public class AuthForwardInterceptor implements RequestInterceptor {

  @Override
  public void apply(RequestTemplate template) {
    HttpServletRequest request = ((ServletRequestAttributes) Objects
        .requireNonNull(RequestContextHolder.getRequestAttributes())).getRequest();
    template.header(HttpHeaders.AUTHORIZATION, request.getHeader(HttpHeaders.AUTHORIZATION));
  }
}",,,,,,,
ITEM_097,JD_REACT_05,Next.js & TypeScript Frontend Developer,Fresher / Junior,High-Performance Web & Digital Commerce,"ReactJS, TypeScript, Next.js, Tailwind CSS, RESTful API / GraphQL",Blazity/next-enterprise,app/page.tsx,1,50,"import { Metadata } from ""next""
import { Button } from ""components/Button/Button""

import { LP_GRID_ITEMS } from ""lp-items""

export const metadata: Metadata = {
  title: ""Next.js Enterprise Boilerplate"",
  twitter: {
    card: ""summary_large_image"",
  },
  openGraph: {
    url: ""https://next-enterprise.vercel.app/"",
    images: [
      {
        width: 1200,
        height: 630,
        url: ""https://raw.githubusercontent.com/Blazity/next-enterprise/main/.github/assets/project-logo.png"",
      },
    ],
  },
}

export default function Web() {
  return (
    <>
      <section className=""bg-white dark:bg-gray-900"">
        <div className=""mx-auto grid max-w-(--breakpoint-xl) px-4 py-8 text-center lg:py-16"">
          <div className=""mx-auto place-self-center"">
            <h1 className=""mb-4 max-w-2xl text-4xl leading-none font-extrabold tracking-tight md:text-5xl xl:text-6xl dark:text-white"">
              Next.js Enterprise Boilerplate
            </h1>
            <p className=""mb-6 max-w-2xl font-light text-gray-500 md:text-lg lg:mb-8 lg:text-xl dark:text-gray-400"">
              Jumpstart your enterprise project with our feature-packed, high-performance Next.js boilerplate!
              Experience rapid UI development, AI-powered code reviews, and an extensive suite of tools for a smooth and
              enjoyable development process.
            </p>
            <Button href=""https://github.com/Blazity/next-enterprise"" className=""mr-3"">
              Get started
            </Button>
            <Button
              href=""https://vercel.com/new/git/external?repository-url=https://github.com/Blazity/next-enterprise""
              intent=""secondary""
            >
              Deploy Now
            </Button>
          </div>
        </div>
      </section>
      <section className=""bg-white dark:bg-gray-900"">
        <div className=""mx-auto max-w-(--breakpoint-xl) px-4 py-8 sm:py-16 lg:px-6"">",,,,,,,
ITEM_098,JD_JAVA_02,Junior Java Developer,Intern/Fresher,Enterprise Web & HRM Systems,"Java, Spring Boot, Spring Data JPA, PostgreSQL, JUnit",hoangtien2k3/ecommerce-microservices,auth-service/src/main/java/com/ecommerce/authservice/controller/RoleController.java,1,50,"package com.ecommerce.authservice.controller;

import com.ecommerce.authservice.service.RoleService;
import com.ecommerce.commonlib.constants.ApiPaths;
import com.ecommerce.commonlib.exception.BusinessException;
import com.ecommerce.commonlib.exception.ErrorCode;
import com.ecommerce.commonlib.viewmodel.ApiResponse;
import jakarta.validation.constraints.NotBlank;
import lombok.RequiredArgsConstructor;
import org.springframework.security.access.prepost.PreAuthorize;
import org.springframework.validation.annotation.Validated;
import org.springframework.web.bind.annotation.GetMapping;
import org.springframework.web.bind.annotation.PathVariable;
import org.springframework.web.bind.annotation.PostMapping;
import org.springframework.web.bind.annotation.RequestBody;
import org.springframework.web.bind.annotation.RequestMapping;
import org.springframework.web.bind.annotation.RestController;

import org.slf4j.Logger;
import org.slf4j.LoggerFactory;
import java.util.List;

@RestController
@RequestMapping(ApiPaths.ROLES)
@RequiredArgsConstructor
@Validated
public class RoleController {

    private static final Logger log = LoggerFactory.getLogger(RoleController.class);

    private final RoleService roleService;

    @PostMapping(""/users/{userId}/assign"")
    @PreAuthorize(""hasAuthority('ADMIN')"")
    public ApiResponse<Void> assignRoles(@PathVariable Long userId,
                                         @RequestBody @NotBlank String roleNames) {
        if (!roleService.assignRole(userId, roleNames)) {
            throw BusinessException.of(ErrorCode.CONFLICT);
        }
        return ApiResponse.message(""Roles assigned to user "" + userId);
    }

    @PostMapping(""/users/{userId}/revoke"")
    @PreAuthorize(""hasAuthority('ADMIN')"")
    public ApiResponse<Void> revokeRoles(@PathVariable Long userId,
                                         @RequestBody @NotBlank String roleNames) {
        if (!roleService.revokeRole(userId, roleNames)) {
            throw BusinessException.of(ErrorCode.CONFLICT);
        }
        return ApiResponse.message(""Roles revoked from user "" + userId);",,,,,,,
ITEM_099,JD_REACT_02,ReactJS / TypeScript Intern,Intern/Fresher,Digital Media & Streaming SPA,"HTML5/CSS3, JavaScript (ES6+), TypeScript, ReactJS",JordanKnott/taskcafe,frontend/src/shared/components/Checklist/index.tsx,481,530,"type ChecklistTitleEditorProps = {
  name: string;
  onChangeName: (item: string) => void;
  onCancel: () => void;
};

const ChecklistTitleEditor = React.forwardRef(
  ({ name, onChangeName, onCancel }: ChecklistTitleEditorProps, $name: any) => {
    const [currentName, setCurrentName] = useState(name);
    return (
      <>
        <ChecklistNameEditor
          ref={$name}
          value={currentName}
          onChange={e => {
            setCurrentName(e.currentTarget.value);
          }}
          onKeyDown={e => {
            if (e.key === 'Enter') {
              onChangeName(currentName);
            }
          }}
        />
        <EditControls>
          <SaveButton
            onClick={() => {
              onChangeName(currentName);
            }}
            variant=""relief""
          >
            Save
          </SaveButton>
          <CancelButton
            onClick={e => {
              e.stopPropagation();
              onCancel();
            }}
          >
            <Cross width={20} height={20} />
          </CancelButton>
        </EditControls>
      </>
    );
  },
);
type ChecklistProps = {
  checklistID: string;
  onDeleteChecklist: ($target: React.RefObject<HTMLElement>, checklistID: string) => void;
  name: string;
  children: React.ReactNode;",,,,,,,
ITEM_100,JD_JAVA_07,Java API Developer,Fresher,Real-time Messaging & Notification Services,"Java, Spring Boot, Spring WebSocket / STOMP, JWT & Spring Security, PostgreSQL / MySQL / MongoDB",mewebstudio/java-spring-boot-boilerplate,src/main/java/com/mewebstudio/javaspringbootboilerplate/controller/AccountController.java,39,64,"@GetMapping(""/me"")
    @Operation(
        summary = ""Me endpoint"",
        security = @SecurityRequirement(name = SECURITY_SCHEME_NAME),
        responses = {
            @ApiResponse(
                responseCode = ""200"",
                description = ""Successful operation"",
                content = @Content(
                    mediaType = ""application/json"",
                    schema = @Schema(implementation = UserResponse.class)
                )
            ),
            @ApiResponse(
                responseCode = ""401"",
                description = ""Bad credentials"",
                content = @Content(
                    mediaType = MediaType.APPLICATION_JSON_VALUE,
                    schema = @Schema(implementation = ErrorResponse.class)
                )
            )
        }
    )
    public ResponseEntity<UserResponse> me() {
        return ResponseEntity.ok(UserResponse.convert(userService.getUser()));
    }",,,,,,,
ITEM_101,JD_JAVA_12,Junior Java Developer,Junior,Enterprise Software & Financial Services,"Java 17, Spring Boot, JUnit 5 & Mockito, PostgreSQL/MySQL",f-lab-edu/fast-shoppers,src/main/java/com/fastshoppers/entity/Product.java,1,50,"package com.fastshoppers.entity;

import java.math.BigDecimal;

import org.springframework.data.jpa.domain.support.AuditingEntityListener;

import jakarta.persistence.AttributeOverride;
import jakarta.persistence.Column;
import jakarta.persistence.Entity;
import jakarta.persistence.EntityListeners;
import jakarta.persistence.FetchType;
import jakarta.persistence.JoinColumn;
import jakarta.persistence.ManyToOne;
import jakarta.persistence.Table;
import lombok.AllArgsConstructor;
import lombok.Getter;
import lombok.NoArgsConstructor;
import lombok.Setter;
import lombok.ToString;

@Entity
@AttributeOverride(name = ""id"", column = @Column(name = ""product_id"", nullable = false))
@Table(name = ""product"")
@Getter
@Setter
@NoArgsConstructor
@AllArgsConstructor
@EntityListeners(AuditingEntityListener.class)
@ToString
public class Product extends BaseEntity {

	@Column(name = ""product_uuid"", nullable = false, unique = true)
	private String productUuid;

	@ManyToOne(fetch = FetchType.LAZY)
	@JoinColumn(name = ""category_id"", nullable = false)
	private Category category;

	@Column(name = ""product_name"", length = 255, nullable = false)
	private String productName;

	@Column(name = ""product_subtitle"", length = 255)
	private String productSubtitle;

	@Column(name = ""list_price"", nullable = false)
	private BigDecimal listPrice;

	@Column(name = ""selling_price"", nullable = false)
	private BigDecimal sellingPrice;
",,,,,,,
ITEM_102,JD_JAVA_08,Junior Java Software Engineer,Junior,Logistics & Fleet Management,"Java 17, Spring Boot, Spring Data JPA, MySQL/PostgreSQL, MapStruct, Bean Validation",osopromadze/Spring-Boot-Blog-REST-API,src/main/java/com/sopromadze/blogapi/BlogApiApplication.java,1,38,"package com.sopromadze.blogapi;

import com.sopromadze.blogapi.security.JwtAuthenticationFilter;
import org.modelmapper.ModelMapper;
import org.springframework.boot.SpringApplication;
import org.springframework.boot.autoconfigure.SpringBootApplication;
import org.springframework.boot.autoconfigure.domain.EntityScan;
import org.springframework.context.annotation.Bean;
import org.springframework.data.convert.Jsr310Converters;

import javax.annotation.PostConstruct;
import java.util.TimeZone;

@SpringBootApplication
@EntityScan(basePackageClasses = { BlogApiApplication.class, Jsr310Converters.class })

public class BlogApiApplication {

	public static void main(String[] args) {
		SpringApplication.run(BlogApiApplication.class, args);
	}

	@PostConstruct
	void init() {
		TimeZone.setDefault(TimeZone.getTimeZone(""UTC""));
	}

	@Bean
	public JwtAuthenticationFilter jwtAuthenticationFilter() {
		return new JwtAuthenticationFilter();
	}

	@Bean
	public ModelMapper modelMapper() {
		return new ModelMapper();
	}

}",,,,,,,
ITEM_103,JD_JAVA_06,Fresher Java Backend Engineer,Fresher,Digital Healthcare & Telemedicine,"Java 11/17, Spring Boot, Spring Data JPA, PostgreSQL/MySQL",devdcores/BookStoreApp-Distributed-Application,bookstore-account-service/src/main/java/com/devd/spring/bookstoreaccountservice/config/AuthForwardInterceptor.java,1,29,"package com.devd.spring.bookstoreaccountservice.config;

import feign.RequestInterceptor;
import feign.RequestTemplate;
import java.util.Objects;
import javax.servlet.http.HttpServletRequest;
import org.springframework.http.HttpHeaders;
import org.springframework.stereotype.Component;
import org.springframework.web.context.request.RequestContextHolder;
import org.springframework.web.context.request.ServletRequestAttributes;

/**
 * @author: Devaraj Reddy, Date : 2019-07-02
 */

/*
This is required for Feign clients to make request to services.
It takes the token from header and set the header in the feign request header.
 */
@Component
public class AuthForwardInterceptor implements RequestInterceptor {

  @Override
  public void apply(RequestTemplate template) {
    HttpServletRequest request = ((ServletRequestAttributes) Objects
        .requireNonNull(RequestContextHolder.getRequestAttributes())).getRequest();
    template.header(HttpHeaders.AUTHORIZATION, request.getHeader(HttpHeaders.AUTHORIZATION));
  }
}",,,,,,,
ITEM_104,JD_REACT_06,Junior ReactJS Developer,Junior,Productivity & Collaborative Kanban System,"ReactJS, TypeScript, Redux Toolkit / Zustand, React Hook Form & Zod/Yup, Tailwind CSS / CSS-in-JS",devias-io/material-kit-react,src/components/auth/reset-password-form.tsx,1,50,"'use client';

import * as React from 'react';
import { zodResolver } from '@hookform/resolvers/zod';
import Alert from '@mui/material/Alert';
import Button from '@mui/material/Button';
import FormControl from '@mui/material/FormControl';
import FormHelperText from '@mui/material/FormHelperText';
import InputLabel from '@mui/material/InputLabel';
import OutlinedInput from '@mui/material/OutlinedInput';
import Stack from '@mui/material/Stack';
import Typography from '@mui/material/Typography';
import { Controller, useForm } from 'react-hook-form';
import { z as zod } from 'zod';

import { authClient } from '@/lib/auth/client';

const schema = zod.object({ email: zod.string().min(1, { message: 'Email is required' }).email() });

type Values = zod.infer<typeof schema>;

const defaultValues = { email: '' } satisfies Values;

export function ResetPasswordForm(): React.JSX.Element {
  const [isPending, setIsPending] = React.useState<boolean>(false);

  const {
    control,
    handleSubmit,
    setError,
    formState: { errors },
  } = useForm<Values>({ defaultValues, resolver: zodResolver(schema) });

  const onSubmit = React.useCallback(
    async (values: Values): Promise<void> => {
      setIsPending(true);

      const { error } = await authClient.resetPassword(values);

      if (error) {
        setError('root', { type: 'server', message: error });
        setIsPending(false);
        return;
      }

      setIsPending(false);

      // Redirect to confirm password reset
    },
    [setError]",,,,,,,
ITEM_105,JD_JAVA_15,Java Backend Fresher,Fresher,Retail & Warehouse Inventory Management,"Java 17, Spring Boot, Spring Data JPA, MySQL/PostgreSQL, JWT",devdcores/BookStoreApp-Distributed-Application,bookstore-account-service/src/main/java/com/devd/spring/bookstoreaccountservice/config/AuthForwardInterceptor.java,1,29,"package com.devd.spring.bookstoreaccountservice.config;

import feign.RequestInterceptor;
import feign.RequestTemplate;
import java.util.Objects;
import javax.servlet.http.HttpServletRequest;
import org.springframework.http.HttpHeaders;
import org.springframework.stereotype.Component;
import org.springframework.web.context.request.RequestContextHolder;
import org.springframework.web.context.request.ServletRequestAttributes;

/**
 * @author: Devaraj Reddy, Date : 2019-07-02
 */

/*
This is required for Feign clients to make request to services.
It takes the token from header and set the header in the feign request header.
 */
@Component
public class AuthForwardInterceptor implements RequestInterceptor {

  @Override
  public void apply(RequestTemplate template) {
    HttpServletRequest request = ((ServletRequestAttributes) Objects
        .requireNonNull(RequestContextHolder.getRequestAttributes())).getRequest();
    template.header(HttpHeaders.AUTHORIZATION, request.getHeader(HttpHeaders.AUTHORIZATION));
  }
}",,,,,,,
ITEM_106,JD_JAVA_03,Java Backend Fresher,Fresher,Fintech & Payment Gateway,"Java, Spring Boot, Spring Data JPA, PostgreSQL, Redis",f-lab-edu/fast-shoppers,src/main/java/com/fastshoppers/entity/Product.java,1,50,"package com.fastshoppers.entity;

import java.math.BigDecimal;

import org.springframework.data.jpa.domain.support.AuditingEntityListener;

import jakarta.persistence.AttributeOverride;
import jakarta.persistence.Column;
import jakarta.persistence.Entity;
import jakarta.persistence.EntityListeners;
import jakarta.persistence.FetchType;
import jakarta.persistence.JoinColumn;
import jakarta.persistence.ManyToOne;
import jakarta.persistence.Table;
import lombok.AllArgsConstructor;
import lombok.Getter;
import lombok.NoArgsConstructor;
import lombok.Setter;
import lombok.ToString;

@Entity
@AttributeOverride(name = ""id"", column = @Column(name = ""product_id"", nullable = false))
@Table(name = ""product"")
@Getter
@Setter
@NoArgsConstructor
@AllArgsConstructor
@EntityListeners(AuditingEntityListener.class)
@ToString
public class Product extends BaseEntity {

	@Column(name = ""product_uuid"", nullable = false, unique = true)
	private String productUuid;

	@ManyToOne(fetch = FetchType.LAZY)
	@JoinColumn(name = ""category_id"", nullable = false)
	private Category category;

	@Column(name = ""product_name"", length = 255, nullable = false)
	private String productName;

	@Column(name = ""product_subtitle"", length = 255)
	private String productSubtitle;

	@Column(name = ""list_price"", nullable = false)
	private BigDecimal listPrice;

	@Column(name = ""selling_price"", nullable = false)
	private BigDecimal sellingPrice;
",,,,,,,
ITEM_107,JD_JAVA_12,Junior Java Developer,Junior,Enterprise Software & Financial Services,"Java 17, Spring Boot, JUnit 5 & Mockito, PostgreSQL/MySQL",f-lab-edu/fast-shoppers,src/main/java/com/fastshoppers/entity/BaseEntity.java,1,48,"package com.fastshoppers.entity;

import java.time.LocalDateTime;

import org.springframework.data.annotation.CreatedDate;
import org.springframework.data.annotation.LastModifiedDate;
import org.springframework.data.jpa.domain.support.AuditingEntityListener;

import com.fastshoppers.util.BooleanToCharConverter;

import jakarta.persistence.Column;
import jakarta.persistence.Convert;
import jakarta.persistence.EntityListeners;
import jakarta.persistence.GeneratedValue;
import jakarta.persistence.GenerationType;
import jakarta.persistence.Id;
import jakarta.persistence.MappedSuperclass;
import lombok.AllArgsConstructor;
import lombok.Getter;
import lombok.NoArgsConstructor;
import lombok.Setter;
import lombok.ToString;

@Getter
@Setter
@NoArgsConstructor
@AllArgsConstructor
@ToString
@EntityListeners(AuditingEntityListener.class)
@MappedSuperclass
public class BaseEntity {

	@Id
	@GeneratedValue(strategy = GenerationType.IDENTITY)
	private int id;

	@CreatedDate
	@Column(name = ""created_at"", nullable = false)
	private LocalDateTime createdAt;

	@LastModifiedDate
	@Column(name = ""updated_at"", nullable = false)
	private LocalDateTime updatedAt;

	@Column(name = ""delete_yn"", nullable = false, length = 1, columnDefinition = ""char(1)"")
	@Convert(converter = BooleanToCharConverter.class)
	private boolean deleteYn;
}",,,,,,,
ITEM_108,JD_REACT_07,Frontend Developer Intern/Fresher,Intern/Fresher,Real-Time Collaboration & Messaging,"ReactJS, TypeScript, WebSocket / Socket.io-client, Zustand / Redux Toolkit / React Context API, Tailwind CSS / SCSS",hoangtien2k3/ecommerce-microservices,auth-service/src/main/java/com/ecommerce/authservice/controller/AuthController.java,121,137,"
    /** Anti open-redirect: only bounce to a pre-registered frontend callback. */
    private String resolveFrontendRedirect(String requested) {
        if (StringUtils.hasText(requested) && ssoProperties.getAllowedRedirectUris().contains(requested)) {
            return requested;
        }
        return ssoProperties.getDefaultFrontendRedirect();
    }

    private static ResponseEntity<Void> redirectTo(String url) {
        return ResponseEntity.status(HttpStatus.FOUND).location(URI.create(url)).build();
    }

    private static String appendQuery(String url, String key, String value) {
        return UriComponentsBuilder.fromUriString(url).queryParam(key, value).build().encode().toUriString();
    }
}",,,,,,,
ITEM_109,JD_REACT_02,ReactJS / TypeScript Intern,Intern/Fresher,Digital Media & Streaming SPA,"HTML5/CSS3, JavaScript (ES6+), TypeScript, ReactJS",ZahraMirzaei/online-shop,components/carousel/Slide.tsx,1,40,"import React from ""react"";
import Link from ""next/link"";
import { useLanguage } from ""../../hooks/useLanguage"";

interface Props {
  ID?: number;
  title: string;
  description: string;
  bgImg: string;
  url: string;
}
const Slide: React.FC<Props> = ({ title, description, bgImg, url }) => {
  const { t } = useLanguage();

  return (
    <>
      <div
        className={`relative w-[100%] h-[50vh] md:h-[70vh] bg-cover bg-center bg-no-repeat`}
        style={{ backgroundImage: `${bgImg}` }}
      >
        <Link href={url}>
          <a className=""block"">
            <div
              className={`backdrop-filter backdrop-blur-[12px] bg-palette-card/60 p-3 md:p-8 lg:p-10 shadow-lg md:overflow-hidden ltr:text-left rtl:text-right rounded-md md:w-[60%] lg:w-[50%] md:mt-auto absolute bottom-0 md:top-[45%] md:right-[25%] md:bottom-auto`}
            >
              <h3 className=""text-lg md:text-2xl lg:text-3xl font-medium"">
                {t[`${title}`]}
              </h3>
              <p className=""text-[13px] md:text-lg mt-2 md:mt-4 lg:mt-8"">
                {t[`${description}`]}
              </p>
            </div>
          </a>
        </Link>
      </div>
    </>
  );
};

export default Slide;",,,,,,,
ITEM_110,JD_JAVA_02,Junior Java Developer,Intern/Fresher,Enterprise Web & HRM Systems,"Java, Spring Boot, Spring Data JPA, PostgreSQL, JUnit",krkarma777/online-store,src/main/java/com/bulkpurchase/domain/repository/GlobalDiscountRepository.java,1,10,"package com.bulkpurchase.domain.repository;

import com.bulkpurchase.domain.entity.discount.GlobalDiscount;
import org.springframework.data.jpa.repository.JpaRepository;
import org.springframework.stereotype.Repository;

@Repository
public interface GlobalDiscountRepository extends JpaRepository<GlobalDiscount, Long> {

}",,,,,,,
ITEM_111,JD_JAVA_12,Junior Java Developer,Junior,Enterprise Software & Financial Services,"Java 17, Spring Boot, JUnit 5 & Mockito, PostgreSQL/MySQL",Snailclimb/spring-security-jwt-guide,src/main/java/github/javaguide/springsecurityjwtguide/security/service/AuthService.java,1,50,"package github.javaguide.springsecurityjwtguide.security.service;

import github.javaguide.springsecurityjwtguide.security.common.utils.CurrentUserUtil;
import github.javaguide.springsecurityjwtguide.security.common.utils.JwtTokenUtil;
import github.javaguide.springsecurityjwtguide.security.dto.LoginRequest;
import github.javaguide.springsecurityjwtguide.security.entity.JwtUser;
import github.javaguide.springsecurityjwtguide.system.entity.User;
import github.javaguide.springsecurityjwtguide.system.exception.UserNameNotFoundException;
import github.javaguide.springsecurityjwtguide.system.service.UserService;
import lombok.RequiredArgsConstructor;
import lombok.extern.slf4j.Slf4j;
import org.springframework.beans.factory.annotation.Autowired;
import org.springframework.data.redis.core.StringRedisTemplate;
import org.springframework.security.authentication.BadCredentialsException;
import org.springframework.security.core.Authentication;
import org.springframework.security.core.GrantedAuthority;
import org.springframework.security.core.context.SecurityContextHolder;
import org.springframework.stereotype.Service;

import java.util.List;
import java.util.stream.Collectors;

/**
 * @author shuang.kou
 **/
@Service
@RequiredArgsConstructor(onConstructor = @__(@Autowired))
@Slf4j
public class AuthService {
    private final UserService userService;
    private final StringRedisTemplate stringRedisTemplate;
    private final CurrentUserUtil currentUserUtil;

    public String createToken(LoginRequest loginRequest) {
        User user = userService.find(loginRequest.getUsername());
        if (!userService.check(loginRequest.getPassword(), user.getPassword())) {
            throw new BadCredentialsException(""The user name or password is not correct."");
        }
        JwtUser jwtUser = new JwtUser(user);
        if (!jwtUser.isEnabled()) {
            throw new BadCredentialsException(""User is forbidden to login"");
        }
        List<String> authorities = jwtUser.getAuthorities()
                .stream()
                .map(GrantedAuthority::getAuthority)
                .collect(Collectors.toList());
        String token = JwtTokenUtil.createToken(user.getUserName(), user.getId().toString(), authorities, loginRequest.getRememberMe());
        stringRedisTemplate.opsForValue().set(user.getId().toString(), token);
        return token;
    }",,,,,,,
ITEM_112,JD_REACT_03,Fullstack TypeScript Fresher,Fresher,Fullstack Web Application Development,"TypeScript, JavaScript (ES6+), ReactJS, Node.js / Express.js, JWT Authentication, MongoDB / PostgreSQL / MySQL",DevlinRocha/banter,src/components/Members.tsx,1,50,"import { useEffect, useRef, useState, Fragment } from ""react"";
import { query, collection, onSnapshot } from ""firebase/firestore"";
import { db } from ""../../firebase"";
import tw from ""tailwind-styled-components/dist/tailwind"";
import {
  useServersState,
  setMembers,
  setMemberProfileCardOpen,
  setMemberProfileCardPosition,
  setMemberRoles,
  MemberRole,
  MemberInfo,
  RoleData,
  MemberData,
  setMemberPreview,
  RoleListData,
} from ""../features/servers"";
import { useAppDispatch } from ""../redux/hooks"";
import Image from ""next/image"";

export default function Members() {
  const { server, members, memberRoles, memberProfileCardOpen } =
    useServersState();
  const memberRef = useRef<HTMLLIElement[]>([]);
  const [assignedRoles, setAssignedRoles] = useState<RoleListData[]>([]);
  const [unassignedRoles, setUnassignedRoles] = useState<MemberData[]>([]);
  const dispatch = useAppDispatch();

  useEffect(() => {
    if (!server.serverID) return;

    const q = query(collection(db, ""servers"", server.serverID, ""members""));

    const unsubscribe = onSnapshot(q, (querySnapshot) => {
      const memberRolesList: MemberRole[] = [];

      querySnapshot.forEach((doc) => {
        const docData = doc.data();

        const memberRoles: MemberRole = {
          userID: doc.id,

          serverOwner: docData.serverOwner,

          roles: docData.roles,

          // permissions: docData.permissions,
        };

        memberRolesList.push(memberRoles);",,,,,,,
ITEM_113,JD_REACT_09,Frontend Web Developer,Intern / Fresher,Service Discovery & Booking Platform,"ReactJS, TypeScript, React Router, Axios",hoangtien2k3/ecommerce-microservices,auth-service/src/main/java/com/ecommerce/authservice/controller/AuthController.java,121,137,"
    /** Anti open-redirect: only bounce to a pre-registered frontend callback. */
    private String resolveFrontendRedirect(String requested) {
        if (StringUtils.hasText(requested) && ssoProperties.getAllowedRedirectUris().contains(requested)) {
            return requested;
        }
        return ssoProperties.getDefaultFrontendRedirect();
    }

    private static ResponseEntity<Void> redirectTo(String url) {
        return ResponseEntity.status(HttpStatus.FOUND).location(URI.create(url)).build();
    }

    private static String appendQuery(String url, String key, String value) {
        return UriComponentsBuilder.fromUriString(url).queryParam(key, value).build().encode().toUriString();
    }
}",,,,,,,
ITEM_114,JD_REACT_07,Frontend Developer Intern/Fresher,Intern/Fresher,Real-Time Collaboration & Messaging,"ReactJS, TypeScript, WebSocket / Socket.io-client, Zustand / Redux Toolkit / React Context API, Tailwind CSS / SCSS",hoangtien2k3/ecommerce-microservices,auth-service/src/main/java/com/ecommerce/authservice/controller/AuthController.java,81,130,"            @RequestParam(value = ""error"", required = false) String error) {

        // User denied consent or Keycloak returned an error → bounce back with the reason.
        if (StringUtils.hasText(error)) {
            return redirectTo(appendQuery(ssoProperties.getDefaultFrontendRedirect(), ""error"", error));
        }

        String frontendRedirect = ssoSessionStore.consumeLoginState(state);
        KeycloakTokenResponse tokens = keycloakAuthClient.exchangeAuthorizationCode(code, ssoProperties.getBackendCallbackUrl());
        String ticket = ssoSessionStore.storeTokens(tokens);

        return redirectTo(appendQuery(frontendRedirect, ""ticket"", ticket));
    }

    /**
     * Step 3. Frontend swaps the single-use ticket for the actual tokens (JSON).
     */
    @GetMapping(""/session"")
    public ApiResponse<KeycloakTokenResponse> ssoSession(@RequestParam(""ticket"") String ticket) {
        return ApiResponse.ok(ssoSessionStore.consumeTokens(ticket));
    }

    // ------------------------------------------------------------------
    // Token lifecycle (still used by the frontend interceptor / logout)
    // ------------------------------------------------------------------

    @PostMapping(""/refresh"")
    public ApiResponse<KeycloakTokenResponse> refreshToken(@Valid @RequestBody RefreshTokenRequest request) {
        return ApiResponse.ok(keycloakAuthClient.refreshToken(request.getRefreshToken()));
    }

    @PostMapping(""/logout"")
    public ApiResponse<Void> logout(@Valid @RequestBody RefreshTokenRequest request) {
        keycloakAuthClient.logout(request.getRefreshToken());
        return ApiResponse.message(""Logout successful"");
    }

    // ------------------------------------------------------------------
    // Internals
    // ------------------------------------------------------------------

    /** Anti open-redirect: only bounce to a pre-registered frontend callback. */
    private String resolveFrontendRedirect(String requested) {
        if (StringUtils.hasText(requested) && ssoProperties.getAllowedRedirectUris().contains(requested)) {
            return requested;
        }
        return ssoProperties.getDefaultFrontendRedirect();
    }

    private static ResponseEntity<Void> redirectTo(String url) {",,,,,,,
ITEM_115,JD_REACT_08,React TypeScript Fresher,Fresher,Personal Finance & Digital Banking Portal,"ReactJS, TypeScript, React Hook Form, Zod / Yup, Authentication & Axios Interceptors, Material UI / Ant Design / Shadcn UI / Tailwind CSS",sudeepmahato16/movie-app,src/pages/Catalog/components/Search.tsx,9,40,"const Search: React.FC<SearchProps> = ({ setQuery }) => {
  const { category } = useParams();
  const [search, setSearch] = useState<string>("""");

  const handleSubmit = (e: React.FormEvent) => {
    e.preventDefault();
    if (!search) return;
    setQuery({ search });
    setSearch("""");
  };

  return (
    <form
      className=""text-[14px] lg:py-10 md:pt-9 md:pb-10 sm:pt-8 sm:pb-10  pt-6 pb-8 flex flex-row items-center justify-center""
      onSubmit={handleSubmit}
    >
      <input
        type=""text""
        className=""py-[8px] pl-[20px] pr-[36px]  rounded-full outline-none w-[300px] md:w-[340px]  shadow-md transition-all duration-300 focus:shadow-sm text-[#666] focus:bg-[#ffffff] bg-[#fdfdfd] font-medium dark:bg-[#302d3a] dark:text-primary dark:focus:bg-[#474550]""
        onChange={(e) => setSearch(e.target.value)}
        value={search}
        placeholder={`Search ${category === ""movie"" ? ""movies"" : ""tv series""}`}
      />
      <button
        type=""submit""
        className=""text-[18px] -ml-[32px] text-[#ff0000] z-[1]""
      >
        <GoSearch />
      </button>
    </form>
  );
};",,,,,,,
ITEM_116,JD_REACT_03,Fullstack TypeScript Fresher,Fresher,Fullstack Web Application Development,"TypeScript, JavaScript (ES6+), ReactJS, Node.js / Express.js, JWT Authentication, MongoDB / PostgreSQL / MySQL",RishiBakshii/mern-chat-app,next-js-frontend/src/app/auth/login/page.tsx,39,51,"export default function LoginPage() {


  return (
    <>
    <div className=""flex flex-col gap-y-8"">
      <h3 className=""text-4xl font-bold text-fluid-h3"">Login</h3>
      <SocialLogin googleLink={`${process.env.NEXT_PUBLIC_BASE_URL}/auth/google`} />
    </div>
    <LoginForm/>
    </>
  );
}",,,,,,,
ITEM_117,JD_JAVA_14,Backend Engineer (Java / Spring Boot),Intern/Fresher,HRTech & Recruitment Job Portal,"Java Core, Spring Boot, Spring Data JPA, Spring Security & JWT, PostgreSQL / MySQL",mdtalalwasim/blog-application-spring-boot-rest-api,blog-application-springboot-rest-apis/src/main/java/com/mdtalalwasim/blog/app/controller/UserRestController.java,1,50,"package com.mdtalalwasim.blog.app.controller;

import java.util.List;
import java.util.Map;

import org.springframework.beans.factory.annotation.Autowired;
import org.springframework.http.HttpStatus;
import org.springframework.http.ResponseEntity;
import org.springframework.security.access.prepost.PreAuthorize;
import org.springframework.web.bind.annotation.DeleteMapping;
import org.springframework.web.bind.annotation.GetMapping;
import org.springframework.web.bind.annotation.PathVariable;
import org.springframework.web.bind.annotation.PostMapping;
import org.springframework.web.bind.annotation.PutMapping;
import org.springframework.web.bind.annotation.RequestBody;
import org.springframework.web.bind.annotation.RequestMapping;
import org.springframework.web.bind.annotation.RestController;

import com.mdtalalwasim.blog.app.payloads.ApiResponse;
import com.mdtalalwasim.blog.app.payloads.UserDto;
import com.mdtalalwasim.blog.app.services.UserService;

import jakarta.validation.Valid;

@RestController
@RequestMapping(""/api/users"")
public class UserRestController {
	
	@Autowired
	private UserService userService;
	
	
	//create user
	@PostMapping(""/"")
	public ResponseEntity<UserDto> createUser(@Valid @RequestBody UserDto userDto){
		UserDto createdUserDto = this.userService.createUser(userDto);
		return new ResponseEntity<>(createdUserDto,HttpStatus.CREATED);
		
	}
	
	//update user
	@PutMapping(""/{userId}"")
	public ResponseEntity<UserDto> updateUser(@Valid @RequestBody UserDto userDto, @PathVariable Integer userId){
		UserDto updatedUser = this.userService.updateUser(userDto, userId);
		//return new ResponseEntity<UserDto>(updatedUser,HttpStatus.OK);//or
		return  ResponseEntity.ok(updatedUser);
	}
	
	//to make access for only ADMIN ROLE.  
	//Admin can delete only",,,,,,,
ITEM_118,JD_REACT_06,Junior ReactJS Developer,Junior,Productivity & Collaborative Kanban System,"ReactJS, TypeScript, Redux Toolkit / Zustand, React Hook Form & Zod/Yup, Tailwind CSS / CSS-in-JS",mdtalalwasim/blog-application-spring-boot-rest-api,blog-application-springboot-rest-apis/src/main/java/com/mdtalalwasim/blog/app/controller/CommentController.java,26,33,"@PostMapping(""/post/{postId}/comments"")
	public ResponseEntity<CommentDto> createComment(@RequestBody CommentDto commentDto, @PathVariable(""postId"") Integer postId){
		
		CommentDto createComment = this.commentService.createComment(commentDto, postId);
		
		return new ResponseEntity<CommentDto>(createComment,HttpStatus.CREATED);
		
	}",,,,,,,
ITEM_119,JD_JAVA_10,Fresher Backend Developer,Fresher,Hospitality & Online Travel Agency (OTA),"Java 17, Spring Boot, Spring Security, Spring Data JPA, MySQL / PostgreSQL, Redis",huseynovvusal/spring-blog-api,src/main/java/com/huseynovvusal/springblogapi/config/OpenAPIConfiguration.java,22,40,"@Bean
  public OpenAPI defineOpenApi() {
    Server server = new Server();
    server.setUrl(serverUrl);
    server.setDescription(serverDescription);

    SecurityScheme securityScheme =
        new SecurityScheme().type(SecurityScheme.Type.HTTP).scheme(""bearer"").bearerFormat(""JWT"");

    Info information =
        new Info()
            .title(""Spring Blog API"")
            .version(""1.0"")
            .description(""Find all API endpoints and related info here..."");
    return new OpenAPI()
        .info(information)
        .servers(List.of(server))
        .components(new Components().addSecuritySchemes(""bearerAuth"", securityScheme));
  }",,,,,,,
ITEM_120,JD_JAVA_03,Java Backend Fresher,Fresher,Fintech & Payment Gateway,"Java, Spring Boot, Spring Data JPA, PostgreSQL, Redis",devdcores/BookStoreApp-Distributed-Application,bookstore-account-service/src/main/java/com/devd/spring/bookstoreaccountservice/config/AuthForwardInterceptor.java,1,29,"package com.devd.spring.bookstoreaccountservice.config;

import feign.RequestInterceptor;
import feign.RequestTemplate;
import java.util.Objects;
import javax.servlet.http.HttpServletRequest;
import org.springframework.http.HttpHeaders;
import org.springframework.stereotype.Component;
import org.springframework.web.context.request.RequestContextHolder;
import org.springframework.web.context.request.ServletRequestAttributes;

/**
 * @author: Devaraj Reddy, Date : 2019-07-02
 */

/*
This is required for Feign clients to make request to services.
It takes the token from header and set the header in the feign request header.
 */
@Component
public class AuthForwardInterceptor implements RequestInterceptor {

  @Override
  public void apply(RequestTemplate template) {
    HttpServletRequest request = ((ServletRequestAttributes) Objects
        .requireNonNull(RequestContextHolder.getRequestAttributes())).getRequest();
    template.header(HttpHeaders.AUTHORIZATION, request.getHeader(HttpHeaders.AUTHORIZATION));
  }
}",,,,,,,
ITEM_121,JD_REACT_06,Junior ReactJS Developer,Junior,Productivity & Collaborative Kanban System,"ReactJS, TypeScript, Redux Toolkit / Zustand, React Hook Form & Zod/Yup, Tailwind CSS / CSS-in-JS",sylvaincodes/youtube_ecommerce,components/modules/custom/Col.tsx,3,13,"export default function Col({
  children,
  className,
}: {
  children: React.ReactNode;
  className?: string;
}) {
  return <div className={`flex flex-col h-full w-full   ${className}`}>{
    children
  }</div>;
}",,,,,,,
ITEM_122,JD_REACT_02,ReactJS / TypeScript Intern,Intern/Fresher,Digital Media & Streaming SPA,"HTML5/CSS3, JavaScript (ES6+), TypeScript, ReactJS",ZahraMirzaei/online-shop,components/carousel/Arrows.tsx,1,38,"import React from ""react"";

interface Props {
  className?: string;
  style?: any;
  onClick?: () => void;
  to: string;
}
export const NextArrow: React.FC<Props> = ({
  className,
  style,
  onClick,
  to,
}) => {
  return (
    <div
      className={`${className} z-10 w-12 md:w-16 lg:w-28 h-full pt-10 !flex items-center justify-center ltr:left-auto ltr:right-0 rtl:right-auto rtl:left-0  hover:bg-palette-card/10 drop-shadow-lg before:content-['']`}
      style={{ ...style }}
      onClick={onClick}
      aria-label={to}
    />
  );
};
export const PrevArrow: React.FC<Props> = ({
  className,
  style,
  onClick,
  to,
}) => {
  return (
    <div
      className={`${className} z-10 w-12 md:w-16 lg:w-28 h-full pt-10 !flex items-center justify-center ltr:left-0 ltr:right-auto rtl:right-0 rtl:left-auto before:text-[20px] lg:before:text-[30px] before:content-[''] hover:bg-palette-card/10 drop-shadow-lg`}
      style={{ ...style }}
      onClick={onClick}
      aria-label={to}
    />
  );
};",,,,,,,
ITEM_123,JD_REACT_09,Frontend Web Developer,Intern / Fresher,Service Discovery & Booking Platform,"ReactJS, TypeScript, React Router, Axios",HalseySpicy/Hooks-Admin,src/api/index.ts,1,50,"import NProgress from ""@/config/nprogress"";
import axios, { AxiosInstance, AxiosError, AxiosRequestConfig, AxiosResponse } from ""axios"";
import { showFullScreenLoading, tryHideFullScreenLoading } from ""@/config/serviceLoading"";
import { ResultData } from ""@/api/interface"";
import { ResultEnum } from ""@/enums/httpEnum"";
import { checkStatus } from ""./helper/checkStatus"";
import { AxiosCanceler } from ""./helper/axiosCancel"";
import { setToken } from ""@/redux/modules/global/action"";
import { message } from ""antd"";
import { store } from ""@/redux"";

const axiosCanceler = new AxiosCanceler();

const config = {
	// 默认地址请求地址，可在 .env 开头文件中修改
	baseURL: import.meta.env.VITE_API_URL as string,
	// 设置超时时间（10s）
	timeout: 10000,
	// 跨域时候允许携带凭证
	withCredentials: true
};

class RequestHttp {
	service: AxiosInstance;
	public constructor(config: AxiosRequestConfig) {
		// 实例化axios
		this.service = axios.create(config);

		/**
		 * @description 请求拦截器
		 * 客户端发送请求 -> [请求拦截器] -> 服务器
		 * token校验(JWT) : 接受服务器返回的token,存储到redux/本地储存当中
		 */
		this.service.interceptors.request.use(
			(config: AxiosRequestConfig) => {
				NProgress.start();
				// * 将当前请求添加到 pending 中
				axiosCanceler.addPending(config);
				// * 如果当前请求不需要显示 loading,在api服务中通过指定的第三个参数: { headers: { noLoading: true } }来控制不显示loading，参见loginApi
				config.headers!.noLoading || showFullScreenLoading();
				const token: string = store.getState().global.token;
				return { ...config, headers: { ...config.headers, ""x-access-token"": token } };
			},
			(error: AxiosError) => {
				return Promise.reject(error);
			}
		);

		/**
		 * @description 响应拦截器",,,,,,,
ITEM_124,JD_JAVA_04,Java Microservices Fresher,Fresher,Distributed Systems & Supply Chain,"Java 17+, Spring Boot, Apache Kafka, Spring Data JPA, MySQL/PostgreSQL, Docker / Docker Compose",mewebstudio/java-spring-boot-boilerplate,src/main/java/com/mewebstudio/javaspringbootboilerplate/controller/AccountController.java,1,50,"package com.mewebstudio.javaspringbootboilerplate.controller;

import com.mewebstudio.javaspringbootboilerplate.dto.request.user.UpdatePasswordRequest;
import com.mewebstudio.javaspringbootboilerplate.dto.response.DetailedErrorResponse;
import com.mewebstudio.javaspringbootboilerplate.dto.response.ErrorResponse;
import com.mewebstudio.javaspringbootboilerplate.dto.response.SuccessResponse;
import com.mewebstudio.javaspringbootboilerplate.dto.response.user.UserResponse;
import com.mewebstudio.javaspringbootboilerplate.service.MessageSourceService;
import com.mewebstudio.javaspringbootboilerplate.service.UserService;
import io.swagger.v3.oas.annotations.Operation;
import io.swagger.v3.oas.annotations.Parameter;
import io.swagger.v3.oas.annotations.media.Content;
import io.swagger.v3.oas.annotations.media.Schema;
import io.swagger.v3.oas.annotations.responses.ApiResponse;
import io.swagger.v3.oas.annotations.security.SecurityRequirement;
import io.swagger.v3.oas.annotations.tags.Tag;
import jakarta.validation.Valid;
import lombok.RequiredArgsConstructor;
import org.springframework.http.MediaType;
import org.springframework.http.ResponseEntity;
import org.springframework.validation.BindException;
import org.springframework.web.bind.annotation.GetMapping;
import org.springframework.web.bind.annotation.PostMapping;
import org.springframework.web.bind.annotation.RequestBody;
import org.springframework.web.bind.annotation.RequestMapping;
import org.springframework.web.bind.annotation.RestController;

import static com.mewebstudio.javaspringbootboilerplate.util.Constants.SECURITY_SCHEME_NAME;

@RestController
@RequiredArgsConstructor
@RequestMapping(""/account"")
@Tag(name = ""002. Account"", description = ""Account API"")
public class AccountController extends AbstractBaseController {
    private final UserService userService;

    private final MessageSourceService messageSourceService;

    @GetMapping(""/me"")
    @Operation(
        summary = ""Me endpoint"",
        security = @SecurityRequirement(name = SECURITY_SCHEME_NAME),
        responses = {
            @ApiResponse(
                responseCode = ""200"",
                description = ""Successful operation"",
                content = @Content(
                    mediaType = ""application/json"",
                    schema = @Schema(implementation = UserResponse.class)
                )",,,,,,,
ITEM_125,JD_REACT_08,React TypeScript Fresher,Fresher,Personal Finance & Digital Banking Portal,"ReactJS, TypeScript, React Hook Form, Zod / Yup, Authentication & Axios Interceptors, Material UI / Ant Design / Shadcn UI / Tailwind CSS",JordanKnott/taskcafe,frontend/src/shared/components/Checklist/index.tsx,1,50,"import React, { useState, useRef, useEffect } from 'react';
import styled from 'styled-components';
import { CheckSquare, Trash, Square, CheckSquareOutline, Clock, Cross, AccountPlus } from 'shared/icons';
import { DragDropContext, Droppable, Draggable, DropResult } from 'react-beautiful-dnd';
import {
  isPositionChanged,
  getSortedDraggables,
  getNewDraggablePosition,
  getAfterDropDraggableList,
} from 'shared/utils/draggables';
import Button from 'shared/components/Button';
import TextareaAutosize from 'react-autosize-textarea';
import Control from 'react-select/src/components/Control';
import useOnOutsideClick from 'shared/hooks/onOutsideClick';
import { mixin } from 'shared/utils/styles';

const Wrapper = styled.div`
  margin-bottom: 24px;
`;

const WindowTitle = styled.div`
  padding: 8px 0;
  position: relative;
  margin: 0 0 4px 40px;
`;

const WindowTitleIcon = styled(CheckSquareOutline)`
  top: 10px;
  left: -32px;
  position: absolute;
`;

const WindowChecklistTitle = styled.div`
  display: flex;
  justify-content: space-between;
  align-items: center;
  flex-flow: row wrap;
`;

const WindowTitleText = styled.h3`
  cursor: pointer;
  color: ${props => props.theme.colors.text.primary};
  margin: 6px 0;
  display: inline-block;
  width: auto;
  min-height: 18px;
  font-size: 16px;
  line-height: 20px;
  min-width: 40px;
`;",,,,,,,
ITEM_126,JD_JAVA_08,Junior Java Software Engineer,Junior,Logistics & Fleet Management,"Java 17, Spring Boot, Spring Data JPA, MySQL/PostgreSQL, MapStruct, Bean Validation",huseynovvusal/spring-blog-api,src/main/java/com/huseynovvusal/springblogapi/config/SecurityConfig.java,98,105,"@Bean
  public FilterRegistrationBean<JwtAuthenticationFilter> disableJwtServletFilter(
      JwtAuthenticationFilter filter) {
    FilterRegistrationBean<JwtAuthenticationFilter> registration =
        new FilterRegistrationBean<>(filter);
    registration.setEnabled(false);
    return registration;
  }",,,,,,,
ITEM_127,JD_JAVA_06,Fresher Java Backend Engineer,Fresher,Digital Healthcare & Telemedicine,"Java 11/17, Spring Boot, Spring Data JPA, PostgreSQL/MySQL",mewebstudio/java-spring-boot-boilerplate,src/main/java/com/mewebstudio/javaspringbootboilerplate/controller/AccountController.java,108,145,"@GetMapping(""/resend-email-verification"")
    @Operation(
        summary = ""Resend e-mail verification endpoint"",
        security = @SecurityRequirement(name = SECURITY_SCHEME_NAME),
        responses = {
            @ApiResponse(
                responseCode = ""200"",
                description = ""Successful operation"",
                content = @Content(
                    mediaType = ""application/json"",
                    schema = @Schema(implementation = SuccessResponse.class)
                )
            ),
            @ApiResponse(
                responseCode = ""400"",
                description = ""Bad request"",
                content = @Content(
                    mediaType = MediaType.APPLICATION_JSON_VALUE,
                    schema = @Schema(implementation = ErrorResponse.class)
                )
            ),
            @ApiResponse(
                responseCode = ""401"",
                description = ""Bad credentials"",
                content = @Content(
                    mediaType = MediaType.APPLICATION_JSON_VALUE,
                    schema = @Schema(implementation = ErrorResponse.class)
                )
            )
        }
    )
    public ResponseEntity<SuccessResponse> resendEmailVerificationMail() {
        userService.resendEmailVerificationMail();

        return ResponseEntity.ok(SuccessResponse.builder()
            .message(messageSourceService.get(""verification_email_sent""))
            .build());
    }",,,,,,,
ITEM_128,JD_REACT_07,Frontend Developer Intern/Fresher,Intern/Fresher,Real-Time Collaboration & Messaging,"ReactJS, TypeScript, WebSocket / Socket.io-client, Zustand / Redux Toolkit / React Context API, Tailwind CSS / SCSS",JordanKnott/taskcafe,frontend/src/shared/components/Admin/index.tsx,1,50,"import React, { useState, useRef } from 'react';
import styled, { css } from 'styled-components';
import TaskAssignee from 'shared/components/TaskAssignee';
import Select from 'shared/components/Select';
import { User, UserPlus, Checkmark } from 'shared/icons';
import { usePopup, Popup } from 'shared/components/PopupMenu';
import { RoleCode, useUpdateUserRoleMutation } from 'shared/generated/graphql';
import Input from 'shared/components/Input';
import Button from 'shared/components/Button';
import NOOP from 'shared/utils/noop';
import { mixin } from 'shared/utils/styles';

const UserSelect = styled(Select)`
  margin: 8px 0;
  padding: 8px 0;
`;

const NewUserPassInput = styled(Input)`
  margin: 8px 0;
`;

const InviteMemberButton = styled(Button)`
  padding: 7px 12px;
`;

const UserPassBar = styled.div`
  display: flex;
  padding-top: 8px;
`;

const UserPassConfirmButton = styled(Button)`
  width: 100%;
  padding: 7px 12px;
`;

const UserPassButton = styled(Button)`
  width: 50%;
  padding: 7px 12px;
  & ~ & {
    margin-left: 6px;
  }
`;

const MemberItemOptions = styled.div``;

const MemberItemOption = styled(Button)`
  padding: 7px 9px;
  margin: 4px 0 4px 8px;
  float: left;
  min-width: 95px;",,,,,,,
ITEM_129,JD_REACT_02,ReactJS / TypeScript Intern,Intern/Fresher,Digital Media & Streaming SPA,"HTML5/CSS3, JavaScript (ES6+), TypeScript, ReactJS",Blazity/next-enterprise,components/Button/Button.test.tsx,1,32,"import { render, screen } from ""@testing-library/react""
import { describe, expect, it } from ""vitest""
import { Button } from ""./Button""

describe(""Button"", () => {
  it(""renders with children"", () => {
    render(<Button href=""/test"">Click me</Button>)
    expect(screen.getByText(""Click me"")).toBeInTheDocument()
  })

  it(""applies correct intent classes"", () => {
    const { container } = render(
      <Button href=""/test"" intent=""secondary"">
        Secondary
      </Button>
    )
    const link = container.querySelector(""a"")
    expect(link).toHaveClass(""bg-transparent"")
    expect(link).toHaveClass(""text-blue-400"")
  })

  it(""applies correct size classes"", () => {
    const { container } = render(
      <Button href=""/test"" size=""sm"">
        Small
      </Button>
    )
    const link = container.querySelector(""a"")
    expect(link).toHaveClass(""text-sm"")
    expect(link).toHaveClass(""min-w-20"")
  })
})",,,,,,,
ITEM_130,JD_REACT_09,Frontend Web Developer,Intern / Fresher,Service Discovery & Booking Platform,"ReactJS, TypeScript, React Router, Axios",mdtalalwasim/blog-application-spring-boot-rest-api,blog-application-springboot-rest-apis/src/main/java/com/mdtalalwasim/blog/app/config/SwaggerConfig.java,14,25,"@Bean
	public OpenAPI openAPI() {
		  
		 
		return new OpenAPI()
				.info(new Info().title(""Blog Application Beckend API"")
						.description(""This is blog application project api and Developed by Md. Talal Wasim"")
						.version(""1.0"")
						.contact(new Contact().name(""Md. Talal Wasim"").email(""md.talalwasim@gmail.com"").url(""https://mdtalalwasim.github.io/""))
						.license(new License().name(""Licence""))
						).externalDocs(new ExternalDocumentation().url(""https://mdtalalwasim.github.io/"").description(""This is external url""));
	}",,,,,,,
ITEM_131,JD_JAVA_11,Java Backend Developer,Fresher / Junior,Social Network & Technical Blogging Platform,"Java 17, Spring Boot 3, Spring Security 6, Spring Data JPA / Hibernate, PostgreSQL, Git",mdtalalwasim/blog-application-spring-boot-rest-api,blog-application-springboot-rest-apis/src/main/java/com/mdtalalwasim/blog/app/config/SwaggerConfig.java,1,27," package com.mdtalalwasim.blog.app.config;

import org.springframework.context.annotation.Bean;
import org.springframework.context.annotation.Configuration;

import io.swagger.v3.oas.models.ExternalDocumentation;
import io.swagger.v3.oas.models.OpenAPI;
import io.swagger.v3.oas.models.info.Contact;
import io.swagger.v3.oas.models.info.Info;
import io.swagger.v3.oas.models.info.License;
@Configuration
public class SwaggerConfig {
	
	@Bean
	public OpenAPI openAPI() {
		  
		 
		return new OpenAPI()
				.info(new Info().title(""Blog Application Beckend API"")
						.description(""This is blog application project api and Developed by Md. Talal Wasim"")
						.version(""1.0"")
						.contact(new Contact().name(""Md. Talal Wasim"").email(""md.talalwasim@gmail.com"").url(""https://mdtalalwasim.github.io/""))
						.license(new License().name(""Licence""))
						).externalDocs(new ExternalDocumentation().url(""https://mdtalalwasim.github.io/"").description(""This is external url""));
	}

}",,,,,,,
ITEM_132,JD_REACT_05,Next.js & TypeScript Frontend Developer,Fresher / Junior,High-Performance Web & Digital Commerce,"ReactJS, TypeScript, Next.js, Tailwind CSS, RESTful API / GraphQL",Blazity/next-enterprise,app/page.tsx,23,66,"export default function Web() {
  return (
    <>
      <section className=""bg-white dark:bg-gray-900"">
        <div className=""mx-auto grid max-w-(--breakpoint-xl) px-4 py-8 text-center lg:py-16"">
          <div className=""mx-auto place-self-center"">
            <h1 className=""mb-4 max-w-2xl text-4xl leading-none font-extrabold tracking-tight md:text-5xl xl:text-6xl dark:text-white"">
              Next.js Enterprise Boilerplate
            </h1>
            <p className=""mb-6 max-w-2xl font-light text-gray-500 md:text-lg lg:mb-8 lg:text-xl dark:text-gray-400"">
              Jumpstart your enterprise project with our feature-packed, high-performance Next.js boilerplate!
              Experience rapid UI development, AI-powered code reviews, and an extensive suite of tools for a smooth and
              enjoyable development process.
            </p>
            <Button href=""https://github.com/Blazity/next-enterprise"" className=""mr-3"">
              Get started
            </Button>
            <Button
              href=""https://vercel.com/new/git/external?repository-url=https://github.com/Blazity/next-enterprise""
              intent=""secondary""
            >
              Deploy Now
            </Button>
          </div>
        </div>
      </section>
      <section className=""bg-white dark:bg-gray-900"">
        <div className=""mx-auto max-w-(--breakpoint-xl) px-4 py-8 sm:py-16 lg:px-6"">
          <div className=""justify-center space-y-8 md:grid md:grid-cols-2 md:gap-12 md:space-y-0 lg:grid-cols-3"">
            {LP_GRID_ITEMS.map((singleItem) => (
              <div key={singleItem.title} className=""flex flex-col items-center justify-center text-center"">
                <div className=""bg-primary-100 dark:bg-primary-900 mb-4 flex size-10 items-center justify-center rounded-full p-1.5 text-blue-700 lg:size-12"">
                  {singleItem.icon}
                </div>
                <h3 className=""mb-2 text-xl font-bold dark:text-white"">{singleItem.title}</h3>
                <p className=""text-gray-500 dark:text-gray-400"">{singleItem.description}</p>
              </div>
            ))}
          </div>
        </div>
      </section>
    </>
  )
}",,,,,,,
ITEM_133,JD_JAVA_10,Fresher Backend Developer,Fresher,Hospitality & Online Travel Agency (OTA),"Java 17, Spring Boot, Spring Security, Spring Data JPA, MySQL / PostgreSQL, Redis",f-lab-edu/fast-shoppers,src/main/java/com/fastshoppers/entity/BaseEntity.java,1,48,"package com.fastshoppers.entity;

import java.time.LocalDateTime;

import org.springframework.data.annotation.CreatedDate;
import org.springframework.data.annotation.LastModifiedDate;
import org.springframework.data.jpa.domain.support.AuditingEntityListener;

import com.fastshoppers.util.BooleanToCharConverter;

import jakarta.persistence.Column;
import jakarta.persistence.Convert;
import jakarta.persistence.EntityListeners;
import jakarta.persistence.GeneratedValue;
import jakarta.persistence.GenerationType;
import jakarta.persistence.Id;
import jakarta.persistence.MappedSuperclass;
import lombok.AllArgsConstructor;
import lombok.Getter;
import lombok.NoArgsConstructor;
import lombok.Setter;
import lombok.ToString;

@Getter
@Setter
@NoArgsConstructor
@AllArgsConstructor
@ToString
@EntityListeners(AuditingEntityListener.class)
@MappedSuperclass
public class BaseEntity {

	@Id
	@GeneratedValue(strategy = GenerationType.IDENTITY)
	private int id;

	@CreatedDate
	@Column(name = ""created_at"", nullable = false)
	private LocalDateTime createdAt;

	@LastModifiedDate
	@Column(name = ""updated_at"", nullable = false)
	private LocalDateTime updatedAt;

	@Column(name = ""delete_yn"", nullable = false, length = 1, columnDefinition = ""char(1)"")
	@Convert(converter = BooleanToCharConverter.class)
	private boolean deleteYn;
}",,,,,,,
ITEM_134,JD_JAVA_11,Java Backend Developer,Fresher / Junior,Social Network & Technical Blogging Platform,"Java 17, Spring Boot 3, Spring Security 6, Spring Data JPA / Hibernate, PostgreSQL, Git",mdtalalwasim/blog-application-spring-boot-rest-api,blog-application-springboot-rest-apis/src/main/java/com/mdtalalwasim/blog/app/config/SwaggerConfig.java,14,25,"@Bean
	public OpenAPI openAPI() {
		  
		 
		return new OpenAPI()
				.info(new Info().title(""Blog Application Beckend API"")
						.description(""This is blog application project api and Developed by Md. Talal Wasim"")
						.version(""1.0"")
						.contact(new Contact().name(""Md. Talal Wasim"").email(""md.talalwasim@gmail.com"").url(""https://mdtalalwasim.github.io/""))
						.license(new License().name(""Licence""))
						).externalDocs(new ExternalDocumentation().url(""https://mdtalalwasim.github.io/"").description(""This is external url""));
	}",,,,,,,
ITEM_135,JD_JAVA_06,Fresher Java Backend Engineer,Fresher,Digital Healthcare & Telemedicine,"Java 11/17, Spring Boot, Spring Data JPA, PostgreSQL/MySQL",f-lab-edu/fast-shoppers,src/main/java/com/fastshoppers/entity/BaseEntity.java,1,48,"package com.fastshoppers.entity;

import java.time.LocalDateTime;

import org.springframework.data.annotation.CreatedDate;
import org.springframework.data.annotation.LastModifiedDate;
import org.springframework.data.jpa.domain.support.AuditingEntityListener;

import com.fastshoppers.util.BooleanToCharConverter;

import jakarta.persistence.Column;
import jakarta.persistence.Convert;
import jakarta.persistence.EntityListeners;
import jakarta.persistence.GeneratedValue;
import jakarta.persistence.GenerationType;
import jakarta.persistence.Id;
import jakarta.persistence.MappedSuperclass;
import lombok.AllArgsConstructor;
import lombok.Getter;
import lombok.NoArgsConstructor;
import lombok.Setter;
import lombok.ToString;

@Getter
@Setter
@NoArgsConstructor
@AllArgsConstructor
@ToString
@EntityListeners(AuditingEntityListener.class)
@MappedSuperclass
public class BaseEntity {

	@Id
	@GeneratedValue(strategy = GenerationType.IDENTITY)
	private int id;

	@CreatedDate
	@Column(name = ""created_at"", nullable = false)
	private LocalDateTime createdAt;

	@LastModifiedDate
	@Column(name = ""updated_at"", nullable = false)
	private LocalDateTime updatedAt;

	@Column(name = ""delete_yn"", nullable = false, length = 1, columnDefinition = ""char(1)"")
	@Convert(converter = BooleanToCharConverter.class)
	private boolean deleteYn;
}",,,,,,,
ITEM_136,JD_REACT_10,Fullstack React & TypeScript Developer,Fresher / Junior,EdTech Fullstack Application,"TypeScript, ReactJS, Node.js / Express / NestJS, Redux Toolkit / Zustand, Prisma / TypeORM / Mongoose, Git",JordanKnott/taskcafe,frontend/src/shared/components/Button/index.tsx,1,50,"import React, { useRef } from 'react';
import styled, { css } from 'styled-components/macro';
import { mixin } from '../../utils/styles';

const Text = styled.span<{ fontSize: string; justifyTextContent: string; hasIcon?: boolean }>`
  position: relative;
  display: flex;
  align-items: center;
  justify-content: ${(props) => props.justifyTextContent};
  transition: all 0.2s ease;
  font-size: ${(props) => props.fontSize};
  color: ${(props) => props.theme.colors.text.secondary};
  ${(props) =>
    props.hasIcon &&
    css`
      padding-left: 4px;
    `}
`;

const Base = styled.button<{ color: string; disabled: boolean }>`
  transition: all 0.2s ease;
  position: relative;
  border: none;
  cursor: pointer;
  padding: 0.75rem 2rem;
  border-radius: ${(props) => props.theme.borderRadius.alternate};
  display: flex;
  align-items: center;

  ${(props) =>
    props.disabled &&
    css`
      opacity: 0.5;
      cursor: default;
      pointer-events: none;
    `}
`;

const Filled = styled(Base)<{ hoverVariant: HoverVariant }>`
  background: ${(props) => props.theme.colors[props.color]};
  ${(props) =>
    props.hoverVariant === 'boxShadow' &&
    css`
      &:hover {
        box-shadow: 0 8px 25px -8px ${props.theme.colors[props.color]};
      }
    `}
`;

const Outline = styled(Base)<{ invert: boolean }>`",,,,,,,
ITEM_137,JD_JAVA_04,Java Microservices Fresher,Fresher,Distributed Systems & Supply Chain,"Java 17+, Spring Boot, Apache Kafka, Spring Data JPA, MySQL/PostgreSQL, Docker / Docker Compose",devdcores/BookStoreApp-Distributed-Application,bookstore-account-service/src/main/java/com/devd/spring/bookstoreaccountservice/config/AuthorizationServerConfig.java,41,90,"@Configuration
@EnableAuthorizationServer
public class AuthorizationServerConfig extends AuthorizationServerConfigurerAdapter {

  @Autowired
  DataSource dataSource;

  @Autowired
  AppUserDetailsService appUserDetailsService;

  @Autowired
  UserRepository userRepository;

  @Autowired
  private AuthenticationManager authenticationManager;

  @Autowired
  private PasswordEncoder passwordEncoder;

  @Value(""${security.jwt.key-store}"")
  private Resource keyStore;

  @Value(""${security.jwt.key-store-password}"")
  private String keyStorePassword;

  @Value(""${security.jwt.key-pair-alias}"")
  private String keyPairAlias;

  @Value(""${security.jwt.key-pair-password}"")
  private String keyPairPassword;

  @Value(""${security.jwt.public-key}"")
  private Resource publicKey;

  @Override
  public void configure(ClientDetailsServiceConfigurer clients) throws Exception {
    clients.jdbc(dataSource);
  }

  @Override
  public void configure(AuthorizationServerEndpointsConfigurer endpoints) throws Exception {
    endpoints.authenticationManager(this.authenticationManager)
        .userDetailsService(appUserDetailsService)
        .accessTokenConverter(jwtAccessTokenConverter())
        .tokenStore(tokenStore());
  }

  @Bean
  @Primary
  public TokenStore tokenStore() {",,,,,,,
ITEM_138,JD_REACT_06,Junior ReactJS Developer,Junior,Productivity & Collaborative Kanban System,"ReactJS, TypeScript, Redux Toolkit / Zustand, React Hook Form & Zod/Yup, Tailwind CSS / CSS-in-JS",sylvaincodes/youtube_ecommerce,components/modules/custom/Col.tsx,1,13,"import React from ""react"";

export default function Col({
  children,
  className,
}: {
  children: React.ReactNode;
  className?: string;
}) {
  return <div className={`flex flex-col h-full w-full   ${className}`}>{
    children
  }</div>;
}",,,,,,,
ITEM_139,JD_JAVA_05,Backend Developer (Java/Spring Boot),Fresher,EdTech & Learning Management Systems (LMS),"Java Core, Spring Boot, Spring Security, Spring Data JPA, MySQL",Angel-Raa/spring-security-jwt-authentication-and-authorization,src/main/java/com/github/angel/raa/modules/persistence/repository/CategoryRepository.java,1,6,"package com.github.angel.raa.modules.persistence.repository;

import com.github.angel.raa.modules.persistence.models.Category;
import org.springframework.data.jpa.repository.JpaRepository;

public interface CategoryRepository extends JpaRepository<Category, Long> { }",,,,,,,
ITEM_140,JD_REACT_03,Fullstack TypeScript Fresher,Fresher,Fullstack Web Application Development,"TypeScript, JavaScript (ES6+), ReactJS, Node.js / Express.js, JWT Authentication, MongoDB / PostgreSQL / MySQL",robbins23/admin-dashboard-nextjs-typescript-daisyui-template,src/components/input/text-area.tsx,1,44,"import React, { useState } from 'react';

interface TextAreaProps {
  labelTitle: string;
  labelStyle?: string;
  containerStyle?: string;
  defaultValue?: string;
  placeholder?: string;
  updateFormValue: (updateType: string, value: string) => void;
  updateType: string;
}

function TextArea({
  labelTitle,
  labelStyle,
  containerStyle,
  defaultValue,
  placeholder,
  updateFormValue,
  updateType,
}: TextAreaProps): JSX.Element {
  const [value, setValue] = useState<string>(defaultValue || '');

  const updateTextAreaValue = (val: string): void => {
    setValue(val);
    updateFormValue(updateType, val);
  };

  return (
    <div className={`form-control w-full ${containerStyle}`}>
      <label className=""label"">
        <span className={'label-text text-xs text-base-content ' + (labelStyle || '')}>{labelTitle}</span>
      </label>
      <textarea
        value={value}
        placeholder={placeholder || ''}
        onChange={(e) => updateTextAreaValue(e.target.value)}
        className=""textarea textarea-bordered w-full""
      />
    </div>
  );
}

export default TextArea;",,,,,,,
ITEM_141,JD_REACT_07,Frontend Developer Intern/Fresher,Intern/Fresher,Real-Time Collaboration & Messaging,"ReactJS, TypeScript, WebSocket / Socket.io-client, Zustand / Redux Toolkit / React Context API, Tailwind CSS / SCSS",JordanKnott/taskcafe,frontend/src/shared/components/Button/index.tsx,1,50,"import React, { useRef } from 'react';
import styled, { css } from 'styled-components/macro';
import { mixin } from '../../utils/styles';

const Text = styled.span<{ fontSize: string; justifyTextContent: string; hasIcon?: boolean }>`
  position: relative;
  display: flex;
  align-items: center;
  justify-content: ${(props) => props.justifyTextContent};
  transition: all 0.2s ease;
  font-size: ${(props) => props.fontSize};
  color: ${(props) => props.theme.colors.text.secondary};
  ${(props) =>
    props.hasIcon &&
    css`
      padding-left: 4px;
    `}
`;

const Base = styled.button<{ color: string; disabled: boolean }>`
  transition: all 0.2s ease;
  position: relative;
  border: none;
  cursor: pointer;
  padding: 0.75rem 2rem;
  border-radius: ${(props) => props.theme.borderRadius.alternate};
  display: flex;
  align-items: center;

  ${(props) =>
    props.disabled &&
    css`
      opacity: 0.5;
      cursor: default;
      pointer-events: none;
    `}
`;

const Filled = styled(Base)<{ hoverVariant: HoverVariant }>`
  background: ${(props) => props.theme.colors[props.color]};
  ${(props) =>
    props.hoverVariant === 'boxShadow' &&
    css`
      &:hover {
        box-shadow: 0 8px 25px -8px ${props.theme.colors[props.color]};
      }
    `}
`;

const Outline = styled(Base)<{ invert: boolean }>`",,,,,,,
ITEM_142,JD_JAVA_14,Backend Engineer (Java / Spring Boot),Intern/Fresher,HRTech & Recruitment Job Portal,"Java Core, Spring Boot, Spring Data JPA, Spring Security & JWT, PostgreSQL / MySQL",mdtalalwasim/blog-application-spring-boot-rest-api,blog-application-springboot-rest-apis/src/main/java/com/mdtalalwasim/blog/app/BlogApplicationSpringbootRestApisApplication.java,1,50,"package com.mdtalalwasim.blog.app;

import java.util.List;

import org.modelmapper.ModelMapper;
import org.springframework.beans.factory.annotation.Autowired;
import org.springframework.boot.CommandLineRunner;
import org.springframework.boot.SpringApplication;
import org.springframework.boot.autoconfigure.SpringBootApplication;
import org.springframework.context.annotation.Bean;
import org.springframework.security.crypto.password.PasswordEncoder;

import com.mdtalalwasim.blog.app.config.ApplicationConstants;
import com.mdtalalwasim.blog.app.entity.Role;
import com.mdtalalwasim.blog.app.repository.RoleRepository;

@SpringBootApplication
public class BlogApplicationSpringbootRestApisApplication implements CommandLineRunner {

	@Autowired
	private PasswordEncoder passwordEncoder;
	
	//in this project role will not create automatically till now, now we will create role table automatically when this project runs.
	
	@Autowired 
	private RoleRepository roleRepository;
	
	
	//this will add
	public BlogApplicationSpringbootRestApisApplication(PasswordEncoder passwordEncoder) {
        this.passwordEncoder = passwordEncoder;
    }
	
	public static void main(String[] args) {
		SpringApplication.run(BlogApplicationSpringbootRestApisApplication.class, args);
		System.out.println(""Hello"");
	}	
	
	@Bean
	public ModelMapper modelMapper() {
		return new ModelMapper();
	}

	
	//CommandLineRunner method
	@Override
	public void run(String... args) throws Exception {
		System.out.println(this.passwordEncoder.encode(""123456""));
		System.out.println(this.passwordEncoder.encode(""selim""));
		",,,,,,,
ITEM_143,JD_REACT_04,Frontend Engineer,Fresher,B2B SaaS Analytics & Reporting Dashboard,"ReactJS, TypeScript, TanStack React Query, Tailwind CSS, Recharts / Chart.js",JordanKnott/taskcafe,frontend/src/shared/components/Admin/index.tsx,1,50,"import React, { useState, useRef } from 'react';
import styled, { css } from 'styled-components';
import TaskAssignee from 'shared/components/TaskAssignee';
import Select from 'shared/components/Select';
import { User, UserPlus, Checkmark } from 'shared/icons';
import { usePopup, Popup } from 'shared/components/PopupMenu';
import { RoleCode, useUpdateUserRoleMutation } from 'shared/generated/graphql';
import Input from 'shared/components/Input';
import Button from 'shared/components/Button';
import NOOP from 'shared/utils/noop';
import { mixin } from 'shared/utils/styles';

const UserSelect = styled(Select)`
  margin: 8px 0;
  padding: 8px 0;
`;

const NewUserPassInput = styled(Input)`
  margin: 8px 0;
`;

const InviteMemberButton = styled(Button)`
  padding: 7px 12px;
`;

const UserPassBar = styled.div`
  display: flex;
  padding-top: 8px;
`;

const UserPassConfirmButton = styled(Button)`
  width: 100%;
  padding: 7px 12px;
`;

const UserPassButton = styled(Button)`
  width: 50%;
  padding: 7px 12px;
  & ~ & {
    margin-left: 6px;
  }
`;

const MemberItemOptions = styled.div``;

const MemberItemOption = styled(Button)`
  padding: 7px 9px;
  margin: 4px 0 4px 8px;
  float: left;
  min-width: 95px;",,,,,,,
ITEM_144,JD_REACT_08,React TypeScript Fresher,Fresher,Personal Finance & Digital Banking Portal,"ReactJS, TypeScript, React Hook Form, Zod / Yup, Authentication & Axios Interceptors, Material UI / Ant Design / Shadcn UI / Tailwind CSS",devias-io/material-kit-react,src/components/auth/reset-password-form.tsx,1,50,"'use client';

import * as React from 'react';
import { zodResolver } from '@hookform/resolvers/zod';
import Alert from '@mui/material/Alert';
import Button from '@mui/material/Button';
import FormControl from '@mui/material/FormControl';
import FormHelperText from '@mui/material/FormHelperText';
import InputLabel from '@mui/material/InputLabel';
import OutlinedInput from '@mui/material/OutlinedInput';
import Stack from '@mui/material/Stack';
import Typography from '@mui/material/Typography';
import { Controller, useForm } from 'react-hook-form';
import { z as zod } from 'zod';

import { authClient } from '@/lib/auth/client';

const schema = zod.object({ email: zod.string().min(1, { message: 'Email is required' }).email() });

type Values = zod.infer<typeof schema>;

const defaultValues = { email: '' } satisfies Values;

export function ResetPasswordForm(): React.JSX.Element {
  const [isPending, setIsPending] = React.useState<boolean>(false);

  const {
    control,
    handleSubmit,
    setError,
    formState: { errors },
  } = useForm<Values>({ defaultValues, resolver: zodResolver(schema) });

  const onSubmit = React.useCallback(
    async (values: Values): Promise<void> => {
      setIsPending(true);

      const { error } = await authClient.resetPassword(values);

      if (error) {
        setError('root', { type: 'server', message: error });
        setIsPending(false);
        return;
      }

      setIsPending(false);

      // Redirect to confirm password reset
    },
    [setError]",,,,,,,
ITEM_145,JD_REACT_08,React TypeScript Fresher,Fresher,Personal Finance & Digital Banking Portal,"ReactJS, TypeScript, React Hook Form, Zod / Yup, Authentication & Axios Interceptors, Material UI / Ant Design / Shadcn UI / Tailwind CSS",al1abb/invoify,app/components/invoice/form/Charges.tsx,1,50,"""use client"";

// RHF
import { useFormContext } from ""react-hook-form"";

// ShadCn
import { Switch } from ""@/components/ui/switch"";

// Components
import { BaseButton, ChargeInput } from ""@/app/components"";

// Contexts
import { useChargesContext } from ""@/contexts/ChargesContext"";
import { useTranslationContext } from ""@/contexts/TranslationContext"";

// Helpers
import { formatNumberWithCommas } from ""@/lib/helpers"";

// Icons
import { Plus, X } from ""lucide-react"";

// Types
import { InvoiceType } from ""@/types"";

const Charges = () => {
    const {
        formState: { errors },
    } = useFormContext<InvoiceType>();

    const { _t } = useTranslationContext();

    const {
        discountSwitch,
        setDiscountSwitch,
        taxSwitch,
        setTaxSwitch,
        shippingSwitch,
        setShippingSwitch,
        discountType,
        setDiscountType,
        taxType,
        setTaxType,
        shippingType,
        setShippingType,
        totalInWordsSwitch,
        setTotalInWordsSwitch,
        currency,
        subTotal,
        totalAmount,
    } = useChargesContext();",,,,,,,
ITEM_146,JD_JAVA_13,Java Backend Fresher,Fresher,FoodTech & Delivery Platform,"Java, Spring Boot, Spring Security & JWT, MySQL & Spring Data JPA, RabbitMQ / Kafka",LuckyKuang/springboot-base-project,src/main/java/com/luckykuang/auth/repository/primary/MenuRepository.java,1,30,"/*
 * Copyright 2015-2023 the original author or authors.
 *
 * Licensed under the Apache License, Version 2.0 (the ""License"");
 * you may not use this file except in compliance with the License.
 * You may obtain a copy of the License at
 *
 *      https://www.apache.org/licenses/LICENSE-2.0
 *
 * Unless required by applicable law or agreed to in writing, software
 * distributed under the License is distributed on an ""AS IS"" BASIS,
 * WITHOUT WARRANTIES OR CONDITIONS OF ANY KIND, either express or implied.
 * See the License for the specific language governing permissions and
 * limitations under the License.
 */

package com.luckykuang.auth.repository.primary;

import com.luckykuang.auth.model.primary.Menu;
import org.springframework.data.jpa.repository.JpaRepository;
import org.springframework.stereotype.Repository;

/**
 * @author luckykuang
 * @date 2023/4/20 14:17
 */
@Repository
public interface MenuRepository extends JpaRepository<Menu,Long> {

}",,,,,,,
ITEM_147,JD_REACT_10,Fullstack React & TypeScript Developer,Fresher / Junior,EdTech Fullstack Application,"TypeScript, ReactJS, Node.js / Express / NestJS, Redux Toolkit / Zustand, Prisma / TypeORM / Mongoose, Git",sylvaincodes/youtube_ecommerce,components/modules/custom/Col.tsx,1,13,"import React from ""react"";

export default function Col({
  children,
  className,
}: {
  children: React.ReactNode;
  className?: string;
}) {
  return <div className={`flex flex-col h-full w-full   ${className}`}>{
    children
  }</div>;
}",,,,,,,
ITEM_148,JD_JAVA_08,Junior Java Software Engineer,Junior,Logistics & Fleet Management,"Java 17, Spring Boot, Spring Data JPA, MySQL/PostgreSQL, MapStruct, Bean Validation",mdtalalwasim/blog-application-spring-boot-rest-api,blog-application-springboot-rest-apis/src/main/java/com/mdtalalwasim/blog/app/controller/CategoryRestController.java,1,50,"package com.mdtalalwasim.blog.app.controller;

import java.util.List;

import org.springframework.beans.factory.annotation.Autowired;
import org.springframework.http.HttpStatus;
import org.springframework.http.ResponseEntity;
import org.springframework.web.bind.annotation.DeleteMapping;
import org.springframework.web.bind.annotation.GetMapping;
import org.springframework.web.bind.annotation.PathVariable;
import org.springframework.web.bind.annotation.PostMapping;
import org.springframework.web.bind.annotation.PutMapping;
import org.springframework.web.bind.annotation.RequestBody;
import org.springframework.web.bind.annotation.RequestMapping;
import org.springframework.web.bind.annotation.RestController;

import com.mdtalalwasim.blog.app.payloads.ApiResponse;
import com.mdtalalwasim.blog.app.payloads.CategoryDto;
import com.mdtalalwasim.blog.app.services.CategoryService;

import jakarta.validation.Valid;

@RestController
@RequestMapping(""/api/categories"")
public class CategoryRestController {
	
	@Autowired
	private CategoryService categoryService;
	
	@PostMapping(""/"")
	public ResponseEntity<CategoryDto> createCategory(@Valid @RequestBody CategoryDto categoryDto){
		System.out.println(""Inside Create Cat"");
		CategoryDto createdCategory = this.categoryService.createCategory(categoryDto);
		
		return new ResponseEntity<CategoryDto>(createdCategory, HttpStatus.CREATED);
	}
	
	@PutMapping(""/{catId}"")
	public ResponseEntity<CategoryDto> updateCategory(@Valid @RequestBody CategoryDto categoryDto, @PathVariable(""catId"") Integer catId){
		CategoryDto updateCategory = this.categoryService.updateCategory(categoryDto, catId);
		
		return new ResponseEntity<CategoryDto>(updateCategory, HttpStatus.OK);
	}
	
	@DeleteMapping(""/{catId}"")
	public ResponseEntity<ApiResponse> deleteCategory(@PathVariable(""catId"") Integer catId){
		this.categoryService.deleteCategory(catId);
		
		return new ResponseEntity<ApiResponse>(new ApiResponse(""Category Deleted Successfully!"", true), HttpStatus.OK);
	}",,,,,,,
ITEM_149,JD_JAVA_12,Junior Java Developer,Junior,Enterprise Software & Financial Services,"Java 17, Spring Boot, JUnit 5 & Mockito, PostgreSQL/MySQL",Angel-Raa/spring-security-jwt-authentication-and-authorization,src/main/java/com/github/angel/raa/modules/persistence/repository/ProductRepository.java,1,6,"package com.github.angel.raa.modules.persistence.repository;

import com.github.angel.raa.modules.persistence.models.Product;
import org.springframework.data.jpa.repository.JpaRepository;

public interface ProductRepository extends JpaRepository<Product, Long> { }",,,,,,,
ITEM_150,JD_JAVA_08,Junior Java Software Engineer,Junior,Logistics & Fleet Management,"Java 17, Spring Boot, Spring Data JPA, MySQL/PostgreSQL, MapStruct, Bean Validation",Rapter1990/parkinglot,src/main/java/com/project/parkinglot/logging/repository/LogRepository.java,1,10,"package com.project.parkinglot.logging.repository;

import com.project.parkinglot.logging.entity.LogEntity;
import org.springframework.data.jpa.repository.JpaRepository;

/**
 * Repository interface named {@link LogRepository} for managing log entity persistence.
 */
public interface LogRepository extends JpaRepository<LogEntity, Long> {
}",,,,,,,
ITEM_151,JD_REACT_04,Frontend Engineer,Fresher,B2B SaaS Analytics & Reporting Dashboard,"ReactJS, TypeScript, TanStack React Query, Tailwind CSS, Recharts / Chart.js",ixartz/SaaS-Boilerplate,src/components/DemoBadge.tsx,1,15,"export const DemoBadge = () => (
  <div className=""fixed right-20 bottom-0 z-10"">
    <a
      href=""https://nextjs-boilerplate.com/pro-saas-starter-kit""
    >
      <div className=""
        rounded-md bg-gray-900 px-3 py-2 font-semibold text-gray-100
      ""
      >
        <span className=""text-gray-500"">Demo of</span>
        {' SaaS Boilerplate'}
      </div>
    </a>
  </div>
);",,,,,,,
ITEM_152,JD_REACT_09,Frontend Web Developer,Intern / Fresher,Service Discovery & Booking Platform,"ReactJS, TypeScript, React Router, Axios",HalseySpicy/Hooks-Admin,src/api/index.ts,41,90,"				const token: string = store.getState().global.token;
				return { ...config, headers: { ...config.headers, ""x-access-token"": token } };
			},
			(error: AxiosError) => {
				return Promise.reject(error);
			}
		);

		/**
		 * @description 响应拦截器
		 *  服务器换返回信息 -> [拦截统一处理] -> 客户端JS获取到信息
		 */
		this.service.interceptors.response.use(
			(response: AxiosResponse) => {
				const { data, config } = response;
				NProgress.done();
				// * 在请求结束后，移除本次请求(关闭loading)
				axiosCanceler.removePending(config);
				tryHideFullScreenLoading();
				// * 登录失效（code == 599）
				if (data.code == ResultEnum.OVERDUE) {
					store.dispatch(setToken(""""));
					message.error(data.msg);
					window.location.hash = ""/login"";
					return Promise.reject(data);
				}
				// * 全局错误信息拦截（防止下载文件得时候返回数据流，没有code，直接报错）
				if (data.code && data.code !== ResultEnum.SUCCESS) {
					message.error(data.msg);
					return Promise.reject(data);
				}
				// * 成功请求（在页面上除非特殊情况，否则不用处理失败逻辑）
				return data;
			},
			async (error: AxiosError) => {
				const { response } = error;
				NProgress.done();
				tryHideFullScreenLoading();
				// 请求超时单独判断，请求超时没有 response
				if (error.message.indexOf(""timeout"") !== -1) message.error(""请求超时，请稍后再试"");
				// 根据响应的错误状态码，做不同的处理
				if (response) checkStatus(response.status);
				// 服务器结果都没有返回(可能服务器错误可能客户端断网) 断网处理:可以跳转到断网页面
				if (!window.navigator.onLine) window.location.hash = ""/500"";
				return Promise.reject(error);
			}
		);
	}

	// * 常用请求方法封装",,,,,,,
ITEM_153,JD_JAVA_01,Backend Developer (Java / Spring Boot),Fresher,E-Commerce Platform,"Java, Spring Boot, Spring Security & JWT, Spring Data JPA / Hibernate, MySQL, Git",Angel-Raa/spring-security-jwt-authentication-and-authorization,src/main/java/com/github/angel/raa/modules/persistence/repository/CategoryRepository.java,1,6,"package com.github.angel.raa.modules.persistence.repository;

import com.github.angel.raa.modules.persistence.models.Category;
import org.springframework.data.jpa.repository.JpaRepository;

public interface CategoryRepository extends JpaRepository<Category, Long> { }",,,,,,,
ITEM_154,JD_REACT_07,Frontend Developer Intern/Fresher,Intern/Fresher,Real-Time Collaboration & Messaging,"ReactJS, TypeScript, WebSocket / Socket.io-client, Zustand / Redux Toolkit / React Context API, Tailwind CSS / SCSS",Blazity/next-enterprise,components/Button/Button.test.tsx,1,32,"import { render, screen } from ""@testing-library/react""
import { describe, expect, it } from ""vitest""
import { Button } from ""./Button""

describe(""Button"", () => {
  it(""renders with children"", () => {
    render(<Button href=""/test"">Click me</Button>)
    expect(screen.getByText(""Click me"")).toBeInTheDocument()
  })

  it(""applies correct intent classes"", () => {
    const { container } = render(
      <Button href=""/test"" intent=""secondary"">
        Secondary
      </Button>
    )
    const link = container.querySelector(""a"")
    expect(link).toHaveClass(""bg-transparent"")
    expect(link).toHaveClass(""text-blue-400"")
  })

  it(""applies correct size classes"", () => {
    const { container } = render(
      <Button href=""/test"" size=""sm"">
        Small
      </Button>
    )
    const link = container.querySelector(""a"")
    expect(link).toHaveClass(""text-sm"")
    expect(link).toHaveClass(""min-w-20"")
  })
})",,,,,,,
ITEM_155,JD_JAVA_15,Java Backend Fresher,Fresher,Retail & Warehouse Inventory Management,"Java 17, Spring Boot, Spring Data JPA, MySQL/PostgreSQL, JWT",rene-kt/spring-restapi-ecommerce,src/main/java/com/rene/ecommerce/services/AuthService.java,1,50,"package com.rene.ecommerce.services;

import java.util.Random;

import org.springframework.beans.factory.annotation.Autowired;
import org.springframework.security.crypto.bcrypt.BCryptPasswordEncoder;
import org.springframework.stereotype.Service;

import com.rene.ecommerce.domain.dto.TypeDTO;
import com.rene.ecommerce.domain.users.Client;
import com.rene.ecommerce.domain.users.Seller;
import com.rene.ecommerce.exceptions.ObjectNotFoundException;
import com.rene.ecommerce.repositories.ClientRepository;
import com.rene.ecommerce.repositories.SellerRepository;
import com.rene.ecommerce.services.email.EmailService;

@Service
public class AuthService {

	private Random rand = new Random();

	@Autowired
	private ClientRepository clientRepository;

	@Autowired
	private SellerRepository sellerRepository;

	@Autowired
	private BCryptPasswordEncoder pe;

	@Autowired
	private EmailService emailService;

	public void sendNewPassword(String email) {

		try {
			Client cli = clientRepository.findByEmail(email);
			String newPassword = newPassword();
			cli.setPassword(pe.encode(newPassword));
			clientRepository.save(cli);
			threadSendEmail(cli.getEmail(), newPassword);

		} catch (NullPointerException e) {
			Seller sel = sellerRepository.findByEmail(email);

			if (sel == null) {
				throw new ObjectNotFoundException();
			}

			String newPassword = newPassword();",,,,,,,
ITEM_156,JD_JAVA_05,Backend Developer (Java/Spring Boot),Fresher,EdTech & Learning Management Systems (LMS),"Java Core, Spring Boot, Spring Security, Spring Data JPA, MySQL",huseynovvusal/spring-blog-api,src/main/java/com/huseynovvusal/springblogapi/config/SecurityConfig.java,1,50,"package com.huseynovvusal.springblogapi.config;

import com.huseynovvusal.springblogapi.filter.BlockedUserFilter;
import com.huseynovvusal.springblogapi.filter.DatabaseHealthFilter;
import com.huseynovvusal.springblogapi.filter.JwtAuthenticationFilter;
import com.huseynovvusal.springblogapi.service.UserDetailsServiceImpl;
import lombok.RequiredArgsConstructor;
import org.slf4j.Logger;
import org.slf4j.LoggerFactory;
import org.springframework.boot.web.servlet.FilterRegistrationBean;
import org.springframework.context.annotation.Bean;
import org.springframework.context.annotation.Configuration;
import org.springframework.security.authentication.AuthenticationManager;
import org.springframework.security.config.annotation.authentication.configuration.AuthenticationConfiguration;
import org.springframework.security.config.annotation.web.builders.HttpSecurity;
import org.springframework.security.config.annotation.web.configuration.EnableWebSecurity;
import org.springframework.security.config.annotation.web.configurers.AbstractHttpConfigurer;
import org.springframework.security.config.http.SessionCreationPolicy;
import org.springframework.security.crypto.bcrypt.BCryptPasswordEncoder;
import org.springframework.security.crypto.password.PasswordEncoder;
import org.springframework.security.web.SecurityFilterChain;
import org.springframework.security.web.authentication.UsernamePasswordAuthenticationFilter;

/**
 * Security configuration class for setting up Spring Security. Configures JWT authentication,
 * stateless session management, and endpoint access rules.
 */
@Configuration
@EnableWebSecurity
@RequiredArgsConstructor
public class SecurityConfig {

  private static final Logger LOGGER = LoggerFactory.getLogger(SecurityConfig.class);

  private final UserDetailsServiceImpl userDetailsService;
  private final JwtAuthenticationFilter jwtAuthenticationFilter;
  private final BlockedUserFilter blockedUserFilter;
  private final DatabaseHealthFilter databaseHealthFilter;

  /**
   * Configures the security filter chain for HTTP requests. - Disables CSRF - Permits
   * unauthenticated access to /auth/** endpoints - Requires authentication for all other endpoints
   * - Adds JWT authentication filter before UsernamePasswordAuthenticationFilter
   *
   * @param http the HttpSecurity object to configure
   * @return the configured SecurityFilterChain
   * @throws Exception if configuration fails
   */
  @Bean
  public SecurityFilterChain securityFilterChain(HttpSecurity http) throws Exception {",,,,,,,
ITEM_157,JD_JAVA_13,Java Backend Fresher,Fresher,FoodTech & Delivery Platform,"Java, Spring Boot, Spring Security & JWT, MySQL & Spring Data JPA, RabbitMQ / Kafka",huseynovvusal/spring-blog-api,src/main/java/com/huseynovvusal/springblogapi/config/SecurityConfig.java,1,50,"package com.huseynovvusal.springblogapi.config;

import com.huseynovvusal.springblogapi.filter.BlockedUserFilter;
import com.huseynovvusal.springblogapi.filter.DatabaseHealthFilter;
import com.huseynovvusal.springblogapi.filter.JwtAuthenticationFilter;
import com.huseynovvusal.springblogapi.service.UserDetailsServiceImpl;
import lombok.RequiredArgsConstructor;
import org.slf4j.Logger;
import org.slf4j.LoggerFactory;
import org.springframework.boot.web.servlet.FilterRegistrationBean;
import org.springframework.context.annotation.Bean;
import org.springframework.context.annotation.Configuration;
import org.springframework.security.authentication.AuthenticationManager;
import org.springframework.security.config.annotation.authentication.configuration.AuthenticationConfiguration;
import org.springframework.security.config.annotation.web.builders.HttpSecurity;
import org.springframework.security.config.annotation.web.configuration.EnableWebSecurity;
import org.springframework.security.config.annotation.web.configurers.AbstractHttpConfigurer;
import org.springframework.security.config.http.SessionCreationPolicy;
import org.springframework.security.crypto.bcrypt.BCryptPasswordEncoder;
import org.springframework.security.crypto.password.PasswordEncoder;
import org.springframework.security.web.SecurityFilterChain;
import org.springframework.security.web.authentication.UsernamePasswordAuthenticationFilter;

/**
 * Security configuration class for setting up Spring Security. Configures JWT authentication,
 * stateless session management, and endpoint access rules.
 */
@Configuration
@EnableWebSecurity
@RequiredArgsConstructor
public class SecurityConfig {

  private static final Logger LOGGER = LoggerFactory.getLogger(SecurityConfig.class);

  private final UserDetailsServiceImpl userDetailsService;
  private final JwtAuthenticationFilter jwtAuthenticationFilter;
  private final BlockedUserFilter blockedUserFilter;
  private final DatabaseHealthFilter databaseHealthFilter;

  /**
   * Configures the security filter chain for HTTP requests. - Disables CSRF - Permits
   * unauthenticated access to /auth/** endpoints - Requires authentication for all other endpoints
   * - Adds JWT authentication filter before UsernamePasswordAuthenticationFilter
   *
   * @param http the HttpSecurity object to configure
   * @return the configured SecurityFilterChain
   * @throws Exception if configuration fails
   */
  @Bean
  public SecurityFilterChain securityFilterChain(HttpSecurity http) throws Exception {",,,,,,,
ITEM_158,JD_JAVA_07,Java API Developer,Fresher,Real-time Messaging & Notification Services,"Java, Spring Boot, Spring WebSocket / STOMP, JWT & Spring Security, PostgreSQL / MySQL / MongoDB",mewebstudio/java-spring-boot-boilerplate,src/main/java/com/mewebstudio/javaspringbootboilerplate/controller/AccountController.java,1,50,"package com.mewebstudio.javaspringbootboilerplate.controller;

import com.mewebstudio.javaspringbootboilerplate.dto.request.user.UpdatePasswordRequest;
import com.mewebstudio.javaspringbootboilerplate.dto.response.DetailedErrorResponse;
import com.mewebstudio.javaspringbootboilerplate.dto.response.ErrorResponse;
import com.mewebstudio.javaspringbootboilerplate.dto.response.SuccessResponse;
import com.mewebstudio.javaspringbootboilerplate.dto.response.user.UserResponse;
import com.mewebstudio.javaspringbootboilerplate.service.MessageSourceService;
import com.mewebstudio.javaspringbootboilerplate.service.UserService;
import io.swagger.v3.oas.annotations.Operation;
import io.swagger.v3.oas.annotations.Parameter;
import io.swagger.v3.oas.annotations.media.Content;
import io.swagger.v3.oas.annotations.media.Schema;
import io.swagger.v3.oas.annotations.responses.ApiResponse;
import io.swagger.v3.oas.annotations.security.SecurityRequirement;
import io.swagger.v3.oas.annotations.tags.Tag;
import jakarta.validation.Valid;
import lombok.RequiredArgsConstructor;
import org.springframework.http.MediaType;
import org.springframework.http.ResponseEntity;
import org.springframework.validation.BindException;
import org.springframework.web.bind.annotation.GetMapping;
import org.springframework.web.bind.annotation.PostMapping;
import org.springframework.web.bind.annotation.RequestBody;
import org.springframework.web.bind.annotation.RequestMapping;
import org.springframework.web.bind.annotation.RestController;

import static com.mewebstudio.javaspringbootboilerplate.util.Constants.SECURITY_SCHEME_NAME;

@RestController
@RequiredArgsConstructor
@RequestMapping(""/account"")
@Tag(name = ""002. Account"", description = ""Account API"")
public class AccountController extends AbstractBaseController {
    private final UserService userService;

    private final MessageSourceService messageSourceService;

    @GetMapping(""/me"")
    @Operation(
        summary = ""Me endpoint"",
        security = @SecurityRequirement(name = SECURITY_SCHEME_NAME),
        responses = {
            @ApiResponse(
                responseCode = ""200"",
                description = ""Successful operation"",
                content = @Content(
                    mediaType = ""application/json"",
                    schema = @Schema(implementation = UserResponse.class)
                )",,,,,,,
ITEM_159,JD_REACT_04,Frontend Engineer,Fresher,B2B SaaS Analytics & Reporting Dashboard,"ReactJS, TypeScript, TanStack React Query, Tailwind CSS, Recharts / Chart.js",hoangtien2k3/ecommerce-microservices,auth-service/src/main/java/com/ecommerce/authservice/controller/AuthController.java,121,137,"
    /** Anti open-redirect: only bounce to a pre-registered frontend callback. */
    private String resolveFrontendRedirect(String requested) {
        if (StringUtils.hasText(requested) && ssoProperties.getAllowedRedirectUris().contains(requested)) {
            return requested;
        }
        return ssoProperties.getDefaultFrontendRedirect();
    }

    private static ResponseEntity<Void> redirectTo(String url) {
        return ResponseEntity.status(HttpStatus.FOUND).location(URI.create(url)).build();
    }

    private static String appendQuery(String url, String key, String value) {
        return UriComponentsBuilder.fromUriString(url).queryParam(key, value).build().encode().toUriString();
    }
}",,,,,,,
ITEM_160,JD_REACT_09,Frontend Web Developer,Intern / Fresher,Service Discovery & Booking Platform,"ReactJS, TypeScript, React Router, Axios",JordanKnott/taskcafe,frontend/src/shared/components/Admin/index.tsx,481,530,"          <NewUserPassInput defaultValue={userPass.pass} width=""100%"" variant=""alternate"" placeholder=""New password"" />
          <NewUserPassInput
            defaultValue={userPass.passConfirm}
            width=""100%""
            variant=""alternate""
            placeholder=""New password (confirm)""
          />
          <UserPassConfirmButton
            disabled={userPass.pass === '' || userPass.passConfirm === ''}
            onClick={() => {
              if (userPass.pass === userPass.passConfirm && updateUserPassword) {
                updateUserPassword(user, userPass.pass);
              }
            }}
            color=""danger""
          >
            Set password
          </UserPassConfirmButton>
        </Content>
      </Popup>
    </>
  );
};

type NavItemProps = {
  active: boolean;
  name: string;
  tab: number;
  onClick: (tab: number, top: number) => void;
};
const NavItem: React.FC<NavItemProps> = ({ active, name, tab, onClick }) => {
  const $item = useRef<HTMLLIElement>(null);
  return (
    <TabNavItem
      key={name}
      ref={$item}
      onClick={() => {
        if ($item && $item.current) {
          const pos = $item.current.getBoundingClientRect();
          onClick(tab, pos.top);
        }
      }}
    >
      <TabNavItemButton active={active}>
        <TabItemUser width={14} height={14} active={active} />
        <TabNavItemSpan>{name}</TabNavItemSpan>
      </TabNavItemButton>
    </TabNavItem>
  );
};",,,,,,,
ITEM_161,JD_REACT_02,ReactJS / TypeScript Intern,Intern/Fresher,Digital Media & Streaming SPA,"HTML5/CSS3, JavaScript (ES6+), TypeScript, ReactJS",ZahraMirzaei/online-shop,components/carousel/Slide.tsx,12,38,"const Slide: React.FC<Props> = ({ title, description, bgImg, url }) => {
  const { t } = useLanguage();

  return (
    <>
      <div
        className={`relative w-[100%] h-[50vh] md:h-[70vh] bg-cover bg-center bg-no-repeat`}
        style={{ backgroundImage: `${bgImg}` }}
      >
        <Link href={url}>
          <a className=""block"">
            <div
              className={`backdrop-filter backdrop-blur-[12px] bg-palette-card/60 p-3 md:p-8 lg:p-10 shadow-lg md:overflow-hidden ltr:text-left rtl:text-right rounded-md md:w-[60%] lg:w-[50%] md:mt-auto absolute bottom-0 md:top-[45%] md:right-[25%] md:bottom-auto`}
            >
              <h3 className=""text-lg md:text-2xl lg:text-3xl font-medium"">
                {t[`${title}`]}
              </h3>
              <p className=""text-[13px] md:text-lg mt-2 md:mt-4 lg:mt-8"">
                {t[`${description}`]}
              </p>
            </div>
          </a>
        </Link>
      </div>
    </>
  );
};",,,,,,,
ITEM_162,JD_REACT_03,Fullstack TypeScript Fresher,Fresher,Fullstack Web Application Development,"TypeScript, JavaScript (ES6+), ReactJS, Node.js / Express.js, JWT Authentication, MongoDB / PostgreSQL / MySQL",Snailclimb/spring-security-jwt-guide,src/main/java/github/javaguide/springsecurityjwtguide/security/service/AuthService.java,1,50,"package github.javaguide.springsecurityjwtguide.security.service;

import github.javaguide.springsecurityjwtguide.security.common.utils.CurrentUserUtil;
import github.javaguide.springsecurityjwtguide.security.common.utils.JwtTokenUtil;
import github.javaguide.springsecurityjwtguide.security.dto.LoginRequest;
import github.javaguide.springsecurityjwtguide.security.entity.JwtUser;
import github.javaguide.springsecurityjwtguide.system.entity.User;
import github.javaguide.springsecurityjwtguide.system.exception.UserNameNotFoundException;
import github.javaguide.springsecurityjwtguide.system.service.UserService;
import lombok.RequiredArgsConstructor;
import lombok.extern.slf4j.Slf4j;
import org.springframework.beans.factory.annotation.Autowired;
import org.springframework.data.redis.core.StringRedisTemplate;
import org.springframework.security.authentication.BadCredentialsException;
import org.springframework.security.core.Authentication;
import org.springframework.security.core.GrantedAuthority;
import org.springframework.security.core.context.SecurityContextHolder;
import org.springframework.stereotype.Service;

import java.util.List;
import java.util.stream.Collectors;

/**
 * @author shuang.kou
 **/
@Service
@RequiredArgsConstructor(onConstructor = @__(@Autowired))
@Slf4j
public class AuthService {
    private final UserService userService;
    private final StringRedisTemplate stringRedisTemplate;
    private final CurrentUserUtil currentUserUtil;

    public String createToken(LoginRequest loginRequest) {
        User user = userService.find(loginRequest.getUsername());
        if (!userService.check(loginRequest.getPassword(), user.getPassword())) {
            throw new BadCredentialsException(""The user name or password is not correct."");
        }
        JwtUser jwtUser = new JwtUser(user);
        if (!jwtUser.isEnabled()) {
            throw new BadCredentialsException(""User is forbidden to login"");
        }
        List<String> authorities = jwtUser.getAuthorities()
                .stream()
                .map(GrantedAuthority::getAuthority)
                .collect(Collectors.toList());
        String token = JwtTokenUtil.createToken(user.getUserName(), user.getId().toString(), authorities, loginRequest.getRememberMe());
        stringRedisTemplate.opsForValue().set(user.getId().toString(), token);
        return token;
    }",,,,,,,
ITEM_163,JD_JAVA_03,Java Backend Fresher,Fresher,Fintech & Payment Gateway,"Java, Spring Boot, Spring Data JPA, PostgreSQL, Redis",Angel-Raa/spring-security-jwt-authentication-and-authorization,src/main/java/com/github/angel/raa/modules/controller/AuthenticationController.java,1,50,"package com.github.angel.raa.modules.controller;


import com.github.angel.raa.modules.persistence.dto.user.UserDto;
import com.github.angel.raa.modules.persistence.dto.user.request.AuthenticateRequest;
import com.github.angel.raa.modules.persistence.dto.user.response.AuthenticateResponse;
import com.github.angel.raa.modules.persistence.dto.user.response.LogoutResponse;
import com.github.angel.raa.modules.service.interfaces.auth.AuthenticationService;
import com.github.angel.raa.modules.utils.constants.Message;
import io.swagger.v3.oas.annotations.Operation;
import io.swagger.v3.oas.annotations.media.Content;
import io.swagger.v3.oas.annotations.responses.ApiResponse;
import io.swagger.v3.oas.annotations.tags.Tag;
import jakarta.servlet.http.HttpServletRequest;
import jakarta.validation.Valid;
import lombok.RequiredArgsConstructor;
import org.springframework.http.HttpStatus;
import org.springframework.http.ResponseEntity;
import org.springframework.security.access.prepost.PreAuthorize;
import org.springframework.web.bind.annotation.*;

import java.time.LocalDateTime;
//@CrossOrigin
@RestController
@RequestMapping(""/auth"")
@RequiredArgsConstructor
@Tag(name = ""Authentication"", description = ""Authentication"")
public class AuthenticationController {
    private final AuthenticationService authenticateService;
    @Operation(summary = ""Validate token"")
    @PreAuthorize(""permitAll"")
    @GetMapping(""/validate-token"")
    public ResponseEntity<Boolean> validateToken(@RequestParam String token) {
        boolean isValid = authenticateService.validateToken(token);
        return ResponseEntity.ok(isValid);
    }
    @Operation(summary = ""Login"")
    @ApiResponse(responseCode = ""200"", description = ""Login successfully"",  content = {@Content(mediaType = ""application/json"")})
    @PreAuthorize(""permitAll"")
    @PostMapping(""/login"")
    public ResponseEntity<AuthenticateResponse> login(@Valid @RequestBody AuthenticateRequest request) {
        AuthenticateResponse response = authenticateService.login(request);
        return ResponseEntity.ok(response);

    }


    @GetMapping(""/profile"")
    @PreAuthorize(""hasAuthority('READ_MY_PROFILE')"")
    public ResponseEntity<UserDto> profile() {",,,,,,,
ITEM_164,JD_JAVA_13,Java Backend Fresher,Fresher,FoodTech & Delivery Platform,"Java, Spring Boot, Spring Security & JWT, MySQL & Spring Data JPA, RabbitMQ / Kafka",huseynovvusal/spring-blog-api,src/main/java/com/huseynovvusal/springblogapi/controller/AuthenticationController.java,120,129,"@Operation(
      summary = ""Refresh tokens"",
      description = ""Rotates a valid refresh token into new access and refresh tokens."")
  @PostMapping(""refresh"")
  @RateLimiter(name = ""auth"")
  public LoginResponse refresh(@Valid @RequestBody RefreshTokenRequest request)
      throws InvalidRefreshTokenException {
    LOGGER.info(""Refresh token attempt"");
    return authenticationService.refreshTokens(request.getRefreshToken());
  }",,,,,,,
ITEM_165,JD_JAVA_13,Java Backend Fresher,Fresher,FoodTech & Delivery Platform,"Java, Spring Boot, Spring Security & JWT, MySQL & Spring Data JPA, RabbitMQ / Kafka",Snailclimb/spring-security-jwt-guide,src/main/java/github/javaguide/springsecurityjwtguide/security/service/AuthService.java,1,50,"package github.javaguide.springsecurityjwtguide.security.service;

import github.javaguide.springsecurityjwtguide.security.common.utils.CurrentUserUtil;
import github.javaguide.springsecurityjwtguide.security.common.utils.JwtTokenUtil;
import github.javaguide.springsecurityjwtguide.security.dto.LoginRequest;
import github.javaguide.springsecurityjwtguide.security.entity.JwtUser;
import github.javaguide.springsecurityjwtguide.system.entity.User;
import github.javaguide.springsecurityjwtguide.system.exception.UserNameNotFoundException;
import github.javaguide.springsecurityjwtguide.system.service.UserService;
import lombok.RequiredArgsConstructor;
import lombok.extern.slf4j.Slf4j;
import org.springframework.beans.factory.annotation.Autowired;
import org.springframework.data.redis.core.StringRedisTemplate;
import org.springframework.security.authentication.BadCredentialsException;
import org.springframework.security.core.Authentication;
import org.springframework.security.core.GrantedAuthority;
import org.springframework.security.core.context.SecurityContextHolder;
import org.springframework.stereotype.Service;

import java.util.List;
import java.util.stream.Collectors;

/**
 * @author shuang.kou
 **/
@Service
@RequiredArgsConstructor(onConstructor = @__(@Autowired))
@Slf4j
public class AuthService {
    private final UserService userService;
    private final StringRedisTemplate stringRedisTemplate;
    private final CurrentUserUtil currentUserUtil;

    public String createToken(LoginRequest loginRequest) {
        User user = userService.find(loginRequest.getUsername());
        if (!userService.check(loginRequest.getPassword(), user.getPassword())) {
            throw new BadCredentialsException(""The user name or password is not correct."");
        }
        JwtUser jwtUser = new JwtUser(user);
        if (!jwtUser.isEnabled()) {
            throw new BadCredentialsException(""User is forbidden to login"");
        }
        List<String> authorities = jwtUser.getAuthorities()
                .stream()
                .map(GrantedAuthority::getAuthority)
                .collect(Collectors.toList());
        String token = JwtTokenUtil.createToken(user.getUserName(), user.getId().toString(), authorities, loginRequest.getRememberMe());
        stringRedisTemplate.opsForValue().set(user.getId().toString(), token);
        return token;
    }",,,,,,,
ITEM_166,JD_REACT_05,Next.js & TypeScript Frontend Developer,Fresher / Junior,High-Performance Web & Digital Commerce,"ReactJS, TypeScript, Next.js, Tailwind CSS, RESTful API / GraphQL",vercel/commerce,components/welcome-toast.tsx,1,36,"""use client"";

import { useEffect } from ""react"";
import { toast } from ""sonner"";

export function WelcomeToast() {
  useEffect(() => {
    // ignore if screen height is too small
    if (window.innerHeight < 650) return;
    if (!document.cookie.includes(""welcome-toast=2"")) {
      toast(""🛍️ Welcome to Next.js Commerce!"", {
        id: ""welcome-toast"",
        duration: Infinity,
        onDismiss: () => {
          document.cookie = ""welcome-toast=2; max-age=31536000; path=/"";
        },
        description: (
          <>
            This is a high-performance, SSR storefront powered by Shopify,
            Next.js, and Vercel.{"" ""}
            <a
              href=""https://vercel.com/templates/next.js/nextjs-commerce""
              className=""text-blue-600 hover:underline""
              target=""_blank""
            >
              Deploy your own
            </a>
            .
          </>
        ),
      });
    }
  }, []);

  return null;
}",,,,,,,
ITEM_167,JD_REACT_03,Fullstack TypeScript Fresher,Fresher,Fullstack Web Application Development,"TypeScript, JavaScript (ES6+), ReactJS, Node.js / Express.js, JWT Authentication, MongoDB / PostgreSQL / MySQL",boxyhq/saas-starter-kit,components/account/UpdateName.tsx,1,50,"import { useFormik } from 'formik';
import toast from 'react-hot-toast';
import { useTranslation } from 'next-i18next';
import { Button, Input } from 'react-daisyui';

import type { ApiResponse } from 'types';
import { Card } from '@/components/shared';
import { defaultHeaders } from '@/lib/common';
import { User } from '@prisma/client';
import { useSession } from 'next-auth/react';
import { useRouter } from 'next/router';
import { updateAccountSchema } from '@/lib/zod';

const UpdateName = ({ user }: { user: Partial<User> }) => {
  const { t } = useTranslation('common');
  const { update } = useSession();
  const router = useRouter();

  const formik = useFormik({
    initialValues: {
      name: user.name,
    },
    validateOnBlur: false,
    enableReinitialize: true,
    validate: (values) => {
      try {
        updateAccountSchema.parse(values);
      } catch (error: any) {
        return error.formErrors.fieldErrors;
      }
    },
    onSubmit: async (values) => {
      const response = await fetch('/api/users', {
        method: 'PUT',
        headers: defaultHeaders,
        body: JSON.stringify(values),
      });

      if (!response.ok) {
        const json = (await response.json()) as ApiResponse;
        toast.error(json.error.message);
        return;
      }

      await update({
        name: values.name,
      });

      router.replace('/settings/account');
      toast.success(t('successfully-updated'));",,,,,,,
ITEM_168,JD_REACT_04,Frontend Engineer,Fresher,B2B SaaS Analytics & Reporting Dashboard,"ReactJS, TypeScript, TanStack React Query, Tailwind CSS, Recharts / Chart.js",JordanKnott/taskcafe,frontend/src/shared/components/Admin/index.tsx,521,570,"        }
      }}
    >
      <TabNavItemButton active={active}>
        <TabItemUser width={14} height={14} active={active} />
        <TabNavItemSpan>{name}</TabNavItemSpan>
      </TabNavItemButton>
    </TabNavItem>
  );
};

type AdminProps = {
  initialTab: number;
  onAddUser: ($target: React.RefObject<HTMLElement>) => void;
  onDeleteUser: (userID: string, newOwnerID: string | null) => void;
  onInviteUser: ($target: React.RefObject<HTMLElement>) => void;
  users: Array<User>;
  invitedUsers: Array<InvitedUserAccount>;
  canInviteUser: boolean;
  onUpdateUserPassword: (user: TaskUser, password: string) => void;
  onDeleteInvitedUser: (invitedUserID: string) => void;
};

const Admin: React.FC<AdminProps> = ({
  initialTab,
  onAddUser,
  onUpdateUserPassword,
  canInviteUser,
  onDeleteUser,
  onDeleteInvitedUser,
  onInviteUser,
  invitedUsers,
  users,
}) => {
  const warning =
    'You can’t leave because you are the only admin. To make another user an admin, click their avatar, select “Change permissions…”, and select “Admin”.';
  const [currentTop, setTop] = useState(initialTab * 48);
  const [currentTab, setTab] = useState(initialTab);
  const { showPopup } = usePopup();
  const $tabNav = useRef<HTMLDivElement>(null);

  const [updateUserRole] = useUpdateUserRoleMutation();
  return (
    <Container>
      <TabNav ref={$tabNav}>
        <TabNavContent>
          {items.map((item, idx) => (
            <NavItem
              key={item.name}
              onClick={(tab, top) => {",,,,,,,
ITEM_169,JD_JAVA_02,Junior Java Developer,Intern/Fresher,Enterprise Web & HRM Systems,"Java, Spring Boot, Spring Data JPA, PostgreSQL, JUnit",mewebstudio/java-spring-boot-boilerplate,src/main/java/com/mewebstudio/javaspringbootboilerplate/controller/AccountController.java,39,64,"@GetMapping(""/me"")
    @Operation(
        summary = ""Me endpoint"",
        security = @SecurityRequirement(name = SECURITY_SCHEME_NAME),
        responses = {
            @ApiResponse(
                responseCode = ""200"",
                description = ""Successful operation"",
                content = @Content(
                    mediaType = ""application/json"",
                    schema = @Schema(implementation = UserResponse.class)
                )
            ),
            @ApiResponse(
                responseCode = ""401"",
                description = ""Bad credentials"",
                content = @Content(
                    mediaType = MediaType.APPLICATION_JSON_VALUE,
                    schema = @Schema(implementation = ErrorResponse.class)
                )
            )
        }
    )
    public ResponseEntity<UserResponse> me() {
        return ResponseEntity.ok(UserResponse.convert(userService.getUser()));
    }",,,,,,,
ITEM_170,JD_JAVA_12,Junior Java Developer,Junior,Enterprise Software & Financial Services,"Java 17, Spring Boot, JUnit 5 & Mockito, PostgreSQL/MySQL",jhcode33/react-spring-blog-backend,src/main/java/jhcode/blog/controller/BoardController.java,67,73,"@PatchMapping(""/{boardId}/update"")
    public ResponseEntity<ResBoardDetailsDto> update(
            @PathVariable Long boardId,
            @RequestBody BoardUpdateDto boardDTO) {
        ResBoardDetailsDto updateBoardDTO = boardService.update(boardId, boardDTO);
        return ResponseEntity.status(HttpStatus.OK).body(updateBoardDTO);
    }",,,,,,,
ITEM_171,JD_REACT_03,Fullstack TypeScript Fresher,Fresher,Fullstack Web Application Development,"TypeScript, JavaScript (ES6+), ReactJS, Node.js / Express.js, JWT Authentication, MongoDB / PostgreSQL / MySQL",robbins23/admin-dashboard-nextjs-typescript-daisyui-template,src/components/input/text-area.tsx,13,42,"function TextArea({
  labelTitle,
  labelStyle,
  containerStyle,
  defaultValue,
  placeholder,
  updateFormValue,
  updateType,
}: TextAreaProps): JSX.Element {
  const [value, setValue] = useState<string>(defaultValue || '');

  const updateTextAreaValue = (val: string): void => {
    setValue(val);
    updateFormValue(updateType, val);
  };

  return (
    <div className={`form-control w-full ${containerStyle}`}>
      <label className=""label"">
        <span className={'label-text text-xs text-base-content ' + (labelStyle || '')}>{labelTitle}</span>
      </label>
      <textarea
        value={value}
        placeholder={placeholder || ''}
        onChange={(e) => updateTextAreaValue(e.target.value)}
        className=""textarea textarea-bordered w-full""
      />
    </div>
  );
}",,,,,,,
ITEM_172,JD_JAVA_12,Junior Java Developer,Junior,Enterprise Software & Financial Services,"Java 17, Spring Boot, JUnit 5 & Mockito, PostgreSQL/MySQL",sosow0212/community,src/main/java/yoon/community/config/auth/CustomUserDetailsService.java,1,42,"package yoon.community.config.auth;

import lombok.RequiredArgsConstructor;
import org.springframework.security.core.GrantedAuthority;
import org.springframework.security.core.authority.SimpleGrantedAuthority;
import org.springframework.security.core.userdetails.User;
import org.springframework.security.core.userdetails.UserDetails;
import org.springframework.security.core.userdetails.UserDetailsService;
import org.springframework.security.core.userdetails.UsernameNotFoundException;
import org.springframework.stereotype.Service;
import org.springframework.transaction.annotation.Transactional;
import yoon.community.domain.member.Member;
import yoon.community.repository.member.MemberRepository;

import java.util.Collections;

@Service
@RequiredArgsConstructor
public class CustomUserDetailsService implements UserDetailsService {

    private final MemberRepository memberRepository;

    @Override
    @Transactional
    public UserDetails loadUserByUsername(String username) throws UsernameNotFoundException {
        return memberRepository.findByUsername(username)
                .map(this::createUserDetails)
                .orElseThrow(() -> new UsernameNotFoundException(username + "" -> 데이터베이스에서 찾을 수 없습니다.""));
    }

    // DB 에 User 값이 존재한다면 UserDetails 객체로 만들어서 리턴
    private UserDetails createUserDetails(Member member) {
        GrantedAuthority grantedAuthority = new SimpleGrantedAuthority(member.getAuthority().toString());

        return new User(
//                String.valueOf(member.getId()),
                member.getUsername(),
                member.getPassword(),
                Collections.singleton(grantedAuthority)
        );
    }
}",,,,,,,
ITEM_173,JD_REACT_10,Fullstack React & TypeScript Developer,Fresher / Junior,EdTech Fullstack Application,"TypeScript, ReactJS, Node.js / Express / NestJS, Redux Toolkit / Zustand, Prisma / TypeORM / Mongoose, Git",sudeepmahato16/movie-app,src/pages/Catalog/components/Search.tsx,9,40,"const Search: React.FC<SearchProps> = ({ setQuery }) => {
  const { category } = useParams();
  const [search, setSearch] = useState<string>("""");

  const handleSubmit = (e: React.FormEvent) => {
    e.preventDefault();
    if (!search) return;
    setQuery({ search });
    setSearch("""");
  };

  return (
    <form
      className=""text-[14px] lg:py-10 md:pt-9 md:pb-10 sm:pt-8 sm:pb-10  pt-6 pb-8 flex flex-row items-center justify-center""
      onSubmit={handleSubmit}
    >
      <input
        type=""text""
        className=""py-[8px] pl-[20px] pr-[36px]  rounded-full outline-none w-[300px] md:w-[340px]  shadow-md transition-all duration-300 focus:shadow-sm text-[#666] focus:bg-[#ffffff] bg-[#fdfdfd] font-medium dark:bg-[#302d3a] dark:text-primary dark:focus:bg-[#474550]""
        onChange={(e) => setSearch(e.target.value)}
        value={search}
        placeholder={`Search ${category === ""movie"" ? ""movies"" : ""tv series""}`}
      />
      <button
        type=""submit""
        className=""text-[18px] -ml-[32px] text-[#ff0000] z-[1]""
      >
        <GoSearch />
      </button>
    </form>
  );
};",,,,,,,
ITEM_174,JD_JAVA_15,Java Backend Fresher,Fresher,Retail & Warehouse Inventory Management,"Java 17, Spring Boot, Spring Data JPA, MySQL/PostgreSQL, JWT",f-lab-edu/fast-shoppers,src/main/java/com/fastshoppers/entity/Product.java,1,50,"package com.fastshoppers.entity;

import java.math.BigDecimal;

import org.springframework.data.jpa.domain.support.AuditingEntityListener;

import jakarta.persistence.AttributeOverride;
import jakarta.persistence.Column;
import jakarta.persistence.Entity;
import jakarta.persistence.EntityListeners;
import jakarta.persistence.FetchType;
import jakarta.persistence.JoinColumn;
import jakarta.persistence.ManyToOne;
import jakarta.persistence.Table;
import lombok.AllArgsConstructor;
import lombok.Getter;
import lombok.NoArgsConstructor;
import lombok.Setter;
import lombok.ToString;

@Entity
@AttributeOverride(name = ""id"", column = @Column(name = ""product_id"", nullable = false))
@Table(name = ""product"")
@Getter
@Setter
@NoArgsConstructor
@AllArgsConstructor
@EntityListeners(AuditingEntityListener.class)
@ToString
public class Product extends BaseEntity {

	@Column(name = ""product_uuid"", nullable = false, unique = true)
	private String productUuid;

	@ManyToOne(fetch = FetchType.LAZY)
	@JoinColumn(name = ""category_id"", nullable = false)
	private Category category;

	@Column(name = ""product_name"", length = 255, nullable = false)
	private String productName;

	@Column(name = ""product_subtitle"", length = 255)
	private String productSubtitle;

	@Column(name = ""list_price"", nullable = false)
	private BigDecimal listPrice;

	@Column(name = ""selling_price"", nullable = false)
	private BigDecimal sellingPrice;
",,,,,,,
ITEM_175,JD_JAVA_13,Java Backend Fresher,Fresher,FoodTech & Delivery Platform,"Java, Spring Boot, Spring Security & JWT, MySQL & Spring Data JPA, RabbitMQ / Kafka",mewebstudio/java-spring-boot-boilerplate,src/main/java/com/mewebstudio/javaspringbootboilerplate/controller/AccountController.java,41,90,"        summary = ""Me endpoint"",
        security = @SecurityRequirement(name = SECURITY_SCHEME_NAME),
        responses = {
            @ApiResponse(
                responseCode = ""200"",
                description = ""Successful operation"",
                content = @Content(
                    mediaType = ""application/json"",
                    schema = @Schema(implementation = UserResponse.class)
                )
            ),
            @ApiResponse(
                responseCode = ""401"",
                description = ""Bad credentials"",
                content = @Content(
                    mediaType = MediaType.APPLICATION_JSON_VALUE,
                    schema = @Schema(implementation = ErrorResponse.class)
                )
            )
        }
    )
    public ResponseEntity<UserResponse> me() {
        return ResponseEntity.ok(UserResponse.convert(userService.getUser()));
    }

    @PostMapping(""/password"")
    @Operation(
        summary = ""Password update endpoint"",
        security = @SecurityRequirement(name = SECURITY_SCHEME_NAME),
        responses = {
            @ApiResponse(
                responseCode = ""200"",
                description = ""Successful operation"",
                content = @Content(
                    mediaType = ""application/json"",
                    schema = @Schema(implementation = SuccessResponse.class)
                )
            ),
            @ApiResponse(
                responseCode = ""401"",
                description = ""Bad credentials"",
                content = @Content(
                    mediaType = MediaType.APPLICATION_JSON_VALUE,
                    schema = @Schema(implementation = ErrorResponse.class)
                )
            ),
            @ApiResponse(
                responseCode = ""422"",
                description = ""Validation failed"",
                content = @Content(",,,,,,,
ITEM_176,JD_JAVA_09,Java Backend Intern,Intern,Digital Library & Bookstore API,"Java Core, Spring Boot, Spring Data JPA, MySQL/PostgreSQL",devdcores/BookStoreApp-Distributed-Application,bookstore-account-service/src/main/java/com/devd/spring/bookstoreaccountservice/config/AuthorizationServerConfig.java,94,101,"@Bean
  @Primary
  public DefaultTokenServices tokenServices(final TokenStore tokenStore) {
    DefaultTokenServices tokenServices = new DefaultTokenServices();
    tokenServices.setSupportRefreshToken(true);
    tokenServices.setTokenStore(tokenStore);
    return tokenServices;
  }",,,,,,,
ITEM_177,JD_JAVA_02,Junior Java Developer,Intern/Fresher,Enterprise Web & HRM Systems,"Java, Spring Boot, Spring Data JPA, PostgreSQL, JUnit",Rapter1990/parkinglot,src/main/java/com/project/parkinglot/repository/PriceListRepository.java,1,10,"package com.project.parkinglot.repository;

import com.project.parkinglot.model.entity.PriceListEntity;
import org.springframework.data.jpa.repository.JpaRepository;

/**
 * Repository interface named {@link PriceListRepository} for managing price lists.
 */
public interface PriceListRepository extends JpaRepository<PriceListEntity, String> {
}",,,,,,,
ITEM_178,JD_JAVA_12,Junior Java Developer,Junior,Enterprise Software & Financial Services,"Java 17, Spring Boot, JUnit 5 & Mockito, PostgreSQL/MySQL",mewebstudio/java-spring-boot-boilerplate,src/main/java/com/mewebstudio/javaspringbootboilerplate/controller/AccountController.java,39,64,"@GetMapping(""/me"")
    @Operation(
        summary = ""Me endpoint"",
        security = @SecurityRequirement(name = SECURITY_SCHEME_NAME),
        responses = {
            @ApiResponse(
                responseCode = ""200"",
                description = ""Successful operation"",
                content = @Content(
                    mediaType = ""application/json"",
                    schema = @Schema(implementation = UserResponse.class)
                )
            ),
            @ApiResponse(
                responseCode = ""401"",
                description = ""Bad credentials"",
                content = @Content(
                    mediaType = MediaType.APPLICATION_JSON_VALUE,
                    schema = @Schema(implementation = ErrorResponse.class)
                )
            )
        }
    )
    public ResponseEntity<UserResponse> me() {
        return ResponseEntity.ok(UserResponse.convert(userService.getUser()));
    }",,,,,,,
ITEM_179,JD_REACT_02,ReactJS / TypeScript Intern,Intern/Fresher,Digital Media & Streaming SPA,"HTML5/CSS3, JavaScript (ES6+), TypeScript, ReactJS",robbins23/admin-dashboard-nextjs-typescript-daisyui-template,src/components/input/text-area.tsx,1,44,"import React, { useState } from 'react';

interface TextAreaProps {
  labelTitle: string;
  labelStyle?: string;
  containerStyle?: string;
  defaultValue?: string;
  placeholder?: string;
  updateFormValue: (updateType: string, value: string) => void;
  updateType: string;
}

function TextArea({
  labelTitle,
  labelStyle,
  containerStyle,
  defaultValue,
  placeholder,
  updateFormValue,
  updateType,
}: TextAreaProps): JSX.Element {
  const [value, setValue] = useState<string>(defaultValue || '');

  const updateTextAreaValue = (val: string): void => {
    setValue(val);
    updateFormValue(updateType, val);
  };

  return (
    <div className={`form-control w-full ${containerStyle}`}>
      <label className=""label"">
        <span className={'label-text text-xs text-base-content ' + (labelStyle || '')}>{labelTitle}</span>
      </label>
      <textarea
        value={value}
        placeholder={placeholder || ''}
        onChange={(e) => updateTextAreaValue(e.target.value)}
        className=""textarea textarea-bordered w-full""
      />
    </div>
  );
}

export default TextArea;",,,,,,,
ITEM_180,JD_REACT_06,Junior ReactJS Developer,Junior,Productivity & Collaborative Kanban System,"ReactJS, TypeScript, Redux Toolkit / Zustand, React Hook Form & Zod/Yup, Tailwind CSS / CSS-in-JS",sylvaincodes/youtube_ecommerce,components/modules/custom/Container.tsx,3,11,"export default function Container({
  children,
  className,
}: {
  children: React.ReactNode;
  className?: string;
}) {
  return <div className={`container h-full w-full ${className}`}>{children}</div>;
}",,,,,,,
ITEM_181,JD_REACT_03,Fullstack TypeScript Fresher,Fresher,Fullstack Web Application Development,"TypeScript, JavaScript (ES6+), ReactJS, Node.js / Express.js, JWT Authentication, MongoDB / PostgreSQL / MySQL",JordanKnott/taskcafe,frontend/src/shared/components/Admin/index.tsx,1,50,"import React, { useState, useRef } from 'react';
import styled, { css } from 'styled-components';
import TaskAssignee from 'shared/components/TaskAssignee';
import Select from 'shared/components/Select';
import { User, UserPlus, Checkmark } from 'shared/icons';
import { usePopup, Popup } from 'shared/components/PopupMenu';
import { RoleCode, useUpdateUserRoleMutation } from 'shared/generated/graphql';
import Input from 'shared/components/Input';
import Button from 'shared/components/Button';
import NOOP from 'shared/utils/noop';
import { mixin } from 'shared/utils/styles';

const UserSelect = styled(Select)`
  margin: 8px 0;
  padding: 8px 0;
`;

const NewUserPassInput = styled(Input)`
  margin: 8px 0;
`;

const InviteMemberButton = styled(Button)`
  padding: 7px 12px;
`;

const UserPassBar = styled.div`
  display: flex;
  padding-top: 8px;
`;

const UserPassConfirmButton = styled(Button)`
  width: 100%;
  padding: 7px 12px;
`;

const UserPassButton = styled(Button)`
  width: 50%;
  padding: 7px 12px;
  & ~ & {
    margin-left: 6px;
  }
`;

const MemberItemOptions = styled.div``;

const MemberItemOption = styled(Button)`
  padding: 7px 9px;
  margin: 4px 0 4px 8px;
  float: left;
  min-width: 95px;",,,,,,,
ITEM_182,JD_JAVA_06,Fresher Java Backend Engineer,Fresher,Digital Healthcare & Telemedicine,"Java 11/17, Spring Boot, Spring Data JPA, PostgreSQL/MySQL",jhcode33/react-spring-blog-backend,src/main/java/jhcode/blog/repository/FileRepository.java,1,8,"package jhcode.blog.repository;

import jhcode.blog.entity.FileEntity;
import org.springframework.data.jpa.repository.JpaRepository;

public interface FileRepository extends JpaRepository<FileEntity, Long> {

}",,,,,,,
ITEM_183,JD_REACT_09,Frontend Web Developer,Intern / Fresher,Service Discovery & Booking Platform,"ReactJS, TypeScript, React Router, Axios",Snouzy/workout-cool,app/api/premium/plans/route.ts,212,250,"export async function GET(request: NextRequest) {
  try {
    const { searchParams } = new URL(request.url);
    const provider = searchParams.get(""provider"") || undefined;

    // Use provided region or auto-detect
    let region = searchParams.get(""region"") || undefined;
    if (!region) {
      region = detectUserRegion(request);
    } else {
      console.log(""📍 Région fournie explicitement:"", region);
    }

    const plans = await PremiumManager.getAvailablePlans(provider, region);
    console.log(`\n✅ Retour de ${plans.length} plan(s) pour la région: ${region}\n`);

    // Include debug info only in development
    const response: any = {
      plans,
      detectedRegion: region,
    };

    if (process.env.NODE_ENV === ""development"") {
      response.debug = {
        headers: {
          country: request.headers.get(""x-vercel-ip-country"") || request.headers.get(""cf-ipcountry""),
          acceptLanguage: request.headers.get(""accept-language""),
          timezone: searchParams.get(""tz""),
        },
      };
    }

    return NextResponse.json(response);
  } catch (error) {
    console.error(""Error fetching plans:"", error);

    return NextResponse.json({ error: ""Failed to fetch plans"" }, { status: 500 });
  }
}",,,,,,,
ITEM_184,JD_JAVA_05,Backend Developer (Java/Spring Boot),Fresher,EdTech & Learning Management Systems (LMS),"Java Core, Spring Boot, Spring Security, Spring Data JPA, MySQL",mdtalalwasim/blog-application-spring-boot-rest-api,blog-application-springboot-rest-apis/src/main/java/com/mdtalalwasim/blog/app/BlogApplicationSpringbootRestApisApplication.java,46,76,"@Override
	public void run(String... args) throws Exception {
		System.out.println(this.passwordEncoder.encode(""123456""));
		System.out.println(this.passwordEncoder.encode(""selim""));
		
		
		try {
			
			//create 2 Role, When Application run 1st time. if role is created before then it will not created again.
			Role role = new Role();
			role.setId(ApplicationConstants.ADMIN_USER_ID_HARDCODED_ID_VALUE);//role.setId(7001);
			role.setName(""ADMIN_USER"");
			
			Role role2 = new Role();
			role2.setId(ApplicationConstants.NORMAL_USER_ID_HARDCODED_ID_VALUE);//role.setId(7001);
			role2.setName(""NORMAL_USER"");
			
			List<Role> roles = List.of(role,role2);
			
			List<Role> rolesResult	 = this.roleRepository.saveAll(roles);
			
			//only systout for personal check.
			rolesResult.forEach(r->{
				System.out.println(r.getName());  
			});
			
			
		} catch (Exception e) {
			
		}
	}",,,,,,,
ITEM_185,JD_JAVA_01,Backend Developer (Java / Spring Boot),Fresher,E-Commerce Platform,"Java, Spring Boot, Spring Security & JWT, Spring Data JPA / Hibernate, MySQL, Git",Angel-Raa/spring-security-jwt-authentication-and-authorization,src/main/java/com/github/angel/raa/modules/persistence/repository/ProductRepository.java,1,6,"package com.github.angel.raa.modules.persistence.repository;

import com.github.angel.raa.modules.persistence.models.Product;
import org.springframework.data.jpa.repository.JpaRepository;

public interface ProductRepository extends JpaRepository<Product, Long> { }",,,,,,,
ITEM_186,JD_REACT_02,ReactJS / TypeScript Intern,Intern/Fresher,Digital Media & Streaming SPA,"HTML5/CSS3, JavaScript (ES6+), TypeScript, ReactJS",JordanKnott/taskcafe,frontend/src/shared/components/Admin/index.tsx,1,50,"import React, { useState, useRef } from 'react';
import styled, { css } from 'styled-components';
import TaskAssignee from 'shared/components/TaskAssignee';
import Select from 'shared/components/Select';
import { User, UserPlus, Checkmark } from 'shared/icons';
import { usePopup, Popup } from 'shared/components/PopupMenu';
import { RoleCode, useUpdateUserRoleMutation } from 'shared/generated/graphql';
import Input from 'shared/components/Input';
import Button from 'shared/components/Button';
import NOOP from 'shared/utils/noop';
import { mixin } from 'shared/utils/styles';

const UserSelect = styled(Select)`
  margin: 8px 0;
  padding: 8px 0;
`;

const NewUserPassInput = styled(Input)`
  margin: 8px 0;
`;

const InviteMemberButton = styled(Button)`
  padding: 7px 12px;
`;

const UserPassBar = styled.div`
  display: flex;
  padding-top: 8px;
`;

const UserPassConfirmButton = styled(Button)`
  width: 100%;
  padding: 7px 12px;
`;

const UserPassButton = styled(Button)`
  width: 50%;
  padding: 7px 12px;
  & ~ & {
    margin-left: 6px;
  }
`;

const MemberItemOptions = styled.div``;

const MemberItemOption = styled(Button)`
  padding: 7px 9px;
  margin: 4px 0 4px 8px;
  float: left;
  min-width: 95px;",,,,,,,
ITEM_187,JD_REACT_10,Fullstack React & TypeScript Developer,Fresher / Junior,EdTech Fullstack Application,"TypeScript, ReactJS, Node.js / Express / NestJS, Redux Toolkit / Zustand, Prisma / TypeORM / Mongoose, Git",sylvaincodes/youtube_ecommerce,components/modules/custom/Container.tsx,3,11,"export default function Container({
  children,
  className,
}: {
  children: React.ReactNode;
  className?: string;
}) {
  return <div className={`container h-full w-full ${className}`}>{children}</div>;
}",,,,,,,
ITEM_188,JD_JAVA_05,Backend Developer (Java/Spring Boot),Fresher,EdTech & Learning Management Systems (LMS),"Java Core, Spring Boot, Spring Security, Spring Data JPA, MySQL",Rapter1990/parkinglot,src/main/java/com/project/parkinglot/logging/repository/LogRepository.java,1,10,"package com.project.parkinglot.logging.repository;

import com.project.parkinglot.logging.entity.LogEntity;
import org.springframework.data.jpa.repository.JpaRepository;

/**
 * Repository interface named {@link LogRepository} for managing log entity persistence.
 */
public interface LogRepository extends JpaRepository<LogEntity, Long> {
}",,,,,,,
ITEM_189,JD_JAVA_12,Junior Java Developer,Junior,Enterprise Software & Financial Services,"Java 17, Spring Boot, JUnit 5 & Mockito, PostgreSQL/MySQL",mewebstudio/java-spring-boot-boilerplate,src/main/java/com/mewebstudio/javaspringbootboilerplate/controller/AccountController.java,66,106,"@PostMapping(""/password"")
    @Operation(
        summary = ""Password update endpoint"",
        security = @SecurityRequirement(name = SECURITY_SCHEME_NAME),
        responses = {
            @ApiResponse(
                responseCode = ""200"",
                description = ""Successful operation"",
                content = @Content(
                    mediaType = ""application/json"",
                    schema = @Schema(implementation = SuccessResponse.class)
                )
            ),
            @ApiResponse(
                responseCode = ""401"",
                description = ""Bad credentials"",
                content = @Content(
                    mediaType = MediaType.APPLICATION_JSON_VALUE,
                    schema = @Schema(implementation = ErrorResponse.class)
                )
            ),
            @ApiResponse(
                responseCode = ""422"",
                description = ""Validation failed"",
                content = @Content(
                    mediaType = MediaType.APPLICATION_JSON_VALUE,
                    schema = @Schema(implementation = DetailedErrorResponse.class)
                )
            )
        }
    )
    public ResponseEntity<SuccessResponse> password(
        @Parameter(description = ""Request body to update password"", required = true)
        @RequestBody @Valid UpdatePasswordRequest request
    ) throws BindException {
        userService.updatePassword(request);

        return ResponseEntity.ok(SuccessResponse.builder()
            .message(messageSourceService.get(""your_password_updated""))
            .build());
    }",,,,,,,
ITEM_190,JD_REACT_09,Frontend Web Developer,Intern / Fresher,Service Discovery & Booking Platform,"ReactJS, TypeScript, React Router, Axios",sudeepmahato16/movie-app,src/pages/Catalog/components/Search.tsx,1,42,"import React, { useState } from ""react"";
import { useParams } from ""react-router-dom"";
import { GoSearch } from ""react-icons/go"";

interface SearchProps {
  setQuery: (val: {}) => void;
}

const Search: React.FC<SearchProps> = ({ setQuery }) => {
  const { category } = useParams();
  const [search, setSearch] = useState<string>("""");

  const handleSubmit = (e: React.FormEvent) => {
    e.preventDefault();
    if (!search) return;
    setQuery({ search });
    setSearch("""");
  };

  return (
    <form
      className=""text-[14px] lg:py-10 md:pt-9 md:pb-10 sm:pt-8 sm:pb-10  pt-6 pb-8 flex flex-row items-center justify-center""
      onSubmit={handleSubmit}
    >
      <input
        type=""text""
        className=""py-[8px] pl-[20px] pr-[36px]  rounded-full outline-none w-[300px] md:w-[340px]  shadow-md transition-all duration-300 focus:shadow-sm text-[#666] focus:bg-[#ffffff] bg-[#fdfdfd] font-medium dark:bg-[#302d3a] dark:text-primary dark:focus:bg-[#474550]""
        onChange={(e) => setSearch(e.target.value)}
        value={search}
        placeholder={`Search ${category === ""movie"" ? ""movies"" : ""tv series""}`}
      />
      <button
        type=""submit""
        className=""text-[18px] -ml-[32px] text-[#ff0000] z-[1]""
      >
        <GoSearch />
      </button>
    </form>
  );
};

export default Search;",,,,,,,
ITEM_191,JD_REACT_01,Frontend Developer Fresher (ReactJS / TypeScript),Fresher,E-Commerce Storefront & Order Management,"ReactJS, TypeScript, Redux Toolkit, Tailwind CSS, Git",JordanKnott/taskcafe,frontend/src/shared/components/Checklist/index.tsx,601,635,"          )}
        </WindowTitle>
        <ChecklistProgress>
          <ChecklistProgressPercent>{`${percent}%`}</ChecklistProgressPercent>
          <ChecklistProgressBar>
            <ChecklistProgressBarCurrent width={percent} />
          </ChecklistProgressBar>
        </ChecklistProgress>
        {children}
        <AddNewItem onAddItem={onAddItem} />
      </Wrapper>
    );
  },
);
/*
  <ChecklistItems>
    {items
      .slice()
      .sort((a, b) => a.position - b.position)
      .map((item, idx) => (
        <ChecklistItem
          index={idx}
          key={item.id}
          itemID={item.id}
          name={item.name}
          complete={item.complete}
          onDeleteItem={onDeleteItem}
          onChangeName={onChangeItemName}
          onToggleItem={onToggleItem}
        />
      ))}

 </ChecklistItems>
 */
export default Checklist;",,,,,,,
ITEM_192,JD_JAVA_01,Backend Developer (Java / Spring Boot),Fresher,E-Commerce Platform,"Java, Spring Boot, Spring Security & JWT, Spring Data JPA / Hibernate, MySQL, Git",hoangtien2k3/ecommerce-microservices,auth-service/src/main/java/com/ecommerce/authservice/controller/AuthController.java,1,50,"package com.ecommerce.authservice.controller;

import com.ecommerce.authservice.config.SsoProperties;
import com.ecommerce.authservice.dto.request.RefreshTokenRequest;
import com.ecommerce.authservice.dto.request.RegisterRequest;
import com.ecommerce.authservice.service.SsoSessionStore;
import com.ecommerce.authservice.service.UserService;
import com.ecommerce.commonlib.keycloak.KeycloakAuthClient;
import com.ecommerce.commonlib.keycloak.KeycloakClientProperties;
import com.ecommerce.commonlib.keycloak.KeycloakTokenResponse;
import com.ecommerce.commonlib.viewmodel.ApiResponse;
import jakarta.validation.Valid;
import lombok.RequiredArgsConstructor;
import org.springframework.http.HttpStatus;
import org.springframework.http.ResponseEntity;
import org.springframework.util.StringUtils;
import org.springframework.web.bind.annotation.GetMapping;
import org.springframework.web.bind.annotation.PostMapping;
import org.springframework.web.bind.annotation.RequestBody;
import org.springframework.web.bind.annotation.RequestMapping;
import org.springframework.web.bind.annotation.RequestParam;
import org.springframework.web.bind.annotation.RestController;
import org.springframework.web.util.UriComponentsBuilder;

import java.net.URI;

@RestController
@RequestMapping(""/api/v1/auth"")
@RequiredArgsConstructor
public class AuthController {

    private final UserService userService;
    private final KeycloakAuthClient keycloakAuthClient;
    private final KeycloakClientProperties keycloakProperties;
    private final SsoProperties ssoProperties;
    private final SsoSessionStore ssoSessionStore;

    // ------------------------------------------------------------------
    // Self-service registration (creates the user in Keycloak via admin API)
    // ------------------------------------------------------------------

    @PostMapping(""/signup"")
    public ApiResponse<Void> register(@Valid @RequestBody RegisterRequest request) {
        userService.register(request);
        return ApiResponse.message(""User "" + request.getUsername() + "" registered successfully"");
    }

    // ------------------------------------------------------------------
    // SSO — Authorization Code flow, mediated by this backend
    // ------------------------------------------------------------------",,,,,,,
ITEM_193,JD_REACT_01,Frontend Developer Fresher (ReactJS / TypeScript),Fresher,E-Commerce Storefront & Order Management,"ReactJS, TypeScript, Redux Toolkit, Tailwind CSS, Git",JordanKnott/taskcafe,frontend/src/shared/components/Admin/index.tsx,1,50,"import React, { useState, useRef } from 'react';
import styled, { css } from 'styled-components';
import TaskAssignee from 'shared/components/TaskAssignee';
import Select from 'shared/components/Select';
import { User, UserPlus, Checkmark } from 'shared/icons';
import { usePopup, Popup } from 'shared/components/PopupMenu';
import { RoleCode, useUpdateUserRoleMutation } from 'shared/generated/graphql';
import Input from 'shared/components/Input';
import Button from 'shared/components/Button';
import NOOP from 'shared/utils/noop';
import { mixin } from 'shared/utils/styles';

const UserSelect = styled(Select)`
  margin: 8px 0;
  padding: 8px 0;
`;

const NewUserPassInput = styled(Input)`
  margin: 8px 0;
`;

const InviteMemberButton = styled(Button)`
  padding: 7px 12px;
`;

const UserPassBar = styled.div`
  display: flex;
  padding-top: 8px;
`;

const UserPassConfirmButton = styled(Button)`
  width: 100%;
  padding: 7px 12px;
`;

const UserPassButton = styled(Button)`
  width: 50%;
  padding: 7px 12px;
  & ~ & {
    margin-left: 6px;
  }
`;

const MemberItemOptions = styled.div``;

const MemberItemOption = styled(Button)`
  padding: 7px 9px;
  margin: 4px 0 4px 8px;
  float: left;
  min-width: 95px;",,,,,,,
ITEM_194,JD_JAVA_04,Java Microservices Fresher,Fresher,Distributed Systems & Supply Chain,"Java 17+, Spring Boot, Apache Kafka, Spring Data JPA, MySQL/PostgreSQL, Docker / Docker Compose",hoangtien2k3/ecommerce-microservices,auth-service/src/main/java/com/ecommerce/authservice/controller/AuthController.java,1,50,"package com.ecommerce.authservice.controller;

import com.ecommerce.authservice.config.SsoProperties;
import com.ecommerce.authservice.dto.request.RefreshTokenRequest;
import com.ecommerce.authservice.dto.request.RegisterRequest;
import com.ecommerce.authservice.service.SsoSessionStore;
import com.ecommerce.authservice.service.UserService;
import com.ecommerce.commonlib.keycloak.KeycloakAuthClient;
import com.ecommerce.commonlib.keycloak.KeycloakClientProperties;
import com.ecommerce.commonlib.keycloak.KeycloakTokenResponse;
import com.ecommerce.commonlib.viewmodel.ApiResponse;
import jakarta.validation.Valid;
import lombok.RequiredArgsConstructor;
import org.springframework.http.HttpStatus;
import org.springframework.http.ResponseEntity;
import org.springframework.util.StringUtils;
import org.springframework.web.bind.annotation.GetMapping;
import org.springframework.web.bind.annotation.PostMapping;
import org.springframework.web.bind.annotation.RequestBody;
import org.springframework.web.bind.annotation.RequestMapping;
import org.springframework.web.bind.annotation.RequestParam;
import org.springframework.web.bind.annotation.RestController;
import org.springframework.web.util.UriComponentsBuilder;

import java.net.URI;

@RestController
@RequestMapping(""/api/v1/auth"")
@RequiredArgsConstructor
public class AuthController {

    private final UserService userService;
    private final KeycloakAuthClient keycloakAuthClient;
    private final KeycloakClientProperties keycloakProperties;
    private final SsoProperties ssoProperties;
    private final SsoSessionStore ssoSessionStore;

    // ------------------------------------------------------------------
    // Self-service registration (creates the user in Keycloak via admin API)
    // ------------------------------------------------------------------

    @PostMapping(""/signup"")
    public ApiResponse<Void> register(@Valid @RequestBody RegisterRequest request) {
        userService.register(request);
        return ApiResponse.message(""User "" + request.getUsername() + "" registered successfully"");
    }

    // ------------------------------------------------------------------
    // SSO — Authorization Code flow, mediated by this backend
    // ------------------------------------------------------------------",,,,,,,
ITEM_195,JD_JAVA_05,Backend Developer (Java/Spring Boot),Fresher,EdTech & Learning Management Systems (LMS),"Java Core, Spring Boot, Spring Security, Spring Data JPA, MySQL",mdtalalwasim/blog-application-spring-boot-rest-api,blog-application-springboot-rest-apis/src/main/java/com/mdtalalwasim/blog/app/config/SwaggerConfig.java,14,25,"@Bean
	public OpenAPI openAPI() {
		  
		 
		return new OpenAPI()
				.info(new Info().title(""Blog Application Beckend API"")
						.description(""This is blog application project api and Developed by Md. Talal Wasim"")
						.version(""1.0"")
						.contact(new Contact().name(""Md. Talal Wasim"").email(""md.talalwasim@gmail.com"").url(""https://mdtalalwasim.github.io/""))
						.license(new License().name(""Licence""))
						).externalDocs(new ExternalDocumentation().url(""https://mdtalalwasim.github.io/"").description(""This is external url""));
	}",,,,,,,
ITEM_196,JD_JAVA_08,Junior Java Software Engineer,Junior,Logistics & Fleet Management,"Java 17, Spring Boot, Spring Data JPA, MySQL/PostgreSQL, MapStruct, Bean Validation",mewebstudio/java-spring-boot-boilerplate,src/main/java/com/mewebstudio/javaspringbootboilerplate/controller/AccountController.java,66,106,"@PostMapping(""/password"")
    @Operation(
        summary = ""Password update endpoint"",
        security = @SecurityRequirement(name = SECURITY_SCHEME_NAME),
        responses = {
            @ApiResponse(
                responseCode = ""200"",
                description = ""Successful operation"",
                content = @Content(
                    mediaType = ""application/json"",
                    schema = @Schema(implementation = SuccessResponse.class)
                )
            ),
            @ApiResponse(
                responseCode = ""401"",
                description = ""Bad credentials"",
                content = @Content(
                    mediaType = MediaType.APPLICATION_JSON_VALUE,
                    schema = @Schema(implementation = ErrorResponse.class)
                )
            ),
            @ApiResponse(
                responseCode = ""422"",
                description = ""Validation failed"",
                content = @Content(
                    mediaType = MediaType.APPLICATION_JSON_VALUE,
                    schema = @Schema(implementation = DetailedErrorResponse.class)
                )
            )
        }
    )
    public ResponseEntity<SuccessResponse> password(
        @Parameter(description = ""Request body to update password"", required = true)
        @RequestBody @Valid UpdatePasswordRequest request
    ) throws BindException {
        userService.updatePassword(request);

        return ResponseEntity.ok(SuccessResponse.builder()
            .message(messageSourceService.get(""your_password_updated""))
            .build());
    }",,,,,,,
ITEM_197,JD_JAVA_08,Junior Java Software Engineer,Junior,Logistics & Fleet Management,"Java 17, Spring Boot, Spring Data JPA, MySQL/PostgreSQL, MapStruct, Bean Validation",f-lab-edu/fast-shoppers,src/main/java/com/fastshoppers/entity/BaseEntity.java,1,48,"package com.fastshoppers.entity;

import java.time.LocalDateTime;

import org.springframework.data.annotation.CreatedDate;
import org.springframework.data.annotation.LastModifiedDate;
import org.springframework.data.jpa.domain.support.AuditingEntityListener;

import com.fastshoppers.util.BooleanToCharConverter;

import jakarta.persistence.Column;
import jakarta.persistence.Convert;
import jakarta.persistence.EntityListeners;
import jakarta.persistence.GeneratedValue;
import jakarta.persistence.GenerationType;
import jakarta.persistence.Id;
import jakarta.persistence.MappedSuperclass;
import lombok.AllArgsConstructor;
import lombok.Getter;
import lombok.NoArgsConstructor;
import lombok.Setter;
import lombok.ToString;

@Getter
@Setter
@NoArgsConstructor
@AllArgsConstructor
@ToString
@EntityListeners(AuditingEntityListener.class)
@MappedSuperclass
public class BaseEntity {

	@Id
	@GeneratedValue(strategy = GenerationType.IDENTITY)
	private int id;

	@CreatedDate
	@Column(name = ""created_at"", nullable = false)
	private LocalDateTime createdAt;

	@LastModifiedDate
	@Column(name = ""updated_at"", nullable = false)
	private LocalDateTime updatedAt;

	@Column(name = ""delete_yn"", nullable = false, length = 1, columnDefinition = ""char(1)"")
	@Convert(converter = BooleanToCharConverter.class)
	private boolean deleteYn;
}",,,,,,,
ITEM_198,JD_REACT_01,Frontend Developer Fresher (ReactJS / TypeScript),Fresher,E-Commerce Storefront & Order Management,"ReactJS, TypeScript, Redux Toolkit, Tailwind CSS, Git",hoangtien2k3/ecommerce-microservices,auth-service/src/main/java/com/ecommerce/authservice/config/SsoProperties.java,1,49,"package com.ecommerce.authservice.config;

import lombok.Getter;
import lombok.Setter;
import org.springframework.boot.context.properties.ConfigurationProperties;
import org.springframework.context.annotation.Configuration;

import java.util.List;

/**
 * Backend-mediated SSO settings, bound from {@code keycloak.sso.*}.
 *
 * <p>The browser logs in at Keycloak, Keycloak redirects to {@link #backendCallbackUrl}
 * (this service), we exchange the code for tokens and then bounce the browser back to
 * one of the {@link #allowedRedirectUris} carrying a single-use {@code ticket} that the
 * frontend swaps for the tokens via {@code GET /api/v1/auth/session}.</p>
 */
@Getter
@Setter
@Configuration
@ConfigurationProperties(prefix = ""keycloak.sso"")
public class SsoProperties {

    /**
     * Browser-facing URL Keycloak redirects to after login. MUST be registered as a
     * Valid Redirect URI on the Keycloak client and be reachable by the browser.
     */
    private String backendCallbackUrl = ""http://api.ecommerce.local/api/v1/auth/callback"";

    /** Frontend callback pages allowed to receive the login ticket (anti open-redirect). */
    private List<String> allowedRedirectUris = List.of(
            ""http://ecommerce.local/auth/callback"",
            ""http://admin.ecommerce.local/auth/callback"",
            ""http://localhost:3000/auth/callback"",
            ""http://localhost:3001/auth/callback""
    );

    /** Used when the caller supplies no (or a disallowed) {@code redirect_uri}. */
    private String defaultFrontendRedirect = ""http://ecommerce.local/auth/callback"";

    /** OIDC scopes requested during the authorization redirect. */
    private String scope = ""openid profile email"";

    /** How long an in-flight login {@code state} stays valid. */
    private long stateTtlSeconds = 300;

    /** How long a post-login {@code ticket} stays valid before the frontend swaps it. */
    private long ticketTtlSeconds = 60;
}",,,,,,,
ITEM_199,JD_REACT_03,Fullstack TypeScript Fresher,Fresher,Fullstack Web Application Development,"TypeScript, JavaScript (ES6+), ReactJS, Node.js / Express.js, JWT Authentication, MongoDB / PostgreSQL / MySQL",SaiUpadhyayula/spring-reddit-clone,src/main/java/com/programming/techie/springredditclone/controller/PostController.java,1,47,"package com.programming.techie.springredditclone.controller;

import com.programming.techie.springredditclone.dto.PostRequest;
import com.programming.techie.springredditclone.dto.PostResponse;
import com.programming.techie.springredditclone.service.PostService;
import lombok.AllArgsConstructor;
import org.springframework.http.HttpStatus;
import org.springframework.http.ResponseEntity;
import org.springframework.web.bind.annotation.*;

import java.util.List;

import static org.springframework.http.ResponseEntity.status;

@RestController
@RequestMapping(""/api/posts"")
@AllArgsConstructor
public class PostController {

    private final PostService postService;

    @PostMapping
    public ResponseEntity<Void> createPost(@RequestBody PostRequest postRequest) {
        postService.save(postRequest);
        return new ResponseEntity<>(HttpStatus.CREATED);
    }

    @GetMapping
    public ResponseEntity<List<PostResponse>> getAllPosts() {
        return status(HttpStatus.OK).body(postService.getAllPosts());
    }

    @GetMapping(""/{id}"")
    public ResponseEntity<PostResponse> getPost(@PathVariable Long id) {
        return status(HttpStatus.OK).body(postService.getPost(id));
    }

    @GetMapping(params = ""subredditId"")
    public ResponseEntity<List<PostResponse>> getPostsBySubreddit(@RequestParam Long subredditId) {
        return status(HttpStatus.OK).body(postService.getPostsBySubreddit(subredditId));
    }

    @GetMapping(params = ""username"")
    public ResponseEntity<List<PostResponse>> getPostsByUsername(@RequestParam String username) {
        return status(HttpStatus.OK).body(postService.getPostsByUsername(username));
    }
}",,,,,,,
ITEM_200,JD_JAVA_10,Fresher Backend Developer,Fresher,Hospitality & Online Travel Agency (OTA),"Java 17, Spring Boot, Spring Security, Spring Data JPA, MySQL / PostgreSQL, Redis",mewebstudio/java-spring-boot-boilerplate,src/main/java/com/mewebstudio/javaspringbootboilerplate/controller/AccountController.java,66,106,"@PostMapping(""/password"")
    @Operation(
        summary = ""Password update endpoint"",
        security = @SecurityRequirement(name = SECURITY_SCHEME_NAME),
        responses = {
            @ApiResponse(
                responseCode = ""200"",
                description = ""Successful operation"",
                content = @Content(
                    mediaType = ""application/json"",
                    schema = @Schema(implementation = SuccessResponse.class)
                )
            ),
            @ApiResponse(
                responseCode = ""401"",
                description = ""Bad credentials"",
                content = @Content(
                    mediaType = MediaType.APPLICATION_JSON_VALUE,
                    schema = @Schema(implementation = ErrorResponse.class)
                )
            ),
            @ApiResponse(
                responseCode = ""422"",
                description = ""Validation failed"",
                content = @Content(
                    mediaType = MediaType.APPLICATION_JSON_VALUE,
                    schema = @Schema(implementation = DetailedErrorResponse.class)
                )
            )
        }
    )
    public ResponseEntity<SuccessResponse> password(
        @Parameter(description = ""Request body to update password"", required = true)
        @RequestBody @Valid UpdatePasswordRequest request
    ) throws BindException {
        userService.updatePassword(request);

        return ResponseEntity.ok(SuccessResponse.builder()
            .message(messageSourceService.get(""your_password_updated""))
            .build());
    }",,,,,,,
ITEM_201,JD_JAVA_06,Fresher Java Backend Engineer,Fresher,Digital Healthcare & Telemedicine,"Java 11/17, Spring Boot, Spring Data JPA, PostgreSQL/MySQL",mewebstudio/java-spring-boot-boilerplate,src/main/java/com/mewebstudio/javaspringbootboilerplate/controller/AccountController.java,39,64,"@GetMapping(""/me"")
    @Operation(
        summary = ""Me endpoint"",
        security = @SecurityRequirement(name = SECURITY_SCHEME_NAME),
        responses = {
            @ApiResponse(
                responseCode = ""200"",
                description = ""Successful operation"",
                content = @Content(
                    mediaType = ""application/json"",
                    schema = @Schema(implementation = UserResponse.class)
                )
            ),
            @ApiResponse(
                responseCode = ""401"",
                description = ""Bad credentials"",
                content = @Content(
                    mediaType = MediaType.APPLICATION_JSON_VALUE,
                    schema = @Schema(implementation = ErrorResponse.class)
                )
            )
        }
    )
    public ResponseEntity<UserResponse> me() {
        return ResponseEntity.ok(UserResponse.convert(userService.getUser()));
    }",,,,,,,
ITEM_202,JD_JAVA_10,Fresher Backend Developer,Fresher,Hospitality & Online Travel Agency (OTA),"Java 17, Spring Boot, Spring Security, Spring Data JPA, MySQL / PostgreSQL, Redis",mewebstudio/java-spring-boot-boilerplate,src/main/java/com/mewebstudio/javaspringbootboilerplate/controller/AccountController.java,1,50,"package com.mewebstudio.javaspringbootboilerplate.controller;

import com.mewebstudio.javaspringbootboilerplate.dto.request.user.UpdatePasswordRequest;
import com.mewebstudio.javaspringbootboilerplate.dto.response.DetailedErrorResponse;
import com.mewebstudio.javaspringbootboilerplate.dto.response.ErrorResponse;
import com.mewebstudio.javaspringbootboilerplate.dto.response.SuccessResponse;
import com.mewebstudio.javaspringbootboilerplate.dto.response.user.UserResponse;
import com.mewebstudio.javaspringbootboilerplate.service.MessageSourceService;
import com.mewebstudio.javaspringbootboilerplate.service.UserService;
import io.swagger.v3.oas.annotations.Operation;
import io.swagger.v3.oas.annotations.Parameter;
import io.swagger.v3.oas.annotations.media.Content;
import io.swagger.v3.oas.annotations.media.Schema;
import io.swagger.v3.oas.annotations.responses.ApiResponse;
import io.swagger.v3.oas.annotations.security.SecurityRequirement;
import io.swagger.v3.oas.annotations.tags.Tag;
import jakarta.validation.Valid;
import lombok.RequiredArgsConstructor;
import org.springframework.http.MediaType;
import org.springframework.http.ResponseEntity;
import org.springframework.validation.BindException;
import org.springframework.web.bind.annotation.GetMapping;
import org.springframework.web.bind.annotation.PostMapping;
import org.springframework.web.bind.annotation.RequestBody;
import org.springframework.web.bind.annotation.RequestMapping;
import org.springframework.web.bind.annotation.RestController;

import static com.mewebstudio.javaspringbootboilerplate.util.Constants.SECURITY_SCHEME_NAME;

@RestController
@RequiredArgsConstructor
@RequestMapping(""/account"")
@Tag(name = ""002. Account"", description = ""Account API"")
public class AccountController extends AbstractBaseController {
    private final UserService userService;

    private final MessageSourceService messageSourceService;

    @GetMapping(""/me"")
    @Operation(
        summary = ""Me endpoint"",
        security = @SecurityRequirement(name = SECURITY_SCHEME_NAME),
        responses = {
            @ApiResponse(
                responseCode = ""200"",
                description = ""Successful operation"",
                content = @Content(
                    mediaType = ""application/json"",
                    schema = @Schema(implementation = UserResponse.class)
                )",,,,,,,
ITEM_203,JD_REACT_10,Fullstack React & TypeScript Developer,Fresher / Junior,EdTech Fullstack Application,"TypeScript, ReactJS, Node.js / Express / NestJS, Redux Toolkit / Zustand, Prisma / TypeORM / Mongoose, Git",sylvaincodes/youtube_ecommerce,components/modules/custom/Container.tsx,1,11,"import React from ""react"";

export default function Container({
  children,
  className,
}: {
  children: React.ReactNode;
  className?: string;
}) {
  return <div className={`container h-full w-full ${className}`}>{children}</div>;
}",,,,,,,
ITEM_204,JD_REACT_04,Frontend Engineer,Fresher,B2B SaaS Analytics & Reporting Dashboard,"ReactJS, TypeScript, TanStack React Query, Tailwind CSS, Recharts / Chart.js",hoangtien2k3/ecommerce-microservices,auth-service/src/main/java/com/ecommerce/authservice/controller/AuthController.java,123,128,"private String resolveFrontendRedirect(String requested) {
        if (StringUtils.hasText(requested) && ssoProperties.getAllowedRedirectUris().contains(requested)) {
            return requested;
        }
        return ssoProperties.getDefaultFrontendRedirect();
    }",,,,,,,
ITEM_205,JD_JAVA_03,Java Backend Fresher,Fresher,Fintech & Payment Gateway,"Java, Spring Boot, Spring Data JPA, PostgreSQL, Redis",f-lab-edu/fast-shoppers,src/main/java/com/fastshoppers/entity/BaseEntity.java,1,48,"package com.fastshoppers.entity;

import java.time.LocalDateTime;

import org.springframework.data.annotation.CreatedDate;
import org.springframework.data.annotation.LastModifiedDate;
import org.springframework.data.jpa.domain.support.AuditingEntityListener;

import com.fastshoppers.util.BooleanToCharConverter;

import jakarta.persistence.Column;
import jakarta.persistence.Convert;
import jakarta.persistence.EntityListeners;
import jakarta.persistence.GeneratedValue;
import jakarta.persistence.GenerationType;
import jakarta.persistence.Id;
import jakarta.persistence.MappedSuperclass;
import lombok.AllArgsConstructor;
import lombok.Getter;
import lombok.NoArgsConstructor;
import lombok.Setter;
import lombok.ToString;

@Getter
@Setter
@NoArgsConstructor
@AllArgsConstructor
@ToString
@EntityListeners(AuditingEntityListener.class)
@MappedSuperclass
public class BaseEntity {

	@Id
	@GeneratedValue(strategy = GenerationType.IDENTITY)
	private int id;

	@CreatedDate
	@Column(name = ""created_at"", nullable = false)
	private LocalDateTime createdAt;

	@LastModifiedDate
	@Column(name = ""updated_at"", nullable = false)
	private LocalDateTime updatedAt;

	@Column(name = ""delete_yn"", nullable = false, length = 1, columnDefinition = ""char(1)"")
	@Convert(converter = BooleanToCharConverter.class)
	private boolean deleteYn;
}",,,,,,,
ITEM_206,JD_REACT_01,Frontend Developer Fresher (ReactJS / TypeScript),Fresher,E-Commerce Storefront & Order Management,"ReactJS, TypeScript, Redux Toolkit, Tailwind CSS, Git",hoangtien2k3/ecommerce-microservices,auth-service/src/main/java/com/ecommerce/authservice/controller/AuthController.java,56,71,"@GetMapping(""/login"")
    public ResponseEntity<Void> ssoLogin(
            @RequestParam(value = ""redirect_uri"", required = false) String redirectUri) {
        String frontendRedirect = resolveFrontendRedirect(redirectUri);
        String state = ssoSessionStore.createLoginState(frontendRedirect);
        String authorizeUrl = UriComponentsBuilder.fromUriString(keycloakProperties.authorizationEndpoint())
                .queryParam(""client_id"", keycloakProperties.getClientId())
                .queryParam(""response_type"", ""code"")
                .queryParam(""scope"", ssoProperties.getScope())
                .queryParam(""redirect_uri"", ssoProperties.getBackendCallbackUrl())
                .queryParam(""state"", state)
                .build()
                .encode()
                .toUriString();
        return ResponseEntity.status(HttpStatus.FOUND).location(URI.create(authorizeUrl)).build();
    }",,,,,,,
ITEM_207,JD_REACT_01,Frontend Developer Fresher (ReactJS / TypeScript),Fresher,E-Commerce Storefront & Order Management,"ReactJS, TypeScript, Redux Toolkit, Tailwind CSS, Git",alim1496/simple-react-ecommerce,src/components/Cart.tsx,1,50,"import { FC, useState } from ""react"";
import { RxCross1 } from ""react-icons/rx"";
import { useAppDispatch, useAppSelector } from ""../redux/hooks"";
import { emptyCart, setCartState } from ""../redux/features/cartSlice"";
import CartRow from ""./CartRow"";
import toast from ""react-hot-toast"";

const Cart: FC = () => {
  const dispatch = useAppDispatch();
  const isOpen = useAppSelector((state) => state.cartReducer.cartOpen);
  const items = useAppSelector((state) => state.cartReducer.cartItems);
  const [checkout, setCheckout] = useState(false);

  const calculateTotal = () => {
    let total = 0;
    items.forEach((item) => {
      if (item.quantity && item.discountPercentage)
        total +=
          (item.price - (item.price * item.discountPercentage) / 100) *
          item.quantity;
    });
    return total.toFixed(2);
  };

  const handleOrder = () => {
    dispatch(setCartState(false));
    dispatch(emptyCart());
    setCheckout(false);
    toast.success(""your order has been confirmed"", { duration: 3000 });
  };

  if (isOpen) {
    return (
      <div className=""bg-[#0000007d] w-full min-h-screen fixed left-0 top-0 z-20 overflow-y-auto"">
        {checkout ? (
          <div className=""max-w-[400px] w-full min-h-full bg-white absolute right-0 top-0 p-6 font-karla dark:bg-slate-600 dark:text-white"">
            <h1 className=""font-bold text-xl mb-1"">Checkout!</h1>
            <p className=""leading-4 mb-3"">
              Welcome to the checkout section. This is being a development
              project, I haven't implemented any payment related task. If you
              click the cancel button you'll go back to the cart segment.
              Clicking confirm button will consider your order confirmed,
              payment done & also order delivered successfully. Another thing to
              mention, order history hasn't been developed due to not having a
              proper backend api.
            </p>
            <div className=""flex items-center space-x-2"">
              <span
                className=""w-1/2 border border-gray-500 rounded cursor-pointer text-center py-1""
                onClick={() => setCheckout(false)}",,,,,,,
ITEM_208,JD_JAVA_12,Junior Java Developer,Junior,Enterprise Software & Financial Services,"Java 17, Spring Boot, JUnit 5 & Mockito, PostgreSQL/MySQL",mdtalalwasim/blog-application-spring-boot-rest-api,blog-application-springboot-rest-apis/src/main/java/com/mdtalalwasim/blog/app/entity/Category.java,1,43,"package com.mdtalalwasim.blog.app.entity;

import java.util.ArrayList;
import java.util.List;

import jakarta.persistence.CascadeType;
import jakarta.persistence.Column;
import jakarta.persistence.Entity;
import jakarta.persistence.GeneratedValue;
import jakarta.persistence.GenerationType;
import jakarta.persistence.Id;
import jakarta.persistence.OneToMany;
import jakarta.persistence.Table;
import lombok.Getter;
import lombok.NoArgsConstructor;
import lombok.Setter;

@Entity
@Table(name = ""categories"")
@Setter
@Getter
@NoArgsConstructor
public class Category {
	
	@Id
	@GeneratedValue(strategy = GenerationType.IDENTITY)
	
	private int id;
	
	@Column(name = ""title"", length = 100, nullable = false)
	private String categoryTitle;
	
	@Column(name = ""description"")
	private String categoryDescription;
	
	@OneToMany(mappedBy = ""category"", cascade = CascadeType.ALL)
	List<Post> posts = new ArrayList<>(); 
	
	
	


}",,,,,,,
ITEM_209,JD_JAVA_15,Java Backend Fresher,Fresher,Retail & Warehouse Inventory Management,"Java 17, Spring Boot, Spring Data JPA, MySQL/PostgreSQL, JWT",f-lab-edu/fast-shoppers,src/main/java/com/fastshoppers/entity/BaseEntity.java,1,48,"package com.fastshoppers.entity;

import java.time.LocalDateTime;

import org.springframework.data.annotation.CreatedDate;
import org.springframework.data.annotation.LastModifiedDate;
import org.springframework.data.jpa.domain.support.AuditingEntityListener;

import com.fastshoppers.util.BooleanToCharConverter;

import jakarta.persistence.Column;
import jakarta.persistence.Convert;
import jakarta.persistence.EntityListeners;
import jakarta.persistence.GeneratedValue;
import jakarta.persistence.GenerationType;
import jakarta.persistence.Id;
import jakarta.persistence.MappedSuperclass;
import lombok.AllArgsConstructor;
import lombok.Getter;
import lombok.NoArgsConstructor;
import lombok.Setter;
import lombok.ToString;

@Getter
@Setter
@NoArgsConstructor
@AllArgsConstructor
@ToString
@EntityListeners(AuditingEntityListener.class)
@MappedSuperclass
public class BaseEntity {

	@Id
	@GeneratedValue(strategy = GenerationType.IDENTITY)
	private int id;

	@CreatedDate
	@Column(name = ""created_at"", nullable = false)
	private LocalDateTime createdAt;

	@LastModifiedDate
	@Column(name = ""updated_at"", nullable = false)
	private LocalDateTime updatedAt;

	@Column(name = ""delete_yn"", nullable = false, length = 1, columnDefinition = ""char(1)"")
	@Convert(converter = BooleanToCharConverter.class)
	private boolean deleteYn;
}",,,,,,,
ITEM_210,JD_JAVA_14,Backend Engineer (Java / Spring Boot),Intern/Fresher,HRTech & Recruitment Job Portal,"Java Core, Spring Boot, Spring Data JPA, Spring Security & JWT, PostgreSQL / MySQL",mewebstudio/java-spring-boot-boilerplate,src/main/java/com/mewebstudio/javaspringbootboilerplate/controller/AccountController.java,41,90,"        summary = ""Me endpoint"",
        security = @SecurityRequirement(name = SECURITY_SCHEME_NAME),
        responses = {
            @ApiResponse(
                responseCode = ""200"",
                description = ""Successful operation"",
                content = @Content(
                    mediaType = ""application/json"",
                    schema = @Schema(implementation = UserResponse.class)
                )
            ),
            @ApiResponse(
                responseCode = ""401"",
                description = ""Bad credentials"",
                content = @Content(
                    mediaType = MediaType.APPLICATION_JSON_VALUE,
                    schema = @Schema(implementation = ErrorResponse.class)
                )
            )
        }
    )
    public ResponseEntity<UserResponse> me() {
        return ResponseEntity.ok(UserResponse.convert(userService.getUser()));
    }

    @PostMapping(""/password"")
    @Operation(
        summary = ""Password update endpoint"",
        security = @SecurityRequirement(name = SECURITY_SCHEME_NAME),
        responses = {
            @ApiResponse(
                responseCode = ""200"",
                description = ""Successful operation"",
                content = @Content(
                    mediaType = ""application/json"",
                    schema = @Schema(implementation = SuccessResponse.class)
                )
            ),
            @ApiResponse(
                responseCode = ""401"",
                description = ""Bad credentials"",
                content = @Content(
                    mediaType = MediaType.APPLICATION_JSON_VALUE,
                    schema = @Schema(implementation = ErrorResponse.class)
                )
            ),
            @ApiResponse(
                responseCode = ""422"",
                description = ""Validation failed"",
                content = @Content(",,,,,,,
ITEM_211,JD_REACT_06,Junior ReactJS Developer,Junior,Productivity & Collaborative Kanban System,"ReactJS, TypeScript, Redux Toolkit / Zustand, React Hook Form & Zod/Yup, Tailwind CSS / CSS-in-JS",ixartz/SaaS-Boilerplate,src/components/ui/accordion.tsx,13,27,"function AccordionItem({
  className,
  ...props
}: React.ComponentProps<typeof AccordionPrimitive.Item>) {
  return (
    <AccordionPrimitive.Item
      data-slot=""accordion-item""
      className={cn(`
        border-b
        last:border-b-0
      `, className)}
      {...props}
    />
  );
}",,,,,,,
ITEM_212,JD_REACT_03,Fullstack TypeScript Fresher,Fresher,Fullstack Web Application Development,"TypeScript, JavaScript (ES6+), ReactJS, Node.js / Express.js, JWT Authentication, MongoDB / PostgreSQL / MySQL",mdtalalwasim/blog-application-spring-boot-rest-api,blog-application-springboot-rest-apis/src/main/java/com/mdtalalwasim/blog/app/controller/AuthRestController.java,1,50,"package com.mdtalalwasim.blog.app.controller;

import org.springframework.beans.factory.annotation.Autowired;
import org.springframework.http.HttpStatus;
import org.springframework.http.ResponseEntity;
import org.springframework.security.authentication.AuthenticationManager;
import org.springframework.security.authentication.BadCredentialsException;
import org.springframework.security.authentication.UsernamePasswordAuthenticationToken;
import org.springframework.security.core.userdetails.UserDetails;
import org.springframework.security.core.userdetails.UserDetailsService;
import org.springframework.web.bind.annotation.PostMapping;
import org.springframework.web.bind.annotation.RequestBody;
import org.springframework.web.bind.annotation.RequestMapping;
import org.springframework.web.bind.annotation.RestController;

import com.mdtalalwasim.blog.app.exceptions.ApiExceptionHandler;
import com.mdtalalwasim.blog.app.payloads.JwtAuthenticationRequest;
import com.mdtalalwasim.blog.app.payloads.JwtAuthenticationResponse;
import com.mdtalalwasim.blog.app.payloads.UserDto;
import com.mdtalalwasim.blog.app.security.JwtTokenHelper;
import com.mdtalalwasim.blog.app.services.UserService;

@RestController
@RequestMapping(""/api/auth/"")
public class AuthRestController {
	
	
	@Autowired
	private JwtTokenHelper jwtTokenHelper;
	
	@Autowired
	private UserDetailsService userDetailsService;
	
	@Autowired
	private UserService userService;
	
	@Autowired
	private AuthenticationManager authenticationManager;
	
	@PostMapping(""/login"")//url is /api/auth/login
	public ResponseEntity<JwtAuthenticationResponse> createToken(@RequestBody JwtAuthenticationRequest request) throws Exception{
		
		//authenticate method body define below
		this.authenticate(request.getUsername(), request.getPassword());
		//if authentication going well, then we need to generate our token.
		
		UserDetails userDetails = this.userDetailsService.loadUserByUsername(request.getUsername());
		
		String ourGeneratedToken = this.jwtTokenHelper.generateToken(userDetails);//generateToken takes userDetails
		JwtAuthenticationResponse response = new JwtAuthenticationResponse();",,,,,,,
ITEM_213,JD_JAVA_10,Fresher Backend Developer,Fresher,Hospitality & Online Travel Agency (OTA),"Java 17, Spring Boot, Spring Security, Spring Data JPA, MySQL / PostgreSQL, Redis",mdtalalwasim/blog-application-spring-boot-rest-api,blog-application-springboot-rest-apis/src/main/java/com/mdtalalwasim/blog/app/config/SwaggerConfig.java,1,27," package com.mdtalalwasim.blog.app.config;

import org.springframework.context.annotation.Bean;
import org.springframework.context.annotation.Configuration;

import io.swagger.v3.oas.models.ExternalDocumentation;
import io.swagger.v3.oas.models.OpenAPI;
import io.swagger.v3.oas.models.info.Contact;
import io.swagger.v3.oas.models.info.Info;
import io.swagger.v3.oas.models.info.License;
@Configuration
public class SwaggerConfig {
	
	@Bean
	public OpenAPI openAPI() {
		  
		 
		return new OpenAPI()
				.info(new Info().title(""Blog Application Beckend API"")
						.description(""This is blog application project api and Developed by Md. Talal Wasim"")
						.version(""1.0"")
						.contact(new Contact().name(""Md. Talal Wasim"").email(""md.talalwasim@gmail.com"").url(""https://mdtalalwasim.github.io/""))
						.license(new License().name(""Licence""))
						).externalDocs(new ExternalDocumentation().url(""https://mdtalalwasim.github.io/"").description(""This is external url""));
	}

}",,,,,,,
ITEM_214,JD_REACT_10,Fullstack React & TypeScript Developer,Fresher / Junior,EdTech Fullstack Application,"TypeScript, ReactJS, Node.js / Express / NestJS, Redux Toolkit / Zustand, Prisma / TypeORM / Mongoose, Git",robbins23/admin-dashboard-nextjs-typescript-daisyui-template,src/components/input/text-area.tsx,1,44,"import React, { useState } from 'react';

interface TextAreaProps {
  labelTitle: string;
  labelStyle?: string;
  containerStyle?: string;
  defaultValue?: string;
  placeholder?: string;
  updateFormValue: (updateType: string, value: string) => void;
  updateType: string;
}

function TextArea({
  labelTitle,
  labelStyle,
  containerStyle,
  defaultValue,
  placeholder,
  updateFormValue,
  updateType,
}: TextAreaProps): JSX.Element {
  const [value, setValue] = useState<string>(defaultValue || '');

  const updateTextAreaValue = (val: string): void => {
    setValue(val);
    updateFormValue(updateType, val);
  };

  return (
    <div className={`form-control w-full ${containerStyle}`}>
      <label className=""label"">
        <span className={'label-text text-xs text-base-content ' + (labelStyle || '')}>{labelTitle}</span>
      </label>
      <textarea
        value={value}
        placeholder={placeholder || ''}
        onChange={(e) => updateTextAreaValue(e.target.value)}
        className=""textarea textarea-bordered w-full""
      />
    </div>
  );
}

export default TextArea;",,,,,,,
ITEM_215,JD_JAVA_10,Fresher Backend Developer,Fresher,Hospitality & Online Travel Agency (OTA),"Java 17, Spring Boot, Spring Security, Spring Data JPA, MySQL / PostgreSQL, Redis",devdcores/BookStoreApp-Distributed-Application,bookstore-account-service/src/main/java/com/devd/spring/bookstoreaccountservice/config/AuthForwardInterceptor.java,1,29,"package com.devd.spring.bookstoreaccountservice.config;

import feign.RequestInterceptor;
import feign.RequestTemplate;
import java.util.Objects;
import javax.servlet.http.HttpServletRequest;
import org.springframework.http.HttpHeaders;
import org.springframework.stereotype.Component;
import org.springframework.web.context.request.RequestContextHolder;
import org.springframework.web.context.request.ServletRequestAttributes;

/**
 * @author: Devaraj Reddy, Date : 2019-07-02
 */

/*
This is required for Feign clients to make request to services.
It takes the token from header and set the header in the feign request header.
 */
@Component
public class AuthForwardInterceptor implements RequestInterceptor {

  @Override
  public void apply(RequestTemplate template) {
    HttpServletRequest request = ((ServletRequestAttributes) Objects
        .requireNonNull(RequestContextHolder.getRequestAttributes())).getRequest();
    template.header(HttpHeaders.AUTHORIZATION, request.getHeader(HttpHeaders.AUTHORIZATION));
  }
}",,,,,,,
ITEM_216,JD_JAVA_09,Java Backend Intern,Intern,Digital Library & Bookstore API,"Java Core, Spring Boot, Spring Data JPA, MySQL/PostgreSQL",Angel-Raa/spring-security-jwt-authentication-and-authorization,src/main/java/com/github/angel/raa/modules/persistence/repository/CategoryRepository.java,1,6,"package com.github.angel.raa.modules.persistence.repository;

import com.github.angel.raa.modules.persistence.models.Category;
import org.springframework.data.jpa.repository.JpaRepository;

public interface CategoryRepository extends JpaRepository<Category, Long> { }",,,,,,,
ITEM_217,JD_REACT_08,React TypeScript Fresher,Fresher,Personal Finance & Digital Banking Portal,"ReactJS, TypeScript, React Hook Form, Zod / Yup, Authentication & Axios Interceptors, Material UI / Ant Design / Shadcn UI / Tailwind CSS",ZahraMirzaei/online-shop,components/Benefits/index.tsx,1,33,"import React from ""react"";
import Image from ""next/image"";
import { useLanguage } from ""../../hooks/useLanguage"";
import { benefitContent } from ""../../mock/benefits"";

const Benefits = () => {
  const { t } = useLanguage();
  return (
    <div className=""grid gap-4 grid-cols-12 my-8 pt-4 xl:max-w-[2100px] mx-auto"">
      {benefitContent.map((benefitItem) => {
        return (
          <div
            className=""col-span-6 lg:col-span-3 flex flex-col items-center ""
            key={benefitItem.title}
          >
            <Image
              height={48}
              width={48}
              src={benefitItem.imgSrc}
              alt={benefitItem.title}
              className=""""
            />
            <p className=""py-2 text-sm md:text-base text-palette-base/90 text-center"">
              {t[`${benefitItem.title}`]}
            </p>
          </div>
        );
      })}
    </div>
  );
};

export default Benefits;",,,,,,,
ITEM_218,JD_JAVA_15,Java Backend Fresher,Fresher,Retail & Warehouse Inventory Management,"Java 17, Spring Boot, Spring Data JPA, MySQL/PostgreSQL, JWT",Angel-Concha-Layme/Fake-Store-API,src/main/java/com/fakestore/api/dto/OrderDTO.java,1,12,"package com.fakestore.api.dto;

import com.fakestore.api.persistence.entity.OrderStatus;
import com.fakestore.api.persistence.entity.User;

import java.time.LocalDate;
import java.util.List;

public record OrderDTO(
        List<OrderDetailDTO> orderDetails
) {
}",,,,,,,
ITEM_219,JD_JAVA_07,Java API Developer,Fresher,Real-time Messaging & Notification Services,"Java, Spring Boot, Spring WebSocket / STOMP, JWT & Spring Security, PostgreSQL / MySQL / MongoDB",Snailclimb/spring-security-jwt-guide,src/main/java/github/javaguide/springsecurityjwtguide/security/service/AuthService.java,1,50,"package github.javaguide.springsecurityjwtguide.security.service;

import github.javaguide.springsecurityjwtguide.security.common.utils.CurrentUserUtil;
import github.javaguide.springsecurityjwtguide.security.common.utils.JwtTokenUtil;
import github.javaguide.springsecurityjwtguide.security.dto.LoginRequest;
import github.javaguide.springsecurityjwtguide.security.entity.JwtUser;
import github.javaguide.springsecurityjwtguide.system.entity.User;
import github.javaguide.springsecurityjwtguide.system.exception.UserNameNotFoundException;
import github.javaguide.springsecurityjwtguide.system.service.UserService;
import lombok.RequiredArgsConstructor;
import lombok.extern.slf4j.Slf4j;
import org.springframework.beans.factory.annotation.Autowired;
import org.springframework.data.redis.core.StringRedisTemplate;
import org.springframework.security.authentication.BadCredentialsException;
import org.springframework.security.core.Authentication;
import org.springframework.security.core.GrantedAuthority;
import org.springframework.security.core.context.SecurityContextHolder;
import org.springframework.stereotype.Service;

import java.util.List;
import java.util.stream.Collectors;

/**
 * @author shuang.kou
 **/
@Service
@RequiredArgsConstructor(onConstructor = @__(@Autowired))
@Slf4j
public class AuthService {
    private final UserService userService;
    private final StringRedisTemplate stringRedisTemplate;
    private final CurrentUserUtil currentUserUtil;

    public String createToken(LoginRequest loginRequest) {
        User user = userService.find(loginRequest.getUsername());
        if (!userService.check(loginRequest.getPassword(), user.getPassword())) {
            throw new BadCredentialsException(""The user name or password is not correct."");
        }
        JwtUser jwtUser = new JwtUser(user);
        if (!jwtUser.isEnabled()) {
            throw new BadCredentialsException(""User is forbidden to login"");
        }
        List<String> authorities = jwtUser.getAuthorities()
                .stream()
                .map(GrantedAuthority::getAuthority)
                .collect(Collectors.toList());
        String token = JwtTokenUtil.createToken(user.getUserName(), user.getId().toString(), authorities, loginRequest.getRememberMe());
        stringRedisTemplate.opsForValue().set(user.getId().toString(), token);
        return token;
    }",,,,,,,
ITEM_220,JD_REACT_05,Next.js & TypeScript Frontend Developer,Fresher / Junior,High-Performance Web & Digital Commerce,"ReactJS, TypeScript, Next.js, Tailwind CSS, RESTful API / GraphQL",RishiBakshii/mern-chat-app,next-js-frontend/src/app/auth/login/page.tsx,39,51,"export default function LoginPage() {


  return (
    <>
    <div className=""flex flex-col gap-y-8"">
      <h3 className=""text-4xl font-bold text-fluid-h3"">Login</h3>
      <SocialLogin googleLink={`${process.env.NEXT_PUBLIC_BASE_URL}/auth/google`} />
    </div>
    <LoginForm/>
    </>
  );
}",,,,,,,
ITEM_221,JD_REACT_02,ReactJS / TypeScript Intern,Intern/Fresher,Digital Media & Streaming SPA,"HTML5/CSS3, JavaScript (ES6+), TypeScript, ReactJS",JordanKnott/taskcafe,frontend/src/shared/components/Checklist/index.tsx,521,570,"        </EditControls>
      </>
    );
  },
);
type ChecklistProps = {
  checklistID: string;
  onDeleteChecklist: ($target: React.RefObject<HTMLElement>, checklistID: string) => void;
  name: string;
  children: React.ReactNode;
  onChangeName: (item: string) => void;
  onToggleItem: (taskID: string, complete: boolean) => void;
  onChangeItemName: (itemID: string, currentName: string) => void;
  wrapperProps: any;
  handleProps: any;
  onDeleteItem: (checklistID: string, itemID: string) => void;
  onAddItem: (itemName: string) => void;
  items: Array<TaskChecklistItem>;
};

const Checklist = React.forwardRef(
  (
    {
      checklistID,
      children,
      onDeleteChecklist,
      name,
      items,
      wrapperProps,
      handleProps,
      onToggleItem,
      onAddItem,
      onChangeItemName,
      onChangeName,
      onDeleteItem,
    }: ChecklistProps,
    $container,
  ) => {
    const $name = useRef<HTMLTextAreaElement>(null);
    const complete = items.reduce((prev, item) => prev + (item.complete ? 1 : 0), 0);
    const percent = items.length === 0 ? 0 : Math.floor((complete / items.length) * 100);
    const [editting, setEditting] = useState(false);
    // useOnOutsideClick($name, true, () => setEditting(false), null);
    useEffect(() => {
      if (editting && $name && $name.current) {
        $name.current.focus();
        $name.current.select();
      }
    }, [editting]);
    return (",,,,,,,
ITEM_222,JD_JAVA_13,Java Backend Fresher,Fresher,FoodTech & Delivery Platform,"Java, Spring Boot, Spring Security & JWT, MySQL & Spring Data JPA, RabbitMQ / Kafka",mewebstudio/java-spring-boot-boilerplate,src/main/java/com/mewebstudio/javaspringbootboilerplate/controller/AccountController.java,1,50,"package com.mewebstudio.javaspringbootboilerplate.controller;

import com.mewebstudio.javaspringbootboilerplate.dto.request.user.UpdatePasswordRequest;
import com.mewebstudio.javaspringbootboilerplate.dto.response.DetailedErrorResponse;
import com.mewebstudio.javaspringbootboilerplate.dto.response.ErrorResponse;
import com.mewebstudio.javaspringbootboilerplate.dto.response.SuccessResponse;
import com.mewebstudio.javaspringbootboilerplate.dto.response.user.UserResponse;
import com.mewebstudio.javaspringbootboilerplate.service.MessageSourceService;
import com.mewebstudio.javaspringbootboilerplate.service.UserService;
import io.swagger.v3.oas.annotations.Operation;
import io.swagger.v3.oas.annotations.Parameter;
import io.swagger.v3.oas.annotations.media.Content;
import io.swagger.v3.oas.annotations.media.Schema;
import io.swagger.v3.oas.annotations.responses.ApiResponse;
import io.swagger.v3.oas.annotations.security.SecurityRequirement;
import io.swagger.v3.oas.annotations.tags.Tag;
import jakarta.validation.Valid;
import lombok.RequiredArgsConstructor;
import org.springframework.http.MediaType;
import org.springframework.http.ResponseEntity;
import org.springframework.validation.BindException;
import org.springframework.web.bind.annotation.GetMapping;
import org.springframework.web.bind.annotation.PostMapping;
import org.springframework.web.bind.annotation.RequestBody;
import org.springframework.web.bind.annotation.RequestMapping;
import org.springframework.web.bind.annotation.RestController;

import static com.mewebstudio.javaspringbootboilerplate.util.Constants.SECURITY_SCHEME_NAME;

@RestController
@RequiredArgsConstructor
@RequestMapping(""/account"")
@Tag(name = ""002. Account"", description = ""Account API"")
public class AccountController extends AbstractBaseController {
    private final UserService userService;

    private final MessageSourceService messageSourceService;

    @GetMapping(""/me"")
    @Operation(
        summary = ""Me endpoint"",
        security = @SecurityRequirement(name = SECURITY_SCHEME_NAME),
        responses = {
            @ApiResponse(
                responseCode = ""200"",
                description = ""Successful operation"",
                content = @Content(
                    mediaType = ""application/json"",
                    schema = @Schema(implementation = UserResponse.class)
                )",,,,,,,
ITEM_223,JD_REACT_04,Frontend Engineer,Fresher,B2B SaaS Analytics & Reporting Dashboard,"ReactJS, TypeScript, TanStack React Query, Tailwind CSS, Recharts / Chart.js",hoangtien2k3/ecommerce-microservices,auth-service/src/main/java/com/ecommerce/authservice/config/SsoProperties.java,1,49,"package com.ecommerce.authservice.config;

import lombok.Getter;
import lombok.Setter;
import org.springframework.boot.context.properties.ConfigurationProperties;
import org.springframework.context.annotation.Configuration;

import java.util.List;

/**
 * Backend-mediated SSO settings, bound from {@code keycloak.sso.*}.
 *
 * <p>The browser logs in at Keycloak, Keycloak redirects to {@link #backendCallbackUrl}
 * (this service), we exchange the code for tokens and then bounce the browser back to
 * one of the {@link #allowedRedirectUris} carrying a single-use {@code ticket} that the
 * frontend swaps for the tokens via {@code GET /api/v1/auth/session}.</p>
 */
@Getter
@Setter
@Configuration
@ConfigurationProperties(prefix = ""keycloak.sso"")
public class SsoProperties {

    /**
     * Browser-facing URL Keycloak redirects to after login. MUST be registered as a
     * Valid Redirect URI on the Keycloak client and be reachable by the browser.
     */
    private String backendCallbackUrl = ""http://api.ecommerce.local/api/v1/auth/callback"";

    /** Frontend callback pages allowed to receive the login ticket (anti open-redirect). */
    private List<String> allowedRedirectUris = List.of(
            ""http://ecommerce.local/auth/callback"",
            ""http://admin.ecommerce.local/auth/callback"",
            ""http://localhost:3000/auth/callback"",
            ""http://localhost:3001/auth/callback""
    );

    /** Used when the caller supplies no (or a disallowed) {@code redirect_uri}. */
    private String defaultFrontendRedirect = ""http://ecommerce.local/auth/callback"";

    /** OIDC scopes requested during the authorization redirect. */
    private String scope = ""openid profile email"";

    /** How long an in-flight login {@code state} stays valid. */
    private long stateTtlSeconds = 300;

    /** How long a post-login {@code ticket} stays valid before the frontend swaps it. */
    private long ticketTtlSeconds = 60;
}",,,,,,,
ITEM_224,JD_JAVA_05,Backend Developer (Java/Spring Boot),Fresher,EdTech & Learning Management Systems (LMS),"Java Core, Spring Boot, Spring Security, Spring Data JPA, MySQL",mdtalalwasim/blog-application-spring-boot-rest-api,blog-application-springboot-rest-apis/src/main/java/com/mdtalalwasim/blog/app/config/SwaggerConfig.java,1,27," package com.mdtalalwasim.blog.app.config;

import org.springframework.context.annotation.Bean;
import org.springframework.context.annotation.Configuration;

import io.swagger.v3.oas.models.ExternalDocumentation;
import io.swagger.v3.oas.models.OpenAPI;
import io.swagger.v3.oas.models.info.Contact;
import io.swagger.v3.oas.models.info.Info;
import io.swagger.v3.oas.models.info.License;
@Configuration
public class SwaggerConfig {
	
	@Bean
	public OpenAPI openAPI() {
		  
		 
		return new OpenAPI()
				.info(new Info().title(""Blog Application Beckend API"")
						.description(""This is blog application project api and Developed by Md. Talal Wasim"")
						.version(""1.0"")
						.contact(new Contact().name(""Md. Talal Wasim"").email(""md.talalwasim@gmail.com"").url(""https://mdtalalwasim.github.io/""))
						.license(new License().name(""Licence""))
						).externalDocs(new ExternalDocumentation().url(""https://mdtalalwasim.github.io/"").description(""This is external url""));
	}

}",,,,,,,
ITEM_225,JD_REACT_09,Frontend Web Developer,Intern / Fresher,Service Discovery & Booking Platform,"ReactJS, TypeScript, React Router, Axios",hoangtien2k3/ecommerce-microservices,auth-service/src/main/java/com/ecommerce/authservice/controller/AuthController.java,56,71,"@GetMapping(""/login"")
    public ResponseEntity<Void> ssoLogin(
            @RequestParam(value = ""redirect_uri"", required = false) String redirectUri) {
        String frontendRedirect = resolveFrontendRedirect(redirectUri);
        String state = ssoSessionStore.createLoginState(frontendRedirect);
        String authorizeUrl = UriComponentsBuilder.fromUriString(keycloakProperties.authorizationEndpoint())
                .queryParam(""client_id"", keycloakProperties.getClientId())
                .queryParam(""response_type"", ""code"")
                .queryParam(""scope"", ssoProperties.getScope())
                .queryParam(""redirect_uri"", ssoProperties.getBackendCallbackUrl())
                .queryParam(""state"", state)
                .build()
                .encode()
                .toUriString();
        return ResponseEntity.status(HttpStatus.FOUND).location(URI.create(authorizeUrl)).build();
    }",,,,,,,
ITEM_226,JD_REACT_10,Fullstack React & TypeScript Developer,Fresher / Junior,EdTech Fullstack Application,"TypeScript, ReactJS, Node.js / Express / NestJS, Redux Toolkit / Zustand, Prisma / TypeORM / Mongoose, Git",JordanKnott/taskcafe,frontend/src/shared/components/Checklist/index.tsx,521,570,"        </EditControls>
      </>
    );
  },
);
type ChecklistProps = {
  checklistID: string;
  onDeleteChecklist: ($target: React.RefObject<HTMLElement>, checklistID: string) => void;
  name: string;
  children: React.ReactNode;
  onChangeName: (item: string) => void;
  onToggleItem: (taskID: string, complete: boolean) => void;
  onChangeItemName: (itemID: string, currentName: string) => void;
  wrapperProps: any;
  handleProps: any;
  onDeleteItem: (checklistID: string, itemID: string) => void;
  onAddItem: (itemName: string) => void;
  items: Array<TaskChecklistItem>;
};

const Checklist = React.forwardRef(
  (
    {
      checklistID,
      children,
      onDeleteChecklist,
      name,
      items,
      wrapperProps,
      handleProps,
      onToggleItem,
      onAddItem,
      onChangeItemName,
      onChangeName,
      onDeleteItem,
    }: ChecklistProps,
    $container,
  ) => {
    const $name = useRef<HTMLTextAreaElement>(null);
    const complete = items.reduce((prev, item) => prev + (item.complete ? 1 : 0), 0);
    const percent = items.length === 0 ? 0 : Math.floor((complete / items.length) * 100);
    const [editting, setEditting] = useState(false);
    // useOnOutsideClick($name, true, () => setEditting(false), null);
    useEffect(() => {
      if (editting && $name && $name.current) {
        $name.current.focus();
        $name.current.select();
      }
    }, [editting]);
    return (",,,,,,,
ITEM_227,JD_JAVA_04,Java Microservices Fresher,Fresher,Distributed Systems & Supply Chain,"Java 17+, Spring Boot, Apache Kafka, Spring Data JPA, MySQL/PostgreSQL, Docker / Docker Compose",LuckyKuang/springboot-base-project,src/main/java/com/luckykuang/auth/repository/primary/MenuRepository.java,1,30,"/*
 * Copyright 2015-2023 the original author or authors.
 *
 * Licensed under the Apache License, Version 2.0 (the ""License"");
 * you may not use this file except in compliance with the License.
 * You may obtain a copy of the License at
 *
 *      https://www.apache.org/licenses/LICENSE-2.0
 *
 * Unless required by applicable law or agreed to in writing, software
 * distributed under the License is distributed on an ""AS IS"" BASIS,
 * WITHOUT WARRANTIES OR CONDITIONS OF ANY KIND, either express or implied.
 * See the License for the specific language governing permissions and
 * limitations under the License.
 */

package com.luckykuang.auth.repository.primary;

import com.luckykuang.auth.model.primary.Menu;
import org.springframework.data.jpa.repository.JpaRepository;
import org.springframework.stereotype.Repository;

/**
 * @author luckykuang
 * @date 2023/4/20 14:17
 */
@Repository
public interface MenuRepository extends JpaRepository<Menu,Long> {

}",,,,,,,
ITEM_228,JD_REACT_06,Junior ReactJS Developer,Junior,Productivity & Collaborative Kanban System,"ReactJS, TypeScript, Redux Toolkit / Zustand, React Hook Form & Zod/Yup, Tailwind CSS / CSS-in-JS",DevlinRocha/banter,src/components/Members.tsx,1,50,"import { useEffect, useRef, useState, Fragment } from ""react"";
import { query, collection, onSnapshot } from ""firebase/firestore"";
import { db } from ""../../firebase"";
import tw from ""tailwind-styled-components/dist/tailwind"";
import {
  useServersState,
  setMembers,
  setMemberProfileCardOpen,
  setMemberProfileCardPosition,
  setMemberRoles,
  MemberRole,
  MemberInfo,
  RoleData,
  MemberData,
  setMemberPreview,
  RoleListData,
} from ""../features/servers"";
import { useAppDispatch } from ""../redux/hooks"";
import Image from ""next/image"";

export default function Members() {
  const { server, members, memberRoles, memberProfileCardOpen } =
    useServersState();
  const memberRef = useRef<HTMLLIElement[]>([]);
  const [assignedRoles, setAssignedRoles] = useState<RoleListData[]>([]);
  const [unassignedRoles, setUnassignedRoles] = useState<MemberData[]>([]);
  const dispatch = useAppDispatch();

  useEffect(() => {
    if (!server.serverID) return;

    const q = query(collection(db, ""servers"", server.serverID, ""members""));

    const unsubscribe = onSnapshot(q, (querySnapshot) => {
      const memberRolesList: MemberRole[] = [];

      querySnapshot.forEach((doc) => {
        const docData = doc.data();

        const memberRoles: MemberRole = {
          userID: doc.id,

          serverOwner: docData.serverOwner,

          roles: docData.roles,

          // permissions: docData.permissions,
        };

        memberRolesList.push(memberRoles);",,,,,,,
ITEM_229,JD_JAVA_07,Java API Developer,Fresher,Real-time Messaging & Notification Services,"Java, Spring Boot, Spring WebSocket / STOMP, JWT & Spring Security, PostgreSQL / MySQL / MongoDB",mewebstudio/java-spring-boot-boilerplate,src/main/java/com/mewebstudio/javaspringbootboilerplate/controller/AccountController.java,41,90,"        summary = ""Me endpoint"",
        security = @SecurityRequirement(name = SECURITY_SCHEME_NAME),
        responses = {
            @ApiResponse(
                responseCode = ""200"",
                description = ""Successful operation"",
                content = @Content(
                    mediaType = ""application/json"",
                    schema = @Schema(implementation = UserResponse.class)
                )
            ),
            @ApiResponse(
                responseCode = ""401"",
                description = ""Bad credentials"",
                content = @Content(
                    mediaType = MediaType.APPLICATION_JSON_VALUE,
                    schema = @Schema(implementation = ErrorResponse.class)
                )
            )
        }
    )
    public ResponseEntity<UserResponse> me() {
        return ResponseEntity.ok(UserResponse.convert(userService.getUser()));
    }

    @PostMapping(""/password"")
    @Operation(
        summary = ""Password update endpoint"",
        security = @SecurityRequirement(name = SECURITY_SCHEME_NAME),
        responses = {
            @ApiResponse(
                responseCode = ""200"",
                description = ""Successful operation"",
                content = @Content(
                    mediaType = ""application/json"",
                    schema = @Schema(implementation = SuccessResponse.class)
                )
            ),
            @ApiResponse(
                responseCode = ""401"",
                description = ""Bad credentials"",
                content = @Content(
                    mediaType = MediaType.APPLICATION_JSON_VALUE,
                    schema = @Schema(implementation = ErrorResponse.class)
                )
            ),
            @ApiResponse(
                responseCode = ""422"",
                description = ""Validation failed"",
                content = @Content(",,,,,,,
ITEM_230,JD_JAVA_03,Java Backend Fresher,Fresher,Fintech & Payment Gateway,"Java, Spring Boot, Spring Data JPA, PostgreSQL, Redis",huseynovvusal/spring-blog-api,src/main/java/com/huseynovvusal/springblogapi/controller/AuthenticationController.java,1,50,"package com.huseynovvusal.springblogapi.controller;

import com.huseynovvusal.springblogapi.dto.ForgotPasswordRequest;
import com.huseynovvusal.springblogapi.dto.LoginRequest;
import com.huseynovvusal.springblogapi.dto.LoginResponse;
import com.huseynovvusal.springblogapi.dto.RefreshTokenRequest;
import com.huseynovvusal.springblogapi.dto.RegisterRequest;
import com.huseynovvusal.springblogapi.dto.RegisterResponse;
import com.huseynovvusal.springblogapi.dto.ResetPasswordRequest;
import com.huseynovvusal.springblogapi.dto.response.ForgotPasswordResponse;
import com.huseynovvusal.springblogapi.dto.response.ResetPasswordResponse;
import com.huseynovvusal.springblogapi.exception.InvalidRefreshTokenException;
import com.huseynovvusal.springblogapi.exception.UserAlreadyRegisteredException;
import com.huseynovvusal.springblogapi.service.AuthenticationService;
import io.github.resilience4j.ratelimiter.annotation.RateLimiter;
import io.swagger.v3.oas.annotations.Operation;
import jakarta.validation.Valid;
import lombok.RequiredArgsConstructor;
import org.slf4j.Logger;
import org.slf4j.LoggerFactory;
import org.springframework.web.bind.annotation.PostMapping;
import org.springframework.web.bind.annotation.RequestBody;
import org.springframework.web.bind.annotation.RequestMapping;
import org.springframework.web.bind.annotation.RestController;

/**
 * Controller responsible for handling authentication-related endpoints. Includes registration,
 * login, password reset link generation, and password resetting.
 */
@RestController
@RequiredArgsConstructor
@RequestMapping(""/auth"")
public class AuthenticationController {

  private static final Logger LOGGER = LoggerFactory.getLogger(AuthenticationController.class);
  private final AuthenticationService authenticationService;

  /**
   * Registers a new user with the provided credentials.
   *
   * @param request the registration request containing user details
   * @return a response entity with registration status and user info
   * @throws UserAlreadyRegisteredException
   */
  @Operation(
      summary = ""Register a new user"",
      description = ""Creates a new account and returns registration details."")
  @PostMapping(""register"")
  @RateLimiter(name = ""auth"")
  public RegisterResponse register(@Valid @RequestBody RegisterRequest request)",,,,,,,
ITEM_231,JD_JAVA_01,Backend Developer (Java / Spring Boot),Fresher,E-Commerce Platform,"Java, Spring Boot, Spring Security & JWT, Spring Data JPA / Hibernate, MySQL, Git",hoangtien2k3/ecommerce-microservices,auth-service/src/main/java/com/ecommerce/authservice/config/SecurityConfig.java,1,42,"package com.ecommerce.authservice.config;

import com.ecommerce.commonlib.constants.ApiPaths;
import org.springframework.context.annotation.Bean;
import org.springframework.context.annotation.Configuration;
import org.springframework.security.config.annotation.method.configuration.EnableMethodSecurity;
import org.springframework.security.config.annotation.web.builders.HttpSecurity;
import org.springframework.security.config.annotation.web.configurers.AbstractHttpConfigurer;
import org.springframework.security.config.http.SessionCreationPolicy;
import org.springframework.security.oauth2.server.resource.authentication.JwtAuthenticationConverter;
import org.springframework.security.web.SecurityFilterChain;

@Configuration
@EnableMethodSecurity
public class SecurityConfig {

    private static final String[] PUBLIC_ENDPOINTS = {
            ""/v3/api-docs/**"", ""/swagger-ui/**"", ""/swagger-resources/**"",
            ""/actuator/**"",
            ApiPaths.AUTH + ""/signup"",
            // SSO (backend-mediated Authorization Code flow)
            ApiPaths.AUTH + ""/login"",
            ApiPaths.AUTH + ""/callback"",
            ApiPaths.AUTH + ""/session"",
            ApiPaths.AUTH + ""/refresh"",
            ApiPaths.AUTH + ""/logout""
    };

    @Bean
    public SecurityFilterChain securityFilterChain(HttpSecurity http,
                                                   JwtAuthenticationConverter jwtAuthenticationConverter) throws Exception {
        http
                .csrf(AbstractHttpConfigurer::disable)
                .sessionManagement(session -> session.sessionCreationPolicy(SessionCreationPolicy.STATELESS))
                .authorizeHttpRequests(auth -> auth
                        .requestMatchers(PUBLIC_ENDPOINTS).permitAll()
                        .anyRequest().authenticated())
                .oauth2ResourceServer(oauth2 -> oauth2
                        .jwt(jwt -> jwt.jwtAuthenticationConverter(jwtAuthenticationConverter)));
        return http.build();
    }
}",,,,,,,
ITEM_232,JD_REACT_01,Frontend Developer Fresher (ReactJS / TypeScript),Fresher,E-Commerce Storefront & Order Management,"ReactJS, TypeScript, Redux Toolkit, Tailwind CSS, Git",vercel/commerce,components/welcome-toast.tsx,1,36,"""use client"";

import { useEffect } from ""react"";
import { toast } from ""sonner"";

export function WelcomeToast() {
  useEffect(() => {
    // ignore if screen height is too small
    if (window.innerHeight < 650) return;
    if (!document.cookie.includes(""welcome-toast=2"")) {
      toast(""🛍️ Welcome to Next.js Commerce!"", {
        id: ""welcome-toast"",
        duration: Infinity,
        onDismiss: () => {
          document.cookie = ""welcome-toast=2; max-age=31536000; path=/"";
        },
        description: (
          <>
            This is a high-performance, SSR storefront powered by Shopify,
            Next.js, and Vercel.{"" ""}
            <a
              href=""https://vercel.com/templates/next.js/nextjs-commerce""
              className=""text-blue-600 hover:underline""
              target=""_blank""
            >
              Deploy your own
            </a>
            .
          </>
        ),
      });
    }
  }, []);

  return null;
}",,,,,,,
ITEM_233,JD_JAVA_09,Java Backend Intern,Intern,Digital Library & Bookstore API,"Java Core, Spring Boot, Spring Data JPA, MySQL/PostgreSQL",devdcores/BookStoreApp-Distributed-Application,bookstore-account-service/src/main/java/com/devd/spring/bookstoreaccountservice/config/AuthorizationServerConfig.java,146,152,"private String getPublicKeyAsString() {
    try {
      return IOUtils.toString(publicKey.getInputStream(), UTF_8);
    } catch (IOException e) {
      throw new RuntimeException(e);
    }
  }",,,,,,,
ITEM_234,JD_REACT_07,Frontend Developer Intern/Fresher,Intern/Fresher,Real-Time Collaboration & Messaging,"ReactJS, TypeScript, WebSocket / Socket.io-client, Zustand / Redux Toolkit / React Context API, Tailwind CSS / SCSS",JordanKnott/taskcafe,frontend/src/shared/components/Admin/index.tsx,521,570,"        }
      }}
    >
      <TabNavItemButton active={active}>
        <TabItemUser width={14} height={14} active={active} />
        <TabNavItemSpan>{name}</TabNavItemSpan>
      </TabNavItemButton>
    </TabNavItem>
  );
};

type AdminProps = {
  initialTab: number;
  onAddUser: ($target: React.RefObject<HTMLElement>) => void;
  onDeleteUser: (userID: string, newOwnerID: string | null) => void;
  onInviteUser: ($target: React.RefObject<HTMLElement>) => void;
  users: Array<User>;
  invitedUsers: Array<InvitedUserAccount>;
  canInviteUser: boolean;
  onUpdateUserPassword: (user: TaskUser, password: string) => void;
  onDeleteInvitedUser: (invitedUserID: string) => void;
};

const Admin: React.FC<AdminProps> = ({
  initialTab,
  onAddUser,
  onUpdateUserPassword,
  canInviteUser,
  onDeleteUser,
  onDeleteInvitedUser,
  onInviteUser,
  invitedUsers,
  users,
}) => {
  const warning =
    'You can’t leave because you are the only admin. To make another user an admin, click their avatar, select “Change permissions…”, and select “Admin”.';
  const [currentTop, setTop] = useState(initialTab * 48);
  const [currentTab, setTab] = useState(initialTab);
  const { showPopup } = usePopup();
  const $tabNav = useRef<HTMLDivElement>(null);

  const [updateUserRole] = useUpdateUserRoleMutation();
  return (
    <Container>
      <TabNav ref={$tabNav}>
        <TabNavContent>
          {items.map((item, idx) => (
            <NavItem
              key={item.name}
              onClick={(tab, top) => {",,,,,,,
ITEM_235,JD_JAVA_09,Java Backend Intern,Intern,Digital Library & Bookstore API,"Java Core, Spring Boot, Spring Data JPA, MySQL/PostgreSQL",f-lab-edu/fast-shoppers,src/main/java/com/fastshoppers/entity/Product.java,1,50,"package com.fastshoppers.entity;

import java.math.BigDecimal;

import org.springframework.data.jpa.domain.support.AuditingEntityListener;

import jakarta.persistence.AttributeOverride;
import jakarta.persistence.Column;
import jakarta.persistence.Entity;
import jakarta.persistence.EntityListeners;
import jakarta.persistence.FetchType;
import jakarta.persistence.JoinColumn;
import jakarta.persistence.ManyToOne;
import jakarta.persistence.Table;
import lombok.AllArgsConstructor;
import lombok.Getter;
import lombok.NoArgsConstructor;
import lombok.Setter;
import lombok.ToString;

@Entity
@AttributeOverride(name = ""id"", column = @Column(name = ""product_id"", nullable = false))
@Table(name = ""product"")
@Getter
@Setter
@NoArgsConstructor
@AllArgsConstructor
@EntityListeners(AuditingEntityListener.class)
@ToString
public class Product extends BaseEntity {

	@Column(name = ""product_uuid"", nullable = false, unique = true)
	private String productUuid;

	@ManyToOne(fetch = FetchType.LAZY)
	@JoinColumn(name = ""category_id"", nullable = false)
	private Category category;

	@Column(name = ""product_name"", length = 255, nullable = false)
	private String productName;

	@Column(name = ""product_subtitle"", length = 255)
	private String productSubtitle;

	@Column(name = ""list_price"", nullable = false)
	private BigDecimal listPrice;

	@Column(name = ""selling_price"", nullable = false)
	private BigDecimal sellingPrice;
",,,,,,,
ITEM_236,JD_JAVA_11,Java Backend Developer,Fresher / Junior,Social Network & Technical Blogging Platform,"Java 17, Spring Boot 3, Spring Security 6, Spring Data JPA / Hibernate, PostgreSQL, Git",Angel-Raa/spring-security-jwt-authentication-and-authorization,src/main/java/com/github/angel/raa/modules/persistence/repository/CategoryRepository.java,1,6,"package com.github.angel.raa.modules.persistence.repository;

import com.github.angel.raa.modules.persistence.models.Category;
import org.springframework.data.jpa.repository.JpaRepository;

public interface CategoryRepository extends JpaRepository<Category, Long> { }",,,,,,,
ITEM_237,JD_REACT_10,Fullstack React & TypeScript Developer,Fresher / Junior,EdTech Fullstack Application,"TypeScript, ReactJS, Node.js / Express / NestJS, Redux Toolkit / Zustand, Prisma / TypeORM / Mongoose, Git",ZahraMirzaei/online-shop,components/carousel/Slide.tsx,1,40,"import React from ""react"";
import Link from ""next/link"";
import { useLanguage } from ""../../hooks/useLanguage"";

interface Props {
  ID?: number;
  title: string;
  description: string;
  bgImg: string;
  url: string;
}
const Slide: React.FC<Props> = ({ title, description, bgImg, url }) => {
  const { t } = useLanguage();

  return (
    <>
      <div
        className={`relative w-[100%] h-[50vh] md:h-[70vh] bg-cover bg-center bg-no-repeat`}
        style={{ backgroundImage: `${bgImg}` }}
      >
        <Link href={url}>
          <a className=""block"">
            <div
              className={`backdrop-filter backdrop-blur-[12px] bg-palette-card/60 p-3 md:p-8 lg:p-10 shadow-lg md:overflow-hidden ltr:text-left rtl:text-right rounded-md md:w-[60%] lg:w-[50%] md:mt-auto absolute bottom-0 md:top-[45%] md:right-[25%] md:bottom-auto`}
            >
              <h3 className=""text-lg md:text-2xl lg:text-3xl font-medium"">
                {t[`${title}`]}
              </h3>
              <p className=""text-[13px] md:text-lg mt-2 md:mt-4 lg:mt-8"">
                {t[`${description}`]}
              </p>
            </div>
          </a>
        </Link>
      </div>
    </>
  );
};

export default Slide;",,,,,,,
ITEM_238,JD_JAVA_02,Junior Java Developer,Intern/Fresher,Enterprise Web & HRM Systems,"Java, Spring Boot, Spring Data JPA, PostgreSQL, JUnit",mdtalalwasim/blog-application-spring-boot-rest-api,blog-application-springboot-rest-apis/src/main/java/com/mdtalalwasim/blog/app/controller/UserRestController.java,1,50,"package com.mdtalalwasim.blog.app.controller;

import java.util.List;
import java.util.Map;

import org.springframework.beans.factory.annotation.Autowired;
import org.springframework.http.HttpStatus;
import org.springframework.http.ResponseEntity;
import org.springframework.security.access.prepost.PreAuthorize;
import org.springframework.web.bind.annotation.DeleteMapping;
import org.springframework.web.bind.annotation.GetMapping;
import org.springframework.web.bind.annotation.PathVariable;
import org.springframework.web.bind.annotation.PostMapping;
import org.springframework.web.bind.annotation.PutMapping;
import org.springframework.web.bind.annotation.RequestBody;
import org.springframework.web.bind.annotation.RequestMapping;
import org.springframework.web.bind.annotation.RestController;

import com.mdtalalwasim.blog.app.payloads.ApiResponse;
import com.mdtalalwasim.blog.app.payloads.UserDto;
import com.mdtalalwasim.blog.app.services.UserService;

import jakarta.validation.Valid;

@RestController
@RequestMapping(""/api/users"")
public class UserRestController {
	
	@Autowired
	private UserService userService;
	
	
	//create user
	@PostMapping(""/"")
	public ResponseEntity<UserDto> createUser(@Valid @RequestBody UserDto userDto){
		UserDto createdUserDto = this.userService.createUser(userDto);
		return new ResponseEntity<>(createdUserDto,HttpStatus.CREATED);
		
	}
	
	//update user
	@PutMapping(""/{userId}"")
	public ResponseEntity<UserDto> updateUser(@Valid @RequestBody UserDto userDto, @PathVariable Integer userId){
		UserDto updatedUser = this.userService.updateUser(userDto, userId);
		//return new ResponseEntity<UserDto>(updatedUser,HttpStatus.OK);//or
		return  ResponseEntity.ok(updatedUser);
	}
	
	//to make access for only ADMIN ROLE.  
	//Admin can delete only",,,,,,,
ITEM_239,JD_REACT_01,Frontend Developer Fresher (ReactJS / TypeScript),Fresher,E-Commerce Storefront & Order Management,"ReactJS, TypeScript, Redux Toolkit, Tailwind CSS, Git",ZahraMirzaei/online-shop,components/carousel/Slide.tsx,12,38,"const Slide: React.FC<Props> = ({ title, description, bgImg, url }) => {
  const { t } = useLanguage();

  return (
    <>
      <div
        className={`relative w-[100%] h-[50vh] md:h-[70vh] bg-cover bg-center bg-no-repeat`}
        style={{ backgroundImage: `${bgImg}` }}
      >
        <Link href={url}>
          <a className=""block"">
            <div
              className={`backdrop-filter backdrop-blur-[12px] bg-palette-card/60 p-3 md:p-8 lg:p-10 shadow-lg md:overflow-hidden ltr:text-left rtl:text-right rounded-md md:w-[60%] lg:w-[50%] md:mt-auto absolute bottom-0 md:top-[45%] md:right-[25%] md:bottom-auto`}
            >
              <h3 className=""text-lg md:text-2xl lg:text-3xl font-medium"">
                {t[`${title}`]}
              </h3>
              <p className=""text-[13px] md:text-lg mt-2 md:mt-4 lg:mt-8"">
                {t[`${description}`]}
              </p>
            </div>
          </a>
        </Link>
      </div>
    </>
  );
};",,,,,,,
ITEM_240,JD_JAVA_10,Fresher Backend Developer,Fresher,Hospitality & Online Travel Agency (OTA),"Java 17, Spring Boot, Spring Security, Spring Data JPA, MySQL / PostgreSQL, Redis",RishiBakshii/mern-chat-app,backend/src/controllers/auth.controller.ts,1,50,"import { NextFunction, Request, Response } from ""express"";
import jwt from 'jsonwebtoken';
import { config } from ""../config/env.config.js"";
import type { AuthenticatedRequest, OAuthAuthenticatedRequest } from ""../interfaces/auth/auth.interface.js"";
import { prisma } from '../lib/prisma.lib.js';
import type { fcmTokenSchemaType } from ""../schemas/auth.schema.js"";
import { env } from ""../schemas/env.schema.js"";
import { CustomError, asyncErrorHandler } from ""../utils/error.utils.js"";


const getUserInfo = asyncErrorHandler(async(req:AuthenticatedRequest,res:Response,next:NextFunction)=>{
    const user = req.user
    const secureUserInfo = {
        id:user.id,
        name:user.name,
        username:user.username,
        avatar:user.avatar,
        email:user.email,
        createdAt:user.createdAt,
        updatedAt:user.updatedAt,
        emailVerified:user.emailVerified,
        publicKey:user.publicKey,
        notificationsEnabled:user.notificationsEnabled,
        verificationBadge:user.verificationBadge,
        fcmToken:user.fcmToken,
        oAuthSignup:user.oAuthSignup
    }
    return res.status(200).json(secureUserInfo)
})

const updateFcmToken = asyncErrorHandler(async(req:AuthenticatedRequest,res:Response,next:NextFunction)=>{

    const {fcmToken}:fcmTokenSchemaType = req.body

    const user =  await prisma.user.update({
        where:{
            id:req.user.id
        },
        data:{
            fcmToken
        }
    })
    return res.status(200).json({fcmToken:user.fcmToken})
})

const checkAuth = asyncErrorHandler(async(req:AuthenticatedRequest,res:Response,next:NextFunction)=>{
    if(req.user){
        const secureUserInfo = {
            id:req.user.id,
            name:req.user.name,",,,,,,,
ITEM_241,JD_REACT_07,Frontend Developer Intern/Fresher,Intern/Fresher,Real-Time Collaboration & Messaging,"ReactJS, TypeScript, WebSocket / Socket.io-client, Zustand / Redux Toolkit / React Context API, Tailwind CSS / SCSS",mdtalalwasim/blog-application-spring-boot-rest-api,blog-application-springboot-rest-apis/src/main/java/com/mdtalalwasim/blog/app/config/SwaggerConfig.java,14,25,"@Bean
	public OpenAPI openAPI() {
		  
		 
		return new OpenAPI()
				.info(new Info().title(""Blog Application Beckend API"")
						.description(""This is blog application project api and Developed by Md. Talal Wasim"")
						.version(""1.0"")
						.contact(new Contact().name(""Md. Talal Wasim"").email(""md.talalwasim@gmail.com"").url(""https://mdtalalwasim.github.io/""))
						.license(new License().name(""Licence""))
						).externalDocs(new ExternalDocumentation().url(""https://mdtalalwasim.github.io/"").description(""This is external url""));
	}",,,,,,,
ITEM_242,JD_REACT_06,Junior ReactJS Developer,Junior,Productivity & Collaborative Kanban System,"ReactJS, TypeScript, Redux Toolkit / Zustand, React Hook Form & Zod/Yup, Tailwind CSS / CSS-in-JS",devias-io/material-kit-react,src/components/auth/layout.tsx,14,68,"export function Layout({ children }: LayoutProps): React.JSX.Element {
  return (
    <Box
      sx={{
        display: { xs: 'flex', lg: 'grid' },
        flexDirection: 'column',
        gridTemplateColumns: '1fr 1fr',
        minHeight: '100%',
      }}
    >
      <Box sx={{ display: 'flex', flex: '1 1 auto', flexDirection: 'column' }}>
        <Box sx={{ p: 3 }}>
          <Box component={RouterLink} href={paths.home} sx={{ display: 'inline-block', fontSize: 0 }}>
            <DynamicLogo colorDark=""light"" colorLight=""dark"" height={32} width={122} />
          </Box>
        </Box>
        <Box sx={{ alignItems: 'center', display: 'flex', flex: '1 1 auto', justifyContent: 'center', p: 3 }}>
          <Box sx={{ maxWidth: '450px', width: '100%' }}>{children}</Box>
        </Box>
      </Box>
      <Box
        sx={{
          alignItems: 'center',
          background: 'radial-gradient(50% 50% at 50% 50%, #122647 0%, #090E23 100%)',
          color: 'var(--mui-palette-common-white)',
          display: { xs: 'none', lg: 'flex' },
          justifyContent: 'center',
          p: 3,
        }}
      >
        <Stack spacing={3}>
          <Stack spacing={1}>
            <Typography color=""inherit"" sx={{ fontSize: '24px', lineHeight: '32px', textAlign: 'center' }} variant=""h1"">
              Welcome to{' '}
              <Box component=""span"" sx={{ color: '#15b79e' }}>
                Devias Kit
              </Box>
            </Typography>
            <Typography align=""center"" variant=""subtitle1"">
              A professional template that comes with ready-to-use MUI components.
            </Typography>
          </Stack>
          <Box sx={{ display: 'flex', justifyContent: 'center' }}>
            <Box
              component=""img""
              alt=""Widgets""
              src=""/assets/auth-widgets.png""
              sx={{ height: 'auto', width: '100%', maxWidth: '600px' }}
            />
          </Box>
        </Stack>
      </Box>
    </Box>
  );
}",,,,,,,
ITEM_243,JD_JAVA_08,Junior Java Software Engineer,Junior,Logistics & Fleet Management,"Java 17, Spring Boot, Spring Data JPA, MySQL/PostgreSQL, MapStruct, Bean Validation",f-lab-edu/fast-shoppers,src/main/java/com/fastshoppers/entity/Product.java,1,50,"package com.fastshoppers.entity;

import java.math.BigDecimal;

import org.springframework.data.jpa.domain.support.AuditingEntityListener;

import jakarta.persistence.AttributeOverride;
import jakarta.persistence.Column;
import jakarta.persistence.Entity;
import jakarta.persistence.EntityListeners;
import jakarta.persistence.FetchType;
import jakarta.persistence.JoinColumn;
import jakarta.persistence.ManyToOne;
import jakarta.persistence.Table;
import lombok.AllArgsConstructor;
import lombok.Getter;
import lombok.NoArgsConstructor;
import lombok.Setter;
import lombok.ToString;

@Entity
@AttributeOverride(name = ""id"", column = @Column(name = ""product_id"", nullable = false))
@Table(name = ""product"")
@Getter
@Setter
@NoArgsConstructor
@AllArgsConstructor
@EntityListeners(AuditingEntityListener.class)
@ToString
public class Product extends BaseEntity {

	@Column(name = ""product_uuid"", nullable = false, unique = true)
	private String productUuid;

	@ManyToOne(fetch = FetchType.LAZY)
	@JoinColumn(name = ""category_id"", nullable = false)
	private Category category;

	@Column(name = ""product_name"", length = 255, nullable = false)
	private String productName;

	@Column(name = ""product_subtitle"", length = 255)
	private String productSubtitle;

	@Column(name = ""list_price"", nullable = false)
	private BigDecimal listPrice;

	@Column(name = ""selling_price"", nullable = false)
	private BigDecimal sellingPrice;
",,,,,,,
ITEM_244,JD_REACT_04,Frontend Engineer,Fresher,B2B SaaS Analytics & Reporting Dashboard,"ReactJS, TypeScript, TanStack React Query, Tailwind CSS, Recharts / Chart.js",jhcode33/react-spring-blog-backend,src/main/java/jhcode/blog/controller/BoardController.java,39,48,"@GetMapping(""/search"")
    public ResponseEntity<Page<ResBoardListDto>> search(
            @PageableDefault(size = 5, sort = ""id"", direction = Sort.Direction.DESC) Pageable pageable,
            @RequestParam String title,
            @RequestParam String content,
            @RequestParam String writerName) {
        SearchData searchData = SearchData.createdSearchData(title, content, writerName);
        Page<ResBoardListDto> searchBoard = boardService.search(searchData, pageable);
        return  ResponseEntity.status(HttpStatus.OK).body(searchBoard);
    }",,,,,,,
ITEM_245,JD_REACT_08,React TypeScript Fresher,Fresher,Personal Finance & Digital Banking Portal,"ReactJS, TypeScript, React Hook Form, Zod / Yup, Authentication & Axios Interceptors, Material UI / Ant Design / Shadcn UI / Tailwind CSS",ZahraMirzaei/online-shop,components/carousel/Slide.tsx,12,38,"const Slide: React.FC<Props> = ({ title, description, bgImg, url }) => {
  const { t } = useLanguage();

  return (
    <>
      <div
        className={`relative w-[100%] h-[50vh] md:h-[70vh] bg-cover bg-center bg-no-repeat`}
        style={{ backgroundImage: `${bgImg}` }}
      >
        <Link href={url}>
          <a className=""block"">
            <div
              className={`backdrop-filter backdrop-blur-[12px] bg-palette-card/60 p-3 md:p-8 lg:p-10 shadow-lg md:overflow-hidden ltr:text-left rtl:text-right rounded-md md:w-[60%] lg:w-[50%] md:mt-auto absolute bottom-0 md:top-[45%] md:right-[25%] md:bottom-auto`}
            >
              <h3 className=""text-lg md:text-2xl lg:text-3xl font-medium"">
                {t[`${title}`]}
              </h3>
              <p className=""text-[13px] md:text-lg mt-2 md:mt-4 lg:mt-8"">
                {t[`${description}`]}
              </p>
            </div>
          </a>
        </Link>
      </div>
    </>
  );
};",,,,,,,
ITEM_246,JD_JAVA_14,Backend Engineer (Java / Spring Boot),Intern/Fresher,HRTech & Recruitment Job Portal,"Java Core, Spring Boot, Spring Data JPA, Spring Security & JWT, PostgreSQL / MySQL",mewebstudio/java-spring-boot-boilerplate,src/main/java/com/mewebstudio/javaspringbootboilerplate/controller/AccountController.java,66,106,"@PostMapping(""/password"")
    @Operation(
        summary = ""Password update endpoint"",
        security = @SecurityRequirement(name = SECURITY_SCHEME_NAME),
        responses = {
            @ApiResponse(
                responseCode = ""200"",
                description = ""Successful operation"",
                content = @Content(
                    mediaType = ""application/json"",
                    schema = @Schema(implementation = SuccessResponse.class)
                )
            ),
            @ApiResponse(
                responseCode = ""401"",
                description = ""Bad credentials"",
                content = @Content(
                    mediaType = MediaType.APPLICATION_JSON_VALUE,
                    schema = @Schema(implementation = ErrorResponse.class)
                )
            ),
            @ApiResponse(
                responseCode = ""422"",
                description = ""Validation failed"",
                content = @Content(
                    mediaType = MediaType.APPLICATION_JSON_VALUE,
                    schema = @Schema(implementation = DetailedErrorResponse.class)
                )
            )
        }
    )
    public ResponseEntity<SuccessResponse> password(
        @Parameter(description = ""Request body to update password"", required = true)
        @RequestBody @Valid UpdatePasswordRequest request
    ) throws BindException {
        userService.updatePassword(request);

        return ResponseEntity.ok(SuccessResponse.builder()
            .message(messageSourceService.get(""your_password_updated""))
            .build());
    }",,,,,,,
ITEM_247,JD_REACT_01,Frontend Developer Fresher (ReactJS / TypeScript),Fresher,E-Commerce Storefront & Order Management,"ReactJS, TypeScript, Redux Toolkit, Tailwind CSS, Git",devdcores/BookStoreApp-Distributed-Application,bookstore-account-service/src/main/java/com/devd/spring/bookstoreaccountservice/config/AuthForwardInterceptor.java,1,29,"package com.devd.spring.bookstoreaccountservice.config;

import feign.RequestInterceptor;
import feign.RequestTemplate;
import java.util.Objects;
import javax.servlet.http.HttpServletRequest;
import org.springframework.http.HttpHeaders;
import org.springframework.stereotype.Component;
import org.springframework.web.context.request.RequestContextHolder;
import org.springframework.web.context.request.ServletRequestAttributes;

/**
 * @author: Devaraj Reddy, Date : 2019-07-02
 */

/*
This is required for Feign clients to make request to services.
It takes the token from header and set the header in the feign request header.
 */
@Component
public class AuthForwardInterceptor implements RequestInterceptor {

  @Override
  public void apply(RequestTemplate template) {
    HttpServletRequest request = ((ServletRequestAttributes) Objects
        .requireNonNull(RequestContextHolder.getRequestAttributes())).getRequest();
    template.header(HttpHeaders.AUTHORIZATION, request.getHeader(HttpHeaders.AUTHORIZATION));
  }
}",,,,,,,
ITEM_248,JD_REACT_03,Fullstack TypeScript Fresher,Fresher,Fullstack Web Application Development,"TypeScript, JavaScript (ES6+), ReactJS, Node.js / Express.js, JWT Authentication, MongoDB / PostgreSQL / MySQL",JordanKnott/taskcafe,frontend/src/shared/components/Checklist/index.tsx,521,570,"        </EditControls>
      </>
    );
  },
);
type ChecklistProps = {
  checklistID: string;
  onDeleteChecklist: ($target: React.RefObject<HTMLElement>, checklistID: string) => void;
  name: string;
  children: React.ReactNode;
  onChangeName: (item: string) => void;
  onToggleItem: (taskID: string, complete: boolean) => void;
  onChangeItemName: (itemID: string, currentName: string) => void;
  wrapperProps: any;
  handleProps: any;
  onDeleteItem: (checklistID: string, itemID: string) => void;
  onAddItem: (itemName: string) => void;
  items: Array<TaskChecklistItem>;
};

const Checklist = React.forwardRef(
  (
    {
      checklistID,
      children,
      onDeleteChecklist,
      name,
      items,
      wrapperProps,
      handleProps,
      onToggleItem,
      onAddItem,
      onChangeItemName,
      onChangeName,
      onDeleteItem,
    }: ChecklistProps,
    $container,
  ) => {
    const $name = useRef<HTMLTextAreaElement>(null);
    const complete = items.reduce((prev, item) => prev + (item.complete ? 1 : 0), 0);
    const percent = items.length === 0 ? 0 : Math.floor((complete / items.length) * 100);
    const [editting, setEditting] = useState(false);
    // useOnOutsideClick($name, true, () => setEditting(false), null);
    useEffect(() => {
      if (editting && $name && $name.current) {
        $name.current.focus();
        $name.current.select();
      }
    }, [editting]);
    return (",,,,,,,
ITEM_249,JD_JAVA_03,Java Backend Fresher,Fresher,Fintech & Payment Gateway,"Java, Spring Boot, Spring Data JPA, PostgreSQL, Redis",mewebstudio/java-spring-boot-boilerplate,src/main/java/com/mewebstudio/javaspringbootboilerplate/controller/AccountController.java,41,90,"        summary = ""Me endpoint"",
        security = @SecurityRequirement(name = SECURITY_SCHEME_NAME),
        responses = {
            @ApiResponse(
                responseCode = ""200"",
                description = ""Successful operation"",
                content = @Content(
                    mediaType = ""application/json"",
                    schema = @Schema(implementation = UserResponse.class)
                )
            ),
            @ApiResponse(
                responseCode = ""401"",
                description = ""Bad credentials"",
                content = @Content(
                    mediaType = MediaType.APPLICATION_JSON_VALUE,
                    schema = @Schema(implementation = ErrorResponse.class)
                )
            )
        }
    )
    public ResponseEntity<UserResponse> me() {
        return ResponseEntity.ok(UserResponse.convert(userService.getUser()));
    }

    @PostMapping(""/password"")
    @Operation(
        summary = ""Password update endpoint"",
        security = @SecurityRequirement(name = SECURITY_SCHEME_NAME),
        responses = {
            @ApiResponse(
                responseCode = ""200"",
                description = ""Successful operation"",
                content = @Content(
                    mediaType = ""application/json"",
                    schema = @Schema(implementation = SuccessResponse.class)
                )
            ),
            @ApiResponse(
                responseCode = ""401"",
                description = ""Bad credentials"",
                content = @Content(
                    mediaType = MediaType.APPLICATION_JSON_VALUE,
                    schema = @Schema(implementation = ErrorResponse.class)
                )
            ),
            @ApiResponse(
                responseCode = ""422"",
                description = ""Validation failed"",
                content = @Content(",,,,,,,
ITEM_250,JD_JAVA_07,Java API Developer,Fresher,Real-time Messaging & Notification Services,"Java, Spring Boot, Spring WebSocket / STOMP, JWT & Spring Security, PostgreSQL / MySQL / MongoDB",f-lab-edu/fast-shoppers,src/main/java/com/fastshoppers/entity/BaseEntity.java,1,48,"package com.fastshoppers.entity;

import java.time.LocalDateTime;

import org.springframework.data.annotation.CreatedDate;
import org.springframework.data.annotation.LastModifiedDate;
import org.springframework.data.jpa.domain.support.AuditingEntityListener;

import com.fastshoppers.util.BooleanToCharConverter;

import jakarta.persistence.Column;
import jakarta.persistence.Convert;
import jakarta.persistence.EntityListeners;
import jakarta.persistence.GeneratedValue;
import jakarta.persistence.GenerationType;
import jakarta.persistence.Id;
import jakarta.persistence.MappedSuperclass;
import lombok.AllArgsConstructor;
import lombok.Getter;
import lombok.NoArgsConstructor;
import lombok.Setter;
import lombok.ToString;

@Getter
@Setter
@NoArgsConstructor
@AllArgsConstructor
@ToString
@EntityListeners(AuditingEntityListener.class)
@MappedSuperclass
public class BaseEntity {

	@Id
	@GeneratedValue(strategy = GenerationType.IDENTITY)
	private int id;

	@CreatedDate
	@Column(name = ""created_at"", nullable = false)
	private LocalDateTime createdAt;

	@LastModifiedDate
	@Column(name = ""updated_at"", nullable = false)
	private LocalDateTime updatedAt;

	@Column(name = ""delete_yn"", nullable = false, length = 1, columnDefinition = ""char(1)"")
	@Convert(converter = BooleanToCharConverter.class)
	private boolean deleteYn;
}",,,,,,,
ITEM_251,JD_JAVA_15,Java Backend Fresher,Fresher,Retail & Warehouse Inventory Management,"Java 17, Spring Boot, Spring Data JPA, MySQL/PostgreSQL, JWT",mewebstudio/java-spring-boot-boilerplate,src/main/java/com/mewebstudio/javaspringbootboilerplate/controller/AccountController.java,66,106,"@PostMapping(""/password"")
    @Operation(
        summary = ""Password update endpoint"",
        security = @SecurityRequirement(name = SECURITY_SCHEME_NAME),
        responses = {
            @ApiResponse(
                responseCode = ""200"",
                description = ""Successful operation"",
                content = @Content(
                    mediaType = ""application/json"",
                    schema = @Schema(implementation = SuccessResponse.class)
                )
            ),
            @ApiResponse(
                responseCode = ""401"",
                description = ""Bad credentials"",
                content = @Content(
                    mediaType = MediaType.APPLICATION_JSON_VALUE,
                    schema = @Schema(implementation = ErrorResponse.class)
                )
            ),
            @ApiResponse(
                responseCode = ""422"",
                description = ""Validation failed"",
                content = @Content(
                    mediaType = MediaType.APPLICATION_JSON_VALUE,
                    schema = @Schema(implementation = DetailedErrorResponse.class)
                )
            )
        }
    )
    public ResponseEntity<SuccessResponse> password(
        @Parameter(description = ""Request body to update password"", required = true)
        @RequestBody @Valid UpdatePasswordRequest request
    ) throws BindException {
        userService.updatePassword(request);

        return ResponseEntity.ok(SuccessResponse.builder()
            .message(messageSourceService.get(""your_password_updated""))
            .build());
    }",,,,,,,
ITEM_252,JD_JAVA_14,Backend Engineer (Java / Spring Boot),Intern/Fresher,HRTech & Recruitment Job Portal,"Java Core, Spring Boot, Spring Data JPA, Spring Security & JWT, PostgreSQL / MySQL",mewebstudio/java-spring-boot-boilerplate,src/main/java/com/mewebstudio/javaspringbootboilerplate/controller/AccountController.java,1,50,"package com.mewebstudio.javaspringbootboilerplate.controller;

import com.mewebstudio.javaspringbootboilerplate.dto.request.user.UpdatePasswordRequest;
import com.mewebstudio.javaspringbootboilerplate.dto.response.DetailedErrorResponse;
import com.mewebstudio.javaspringbootboilerplate.dto.response.ErrorResponse;
import com.mewebstudio.javaspringbootboilerplate.dto.response.SuccessResponse;
import com.mewebstudio.javaspringbootboilerplate.dto.response.user.UserResponse;
import com.mewebstudio.javaspringbootboilerplate.service.MessageSourceService;
import com.mewebstudio.javaspringbootboilerplate.service.UserService;
import io.swagger.v3.oas.annotations.Operation;
import io.swagger.v3.oas.annotations.Parameter;
import io.swagger.v3.oas.annotations.media.Content;
import io.swagger.v3.oas.annotations.media.Schema;
import io.swagger.v3.oas.annotations.responses.ApiResponse;
import io.swagger.v3.oas.annotations.security.SecurityRequirement;
import io.swagger.v3.oas.annotations.tags.Tag;
import jakarta.validation.Valid;
import lombok.RequiredArgsConstructor;
import org.springframework.http.MediaType;
import org.springframework.http.ResponseEntity;
import org.springframework.validation.BindException;
import org.springframework.web.bind.annotation.GetMapping;
import org.springframework.web.bind.annotation.PostMapping;
import org.springframework.web.bind.annotation.RequestBody;
import org.springframework.web.bind.annotation.RequestMapping;
import org.springframework.web.bind.annotation.RestController;

import static com.mewebstudio.javaspringbootboilerplate.util.Constants.SECURITY_SCHEME_NAME;

@RestController
@RequiredArgsConstructor
@RequestMapping(""/account"")
@Tag(name = ""002. Account"", description = ""Account API"")
public class AccountController extends AbstractBaseController {
    private final UserService userService;

    private final MessageSourceService messageSourceService;

    @GetMapping(""/me"")
    @Operation(
        summary = ""Me endpoint"",
        security = @SecurityRequirement(name = SECURITY_SCHEME_NAME),
        responses = {
            @ApiResponse(
                responseCode = ""200"",
                description = ""Successful operation"",
                content = @Content(
                    mediaType = ""application/json"",
                    schema = @Schema(implementation = UserResponse.class)
                )",,,,,,,
ITEM_253,JD_JAVA_11,Java Backend Developer,Fresher / Junior,Social Network & Technical Blogging Platform,"Java 17, Spring Boot 3, Spring Security 6, Spring Data JPA / Hibernate, PostgreSQL, Git",jhcode33/react-spring-blog-backend,src/main/java/jhcode/blog/repository/FileRepository.java,1,8,"package jhcode.blog.repository;

import jhcode.blog.entity.FileEntity;
import org.springframework.data.jpa.repository.JpaRepository;

public interface FileRepository extends JpaRepository<FileEntity, Long> {

}",,,,,,,
ITEM_254,JD_JAVA_02,Junior Java Developer,Intern/Fresher,Enterprise Web & HRM Systems,"Java, Spring Boot, Spring Data JPA, PostgreSQL, JUnit",Snailclimb/spring-security-jwt-guide,src/main/java/github/javaguide/springsecurityjwtguide/security/service/AuthService.java,1,50,"package github.javaguide.springsecurityjwtguide.security.service;

import github.javaguide.springsecurityjwtguide.security.common.utils.CurrentUserUtil;
import github.javaguide.springsecurityjwtguide.security.common.utils.JwtTokenUtil;
import github.javaguide.springsecurityjwtguide.security.dto.LoginRequest;
import github.javaguide.springsecurityjwtguide.security.entity.JwtUser;
import github.javaguide.springsecurityjwtguide.system.entity.User;
import github.javaguide.springsecurityjwtguide.system.exception.UserNameNotFoundException;
import github.javaguide.springsecurityjwtguide.system.service.UserService;
import lombok.RequiredArgsConstructor;
import lombok.extern.slf4j.Slf4j;
import org.springframework.beans.factory.annotation.Autowired;
import org.springframework.data.redis.core.StringRedisTemplate;
import org.springframework.security.authentication.BadCredentialsException;
import org.springframework.security.core.Authentication;
import org.springframework.security.core.GrantedAuthority;
import org.springframework.security.core.context.SecurityContextHolder;
import org.springframework.stereotype.Service;

import java.util.List;
import java.util.stream.Collectors;

/**
 * @author shuang.kou
 **/
@Service
@RequiredArgsConstructor(onConstructor = @__(@Autowired))
@Slf4j
public class AuthService {
    private final UserService userService;
    private final StringRedisTemplate stringRedisTemplate;
    private final CurrentUserUtil currentUserUtil;

    public String createToken(LoginRequest loginRequest) {
        User user = userService.find(loginRequest.getUsername());
        if (!userService.check(loginRequest.getPassword(), user.getPassword())) {
            throw new BadCredentialsException(""The user name or password is not correct."");
        }
        JwtUser jwtUser = new JwtUser(user);
        if (!jwtUser.isEnabled()) {
            throw new BadCredentialsException(""User is forbidden to login"");
        }
        List<String> authorities = jwtUser.getAuthorities()
                .stream()
                .map(GrantedAuthority::getAuthority)
                .collect(Collectors.toList());
        String token = JwtTokenUtil.createToken(user.getUserName(), user.getId().toString(), authorities, loginRequest.getRememberMe());
        stringRedisTemplate.opsForValue().set(user.getId().toString(), token);
        return token;
    }",,,,,,,
ITEM_255,JD_JAVA_14,Backend Engineer (Java / Spring Boot),Intern/Fresher,HRTech & Recruitment Job Portal,"Java Core, Spring Boot, Spring Data JPA, Spring Security & JWT, PostgreSQL / MySQL",jhcode33/react-spring-blog-backend,src/main/java/jhcode/blog/repository/FileRepository.java,1,8,"package jhcode.blog.repository;

import jhcode.blog.entity.FileEntity;
import org.springframework.data.jpa.repository.JpaRepository;

public interface FileRepository extends JpaRepository<FileEntity, Long> {

}",,,,,,,
ITEM_256,JD_JAVA_04,Java Microservices Fresher,Fresher,Distributed Systems & Supply Chain,"Java 17+, Spring Boot, Apache Kafka, Spring Data JPA, MySQL/PostgreSQL, Docker / Docker Compose",Snailclimb/spring-security-jwt-guide,src/main/java/github/javaguide/springsecurityjwtguide/security/service/AuthService.java,1,50,"package github.javaguide.springsecurityjwtguide.security.service;

import github.javaguide.springsecurityjwtguide.security.common.utils.CurrentUserUtil;
import github.javaguide.springsecurityjwtguide.security.common.utils.JwtTokenUtil;
import github.javaguide.springsecurityjwtguide.security.dto.LoginRequest;
import github.javaguide.springsecurityjwtguide.security.entity.JwtUser;
import github.javaguide.springsecurityjwtguide.system.entity.User;
import github.javaguide.springsecurityjwtguide.system.exception.UserNameNotFoundException;
import github.javaguide.springsecurityjwtguide.system.service.UserService;
import lombok.RequiredArgsConstructor;
import lombok.extern.slf4j.Slf4j;
import org.springframework.beans.factory.annotation.Autowired;
import org.springframework.data.redis.core.StringRedisTemplate;
import org.springframework.security.authentication.BadCredentialsException;
import org.springframework.security.core.Authentication;
import org.springframework.security.core.GrantedAuthority;
import org.springframework.security.core.context.SecurityContextHolder;
import org.springframework.stereotype.Service;

import java.util.List;
import java.util.stream.Collectors;

/**
 * @author shuang.kou
 **/
@Service
@RequiredArgsConstructor(onConstructor = @__(@Autowired))
@Slf4j
public class AuthService {
    private final UserService userService;
    private final StringRedisTemplate stringRedisTemplate;
    private final CurrentUserUtil currentUserUtil;

    public String createToken(LoginRequest loginRequest) {
        User user = userService.find(loginRequest.getUsername());
        if (!userService.check(loginRequest.getPassword(), user.getPassword())) {
            throw new BadCredentialsException(""The user name or password is not correct."");
        }
        JwtUser jwtUser = new JwtUser(user);
        if (!jwtUser.isEnabled()) {
            throw new BadCredentialsException(""User is forbidden to login"");
        }
        List<String> authorities = jwtUser.getAuthorities()
                .stream()
                .map(GrantedAuthority::getAuthority)
                .collect(Collectors.toList());
        String token = JwtTokenUtil.createToken(user.getUserName(), user.getId().toString(), authorities, loginRequest.getRememberMe());
        stringRedisTemplate.opsForValue().set(user.getId().toString(), token);
        return token;
    }",,,,,,,
ITEM_257,JD_REACT_05,Next.js & TypeScript Frontend Developer,Fresher / Junior,High-Performance Web & Digital Commerce,"ReactJS, TypeScript, Next.js, Tailwind CSS, RESTful API / GraphQL",RishiBakshii/mern-chat-app,next-js-frontend/src/app/auth/login/page.tsx,41,51,"
  return (
    <>
    <div className=""flex flex-col gap-y-8"">
      <h3 className=""text-4xl font-bold text-fluid-h3"">Login</h3>
      <SocialLogin googleLink={`${process.env.NEXT_PUBLIC_BASE_URL}/auth/google`} />
    </div>
    <LoginForm/>
    </>
  );
}",,,,,,,
ITEM_258,JD_REACT_01,Frontend Developer Fresher (ReactJS / TypeScript),Fresher,E-Commerce Storefront & Order Management,"ReactJS, TypeScript, Redux Toolkit, Tailwind CSS, Git",JordanKnott/taskcafe,frontend/src/shared/components/Checklist/index.tsx,521,570,"        </EditControls>
      </>
    );
  },
);
type ChecklistProps = {
  checklistID: string;
  onDeleteChecklist: ($target: React.RefObject<HTMLElement>, checklistID: string) => void;
  name: string;
  children: React.ReactNode;
  onChangeName: (item: string) => void;
  onToggleItem: (taskID: string, complete: boolean) => void;
  onChangeItemName: (itemID: string, currentName: string) => void;
  wrapperProps: any;
  handleProps: any;
  onDeleteItem: (checklistID: string, itemID: string) => void;
  onAddItem: (itemName: string) => void;
  items: Array<TaskChecklistItem>;
};

const Checklist = React.forwardRef(
  (
    {
      checklistID,
      children,
      onDeleteChecklist,
      name,
      items,
      wrapperProps,
      handleProps,
      onToggleItem,
      onAddItem,
      onChangeItemName,
      onChangeName,
      onDeleteItem,
    }: ChecklistProps,
    $container,
  ) => {
    const $name = useRef<HTMLTextAreaElement>(null);
    const complete = items.reduce((prev, item) => prev + (item.complete ? 1 : 0), 0);
    const percent = items.length === 0 ? 0 : Math.floor((complete / items.length) * 100);
    const [editting, setEditting] = useState(false);
    // useOnOutsideClick($name, true, () => setEditting(false), null);
    useEffect(() => {
      if (editting && $name && $name.current) {
        $name.current.focus();
        $name.current.select();
      }
    }, [editting]);
    return (",,,,,,,
ITEM_259,JD_JAVA_01,Backend Developer (Java / Spring Boot),Fresher,E-Commerce Platform,"Java, Spring Boot, Spring Security & JWT, Spring Data JPA / Hibernate, MySQL, Git",hoangtien2k3/ecommerce-microservices,auth-service/src/main/java/com/ecommerce/authservice/controller/AuthController.java,77,93,"@GetMapping(""/callback"")
    public ResponseEntity<Void> ssoCallback(
            @RequestParam(value = ""code"", required = false) String code,
            @RequestParam(value = ""state"", required = false) String state,
            @RequestParam(value = ""error"", required = false) String error) {

        // User denied consent or Keycloak returned an error → bounce back with the reason.
        if (StringUtils.hasText(error)) {
            return redirectTo(appendQuery(ssoProperties.getDefaultFrontendRedirect(), ""error"", error));
        }

        String frontendRedirect = ssoSessionStore.consumeLoginState(state);
        KeycloakTokenResponse tokens = keycloakAuthClient.exchangeAuthorizationCode(code, ssoProperties.getBackendCallbackUrl());
        String ticket = ssoSessionStore.storeTokens(tokens);

        return redirectTo(appendQuery(frontendRedirect, ""ticket"", ticket));
    }",,,,,,,
ITEM_260,JD_JAVA_07,Java API Developer,Fresher,Real-time Messaging & Notification Services,"Java, Spring Boot, Spring WebSocket / STOMP, JWT & Spring Security, PostgreSQL / MySQL / MongoDB",Angel-Raa/spring-security-jwt-authentication-and-authorization,src/main/java/com/github/angel/raa/modules/controller/AuthenticationController.java,1,50,"package com.github.angel.raa.modules.controller;


import com.github.angel.raa.modules.persistence.dto.user.UserDto;
import com.github.angel.raa.modules.persistence.dto.user.request.AuthenticateRequest;
import com.github.angel.raa.modules.persistence.dto.user.response.AuthenticateResponse;
import com.github.angel.raa.modules.persistence.dto.user.response.LogoutResponse;
import com.github.angel.raa.modules.service.interfaces.auth.AuthenticationService;
import com.github.angel.raa.modules.utils.constants.Message;
import io.swagger.v3.oas.annotations.Operation;
import io.swagger.v3.oas.annotations.media.Content;
import io.swagger.v3.oas.annotations.responses.ApiResponse;
import io.swagger.v3.oas.annotations.tags.Tag;
import jakarta.servlet.http.HttpServletRequest;
import jakarta.validation.Valid;
import lombok.RequiredArgsConstructor;
import org.springframework.http.HttpStatus;
import org.springframework.http.ResponseEntity;
import org.springframework.security.access.prepost.PreAuthorize;
import org.springframework.web.bind.annotation.*;

import java.time.LocalDateTime;
//@CrossOrigin
@RestController
@RequestMapping(""/auth"")
@RequiredArgsConstructor
@Tag(name = ""Authentication"", description = ""Authentication"")
public class AuthenticationController {
    private final AuthenticationService authenticateService;
    @Operation(summary = ""Validate token"")
    @PreAuthorize(""permitAll"")
    @GetMapping(""/validate-token"")
    public ResponseEntity<Boolean> validateToken(@RequestParam String token) {
        boolean isValid = authenticateService.validateToken(token);
        return ResponseEntity.ok(isValid);
    }
    @Operation(summary = ""Login"")
    @ApiResponse(responseCode = ""200"", description = ""Login successfully"",  content = {@Content(mediaType = ""application/json"")})
    @PreAuthorize(""permitAll"")
    @PostMapping(""/login"")
    public ResponseEntity<AuthenticateResponse> login(@Valid @RequestBody AuthenticateRequest request) {
        AuthenticateResponse response = authenticateService.login(request);
        return ResponseEntity.ok(response);

    }


    @GetMapping(""/profile"")
    @PreAuthorize(""hasAuthority('READ_MY_PROFILE')"")
    public ResponseEntity<UserDto> profile() {",,,,,,,
ITEM_261,JD_REACT_10,Fullstack React & TypeScript Developer,Fresher / Junior,EdTech Fullstack Application,"TypeScript, ReactJS, Node.js / Express / NestJS, Redux Toolkit / Zustand, Prisma / TypeORM / Mongoose, Git",robbins23/admin-dashboard-nextjs-typescript-daisyui-template,src/components/typography/error-text.tsx,1,14,"import React, { ReactNode } from 'react';

interface ErrorTextProps {
  styleClass?: string;
  children: ReactNode;
}

function ErrorText({ styleClass, children }: ErrorTextProps): JSX.Element {
  return (
    <p className={`text-center text-error ${styleClass || ''}`}>{children}</p>
  );
}

export default ErrorText;",,,,,,,
ITEM_262,JD_JAVA_06,Fresher Java Backend Engineer,Fresher,Digital Healthcare & Telemedicine,"Java 11/17, Spring Boot, Spring Data JPA, PostgreSQL/MySQL",SaiUpadhyayula/spring-reddit-clone,src/main/java/com/programming/techie/springredditclone/controller/AuthController.java,1,50,"package com.programming.techie.springredditclone.controller;

import com.programming.techie.springredditclone.dto.AuthenticationResponse;
import com.programming.techie.springredditclone.dto.LoginRequest;
import com.programming.techie.springredditclone.dto.RefreshTokenRequest;
import com.programming.techie.springredditclone.dto.RegisterRequest;
import com.programming.techie.springredditclone.service.AuthService;
import com.programming.techie.springredditclone.service.RefreshTokenService;
import jakarta.validation.Valid;
import lombok.AllArgsConstructor;
import org.springframework.http.ResponseEntity;
import org.springframework.web.bind.annotation.*;

import static org.springframework.http.HttpStatus.OK;

@RestController
@RequestMapping(""/api/auth"")
@AllArgsConstructor
public class AuthController {

    private final AuthService authService;
    private final RefreshTokenService refreshTokenService;

    @PostMapping(""/signup"")
    public ResponseEntity<String> signup(@RequestBody RegisterRequest registerRequest) {
        authService.signup(registerRequest);
        return new ResponseEntity<>(""User Registration Successful"",
                OK);
    }

    @GetMapping(""accountVerification/{token}"")
    public ResponseEntity<String> verifyAccount(@PathVariable String token) {
        authService.verifyAccount(token);
        return new ResponseEntity<>(""Account Activated Successfully"", OK);
    }

    @PostMapping(""/login"")
    public AuthenticationResponse login(@RequestBody LoginRequest loginRequest) {
        return authService.login(loginRequest);
    }

    @PostMapping(""/refresh/token"")
    public AuthenticationResponse refreshTokens(@Valid @RequestBody RefreshTokenRequest refreshTokenRequest) {
        return authService.refreshToken(refreshTokenRequest);
    }

    @PostMapping(""/logout"")
    public ResponseEntity<String> logout(@Valid @RequestBody RefreshTokenRequest refreshTokenRequest) {
        refreshTokenService.deleteRefreshToken(refreshTokenRequest.getRefreshToken());
        return ResponseEntity.status(OK).body(""Refresh Token Deleted Successfully!!"");",,,,,,,
ITEM_263,JD_JAVA_09,Java Backend Intern,Intern,Digital Library & Bookstore API,"Java Core, Spring Boot, Spring Data JPA, MySQL/PostgreSQL",devdcores/BookStoreApp-Distributed-Application,bookstore-account-service/src/main/java/com/devd/spring/bookstoreaccountservice/config/AuthorizationServerConfig.java,103,129,"@Bean
  @Primary
  public JwtAccessTokenConverter jwtAccessTokenConverter() {
    JwtAccessTokenConverter jwtAccessTokenConverter = new JwtAccessTokenConverter() {
      @Override
      public OAuth2AccessToken enhance(OAuth2AccessToken accessToken, OAuth2Authentication authentication) {

        User principal = (User) authentication.getUserAuthentication().getPrincipal();
          Optional<com.devd.spring.bookstoreaccountservice.repository.dao.User> userDetail
                  = userRepository.findByUserName(principal.getUsername());
          final Map<String, Object> additionalInfo = new HashMap<>();
        userDetail.ifPresent(user -> additionalInfo.put(""user_id"", user.getUserId()));
          ((DefaultOAuth2AccessToken) accessToken)
                  .setAdditionalInformation(additionalInfo);

        accessToken = super.enhance(accessToken, authentication);
        ((DefaultOAuth2AccessToken) accessToken).setAdditionalInformation(new HashMap<>());
        return accessToken;
      }
    };

    KeyStoreKeyFactory keyStoreKeyFactory = keyStoreKeyFactory();
    KeyPair keyPair = keyPair(keyStoreKeyFactory);
    jwtAccessTokenConverter.setKeyPair(keyPair);
    jwtAccessTokenConverter.setVerifierKey(getPublicKeyAsString());
    return jwtAccessTokenConverter;
  }",,,,,,,
ITEM_264,JD_JAVA_13,Java Backend Fresher,Fresher,FoodTech & Delivery Platform,"Java, Spring Boot, Spring Security & JWT, MySQL & Spring Data JPA, RabbitMQ / Kafka",mewebstudio/java-spring-boot-boilerplate,src/main/java/com/mewebstudio/javaspringbootboilerplate/controller/AccountController.java,39,64,"@GetMapping(""/me"")
    @Operation(
        summary = ""Me endpoint"",
        security = @SecurityRequirement(name = SECURITY_SCHEME_NAME),
        responses = {
            @ApiResponse(
                responseCode = ""200"",
                description = ""Successful operation"",
                content = @Content(
                    mediaType = ""application/json"",
                    schema = @Schema(implementation = UserResponse.class)
                )
            ),
            @ApiResponse(
                responseCode = ""401"",
                description = ""Bad credentials"",
                content = @Content(
                    mediaType = MediaType.APPLICATION_JSON_VALUE,
                    schema = @Schema(implementation = ErrorResponse.class)
                )
            )
        }
    )
    public ResponseEntity<UserResponse> me() {
        return ResponseEntity.ok(UserResponse.convert(userService.getUser()));
    }",,,,,,,
ITEM_265,JD_JAVA_10,Fresher Backend Developer,Fresher,Hospitality & Online Travel Agency (OTA),"Java 17, Spring Boot, Spring Security, Spring Data JPA, MySQL / PostgreSQL, Redis",f-lab-edu/fast-shoppers,src/main/java/com/fastshoppers/entity/Product.java,1,50,"package com.fastshoppers.entity;

import java.math.BigDecimal;

import org.springframework.data.jpa.domain.support.AuditingEntityListener;

import jakarta.persistence.AttributeOverride;
import jakarta.persistence.Column;
import jakarta.persistence.Entity;
import jakarta.persistence.EntityListeners;
import jakarta.persistence.FetchType;
import jakarta.persistence.JoinColumn;
import jakarta.persistence.ManyToOne;
import jakarta.persistence.Table;
import lombok.AllArgsConstructor;
import lombok.Getter;
import lombok.NoArgsConstructor;
import lombok.Setter;
import lombok.ToString;

@Entity
@AttributeOverride(name = ""id"", column = @Column(name = ""product_id"", nullable = false))
@Table(name = ""product"")
@Getter
@Setter
@NoArgsConstructor
@AllArgsConstructor
@EntityListeners(AuditingEntityListener.class)
@ToString
public class Product extends BaseEntity {

	@Column(name = ""product_uuid"", nullable = false, unique = true)
	private String productUuid;

	@ManyToOne(fetch = FetchType.LAZY)
	@JoinColumn(name = ""category_id"", nullable = false)
	private Category category;

	@Column(name = ""product_name"", length = 255, nullable = false)
	private String productName;

	@Column(name = ""product_subtitle"", length = 255)
	private String productSubtitle;

	@Column(name = ""list_price"", nullable = false)
	private BigDecimal listPrice;

	@Column(name = ""selling_price"", nullable = false)
	private BigDecimal sellingPrice;
",,,,,,,
ITEM_266,JD_JAVA_08,Junior Java Software Engineer,Junior,Logistics & Fleet Management,"Java 17, Spring Boot, Spring Data JPA, MySQL/PostgreSQL, MapStruct, Bean Validation",mewebstudio/java-spring-boot-boilerplate,src/main/java/com/mewebstudio/javaspringbootboilerplate/controller/AccountController.java,1,50,"package com.mewebstudio.javaspringbootboilerplate.controller;

import com.mewebstudio.javaspringbootboilerplate.dto.request.user.UpdatePasswordRequest;
import com.mewebstudio.javaspringbootboilerplate.dto.response.DetailedErrorResponse;
import com.mewebstudio.javaspringbootboilerplate.dto.response.ErrorResponse;
import com.mewebstudio.javaspringbootboilerplate.dto.response.SuccessResponse;
import com.mewebstudio.javaspringbootboilerplate.dto.response.user.UserResponse;
import com.mewebstudio.javaspringbootboilerplate.service.MessageSourceService;
import com.mewebstudio.javaspringbootboilerplate.service.UserService;
import io.swagger.v3.oas.annotations.Operation;
import io.swagger.v3.oas.annotations.Parameter;
import io.swagger.v3.oas.annotations.media.Content;
import io.swagger.v3.oas.annotations.media.Schema;
import io.swagger.v3.oas.annotations.responses.ApiResponse;
import io.swagger.v3.oas.annotations.security.SecurityRequirement;
import io.swagger.v3.oas.annotations.tags.Tag;
import jakarta.validation.Valid;
import lombok.RequiredArgsConstructor;
import org.springframework.http.MediaType;
import org.springframework.http.ResponseEntity;
import org.springframework.validation.BindException;
import org.springframework.web.bind.annotation.GetMapping;
import org.springframework.web.bind.annotation.PostMapping;
import org.springframework.web.bind.annotation.RequestBody;
import org.springframework.web.bind.annotation.RequestMapping;
import org.springframework.web.bind.annotation.RestController;

import static com.mewebstudio.javaspringbootboilerplate.util.Constants.SECURITY_SCHEME_NAME;

@RestController
@RequiredArgsConstructor
@RequestMapping(""/account"")
@Tag(name = ""002. Account"", description = ""Account API"")
public class AccountController extends AbstractBaseController {
    private final UserService userService;

    private final MessageSourceService messageSourceService;

    @GetMapping(""/me"")
    @Operation(
        summary = ""Me endpoint"",
        security = @SecurityRequirement(name = SECURITY_SCHEME_NAME),
        responses = {
            @ApiResponse(
                responseCode = ""200"",
                description = ""Successful operation"",
                content = @Content(
                    mediaType = ""application/json"",
                    schema = @Schema(implementation = UserResponse.class)
                )",,,,,,,
ITEM_267,JD_JAVA_08,Junior Java Software Engineer,Junior,Logistics & Fleet Management,"Java 17, Spring Boot, Spring Data JPA, MySQL/PostgreSQL, MapStruct, Bean Validation",Snailclimb/spring-security-jwt-guide,src/main/java/github/javaguide/springsecurityjwtguide/security/service/AuthService.java,1,50,"package github.javaguide.springsecurityjwtguide.security.service;

import github.javaguide.springsecurityjwtguide.security.common.utils.CurrentUserUtil;
import github.javaguide.springsecurityjwtguide.security.common.utils.JwtTokenUtil;
import github.javaguide.springsecurityjwtguide.security.dto.LoginRequest;
import github.javaguide.springsecurityjwtguide.security.entity.JwtUser;
import github.javaguide.springsecurityjwtguide.system.entity.User;
import github.javaguide.springsecurityjwtguide.system.exception.UserNameNotFoundException;
import github.javaguide.springsecurityjwtguide.system.service.UserService;
import lombok.RequiredArgsConstructor;
import lombok.extern.slf4j.Slf4j;
import org.springframework.beans.factory.annotation.Autowired;
import org.springframework.data.redis.core.StringRedisTemplate;
import org.springframework.security.authentication.BadCredentialsException;
import org.springframework.security.core.Authentication;
import org.springframework.security.core.GrantedAuthority;
import org.springframework.security.core.context.SecurityContextHolder;
import org.springframework.stereotype.Service;

import java.util.List;
import java.util.stream.Collectors;

/**
 * @author shuang.kou
 **/
@Service
@RequiredArgsConstructor(onConstructor = @__(@Autowired))
@Slf4j
public class AuthService {
    private final UserService userService;
    private final StringRedisTemplate stringRedisTemplate;
    private final CurrentUserUtil currentUserUtil;

    public String createToken(LoginRequest loginRequest) {
        User user = userService.find(loginRequest.getUsername());
        if (!userService.check(loginRequest.getPassword(), user.getPassword())) {
            throw new BadCredentialsException(""The user name or password is not correct."");
        }
        JwtUser jwtUser = new JwtUser(user);
        if (!jwtUser.isEnabled()) {
            throw new BadCredentialsException(""User is forbidden to login"");
        }
        List<String> authorities = jwtUser.getAuthorities()
                .stream()
                .map(GrantedAuthority::getAuthority)
                .collect(Collectors.toList());
        String token = JwtTokenUtil.createToken(user.getUserName(), user.getId().toString(), authorities, loginRequest.getRememberMe());
        stringRedisTemplate.opsForValue().set(user.getId().toString(), token);
        return token;
    }",,,,,,,
ITEM_268,JD_JAVA_15,Java Backend Fresher,Fresher,Retail & Warehouse Inventory Management,"Java 17, Spring Boot, Spring Data JPA, MySQL/PostgreSQL, JWT",mewebstudio/java-spring-boot-boilerplate,src/main/java/com/mewebstudio/javaspringbootboilerplate/controller/AccountController.java,39,64,"@GetMapping(""/me"")
    @Operation(
        summary = ""Me endpoint"",
        security = @SecurityRequirement(name = SECURITY_SCHEME_NAME),
        responses = {
            @ApiResponse(
                responseCode = ""200"",
                description = ""Successful operation"",
                content = @Content(
                    mediaType = ""application/json"",
                    schema = @Schema(implementation = UserResponse.class)
                )
            ),
            @ApiResponse(
                responseCode = ""401"",
                description = ""Bad credentials"",
                content = @Content(
                    mediaType = MediaType.APPLICATION_JSON_VALUE,
                    schema = @Schema(implementation = ErrorResponse.class)
                )
            )
        }
    )
    public ResponseEntity<UserResponse> me() {
        return ResponseEntity.ok(UserResponse.convert(userService.getUser()));
    }",,,,,,,
ITEM_269,JD_REACT_07,Frontend Developer Intern/Fresher,Intern/Fresher,Real-Time Collaboration & Messaging,"ReactJS, TypeScript, WebSocket / Socket.io-client, Zustand / Redux Toolkit / React Context API, Tailwind CSS / SCSS",RishiBakshii/mern-chat-app,next-js-frontend/src/app/auth/login/page.tsx,41,51,"
  return (
    <>
    <div className=""flex flex-col gap-y-8"">
      <h3 className=""text-4xl font-bold text-fluid-h3"">Login</h3>
      <SocialLogin googleLink={`${process.env.NEXT_PUBLIC_BASE_URL}/auth/google`} />
    </div>
    <LoginForm/>
    </>
  );
}",,,,,,,
ITEM_270,JD_REACT_01,Frontend Developer Fresher (ReactJS / TypeScript),Fresher,E-Commerce Storefront & Order Management,"ReactJS, TypeScript, Redux Toolkit, Tailwind CSS, Git",robbins23/admin-dashboard-nextjs-typescript-daisyui-template,src/components/typography/error-text.tsx,1,14,"import React, { ReactNode } from 'react';

interface ErrorTextProps {
  styleClass?: string;
  children: ReactNode;
}

function ErrorText({ styleClass, children }: ErrorTextProps): JSX.Element {
  return (
    <p className={`text-center text-error ${styleClass || ''}`}>{children}</p>
  );
}

export default ErrorText;",,,,,,,
ITEM_271,JD_JAVA_07,Java API Developer,Fresher,Real-time Messaging & Notification Services,"Java, Spring Boot, Spring WebSocket / STOMP, JWT & Spring Security, PostgreSQL / MySQL / MongoDB",huseynovvusal/spring-blog-api,src/main/java/com/huseynovvusal/springblogapi/config/OpenAPIConfiguration.java,1,41,"package com.huseynovvusal.springblogapi.config;

import io.swagger.v3.oas.models.Components;
import io.swagger.v3.oas.models.OpenAPI;
import io.swagger.v3.oas.models.info.Info;
import io.swagger.v3.oas.models.security.SecurityScheme;
import io.swagger.v3.oas.models.servers.Server;
import java.util.List;
import org.springframework.beans.factory.annotation.Value;
import org.springframework.context.annotation.Bean;
import org.springframework.context.annotation.Configuration;

@Configuration
public class OpenAPIConfiguration {

  @Value(""${openapi.server.url}"")
  private String serverUrl;

  @Value(""${openapi.server.description}"")
  private String serverDescription;

  @Bean
  public OpenAPI defineOpenApi() {
    Server server = new Server();
    server.setUrl(serverUrl);
    server.setDescription(serverDescription);

    SecurityScheme securityScheme =
        new SecurityScheme().type(SecurityScheme.Type.HTTP).scheme(""bearer"").bearerFormat(""JWT"");

    Info information =
        new Info()
            .title(""Spring Blog API"")
            .version(""1.0"")
            .description(""Find all API endpoints and related info here..."");
    return new OpenAPI()
        .info(information)
        .servers(List.of(server))
        .components(new Components().addSecuritySchemes(""bearerAuth"", securityScheme));
  }
}",,,,,,,
ITEM_272,JD_REACT_01,Frontend Developer Fresher (ReactJS / TypeScript),Fresher,E-Commerce Storefront & Order Management,"ReactJS, TypeScript, Redux Toolkit, Tailwind CSS, Git",f-lab-edu/fast-shoppers,src/main/java/com/fastshoppers/exception/handler/GlobalExceptionHandler.java,1,50,"package com.fastshoppers.exception.handler;

import com.fastshoppers.common.LogLevel;
import com.fastshoppers.common.ResponseMessage;
import com.fastshoppers.exception.BaseException;
import com.fastshoppers.exception.logger.ExceptionLogger;
import jakarta.servlet.http.HttpServletRequest;
import org.springframework.beans.factory.annotation.Autowired;
import org.springframework.http.HttpStatus;
import org.springframework.web.bind.annotation.ControllerAdvice;
import org.springframework.web.bind.annotation.ExceptionHandler;
import org.springframework.web.bind.annotation.ResponseBody;
import org.springframework.web.bind.annotation.ResponseStatus;

@ControllerAdvice
public class GlobalExceptionHandler {

    private final ExceptionLogger exceptionLogger;

    @Autowired
    public GlobalExceptionHandler(ExceptionLogger exceptionLogger) {
        this.exceptionLogger = exceptionLogger;
    }

    @ExceptionHandler(BaseException.class)
    @ResponseBody
    @ResponseStatus(HttpStatus.INTERNAL_SERVER_ERROR)
    public ResponseMessage handleBaseException(BaseException baseException, HttpServletRequest httpServletRequest) {

        exceptionLogger.log(baseException.getLogLevel(), baseException.getMessage(), baseException.getStackTrace(), httpServletRequest);

        return ResponseMessage.builder()
                .message(baseException.getMessage())
                .status(baseException.getHttpStatus().value())
                .statusCode(baseException.getExceptionCode())
                .build();
    }

    @ExceptionHandler(Exception.class)
    @ResponseBody
    @ResponseStatus(HttpStatus.INTERNAL_SERVER_ERROR)
    public ResponseMessage handleOtherExceptions(Exception exception, HttpServletRequest httpServletRequest) {

        exceptionLogger.log(LogLevel.ERROR, exception.getMessage(), exception.getStackTrace(), httpServletRequest);

        return ResponseMessage.builder()
                .message(exception.getMessage())
                .status(HttpStatus.INTERNAL_SERVER_ERROR.value())
                .statusCode(HttpStatus.INTERNAL_SERVER_ERROR.name())
                .build();",,,,,,,
ITEM_273,JD_JAVA_11,Java Backend Developer,Fresher / Junior,Social Network & Technical Blogging Platform,"Java 17, Spring Boot 3, Spring Security 6, Spring Data JPA / Hibernate, PostgreSQL, Git",mdtalalwasim/blog-application-spring-boot-rest-api,blog-application-springboot-rest-apis/src/main/java/com/mdtalalwasim/blog/app/controller/UserRestController.java,1,50,"package com.mdtalalwasim.blog.app.controller;

import java.util.List;
import java.util.Map;

import org.springframework.beans.factory.annotation.Autowired;
import org.springframework.http.HttpStatus;
import org.springframework.http.ResponseEntity;
import org.springframework.security.access.prepost.PreAuthorize;
import org.springframework.web.bind.annotation.DeleteMapping;
import org.springframework.web.bind.annotation.GetMapping;
import org.springframework.web.bind.annotation.PathVariable;
import org.springframework.web.bind.annotation.PostMapping;
import org.springframework.web.bind.annotation.PutMapping;
import org.springframework.web.bind.annotation.RequestBody;
import org.springframework.web.bind.annotation.RequestMapping;
import org.springframework.web.bind.annotation.RestController;

import com.mdtalalwasim.blog.app.payloads.ApiResponse;
import com.mdtalalwasim.blog.app.payloads.UserDto;
import com.mdtalalwasim.blog.app.services.UserService;

import jakarta.validation.Valid;

@RestController
@RequestMapping(""/api/users"")
public class UserRestController {
	
	@Autowired
	private UserService userService;
	
	
	//create user
	@PostMapping(""/"")
	public ResponseEntity<UserDto> createUser(@Valid @RequestBody UserDto userDto){
		UserDto createdUserDto = this.userService.createUser(userDto);
		return new ResponseEntity<>(createdUserDto,HttpStatus.CREATED);
		
	}
	
	//update user
	@PutMapping(""/{userId}"")
	public ResponseEntity<UserDto> updateUser(@Valid @RequestBody UserDto userDto, @PathVariable Integer userId){
		UserDto updatedUser = this.userService.updateUser(userDto, userId);
		//return new ResponseEntity<UserDto>(updatedUser,HttpStatus.OK);//or
		return  ResponseEntity.ok(updatedUser);
	}
	
	//to make access for only ADMIN ROLE.  
	//Admin can delete only",,,,,,,
ITEM_274,JD_JAVA_09,Java Backend Intern,Intern,Digital Library & Bookstore API,"Java Core, Spring Boot, Spring Data JPA, MySQL/PostgreSQL",devdcores/BookStoreApp-Distributed-Application,bookstore-account-service/src/main/java/com/devd/spring/bookstoreaccountservice/config/AuthorizationServerConfig.java,121,153,"      }
    };

    KeyStoreKeyFactory keyStoreKeyFactory = keyStoreKeyFactory();
    KeyPair keyPair = keyPair(keyStoreKeyFactory);
    jwtAccessTokenConverter.setKeyPair(keyPair);
    jwtAccessTokenConverter.setVerifierKey(getPublicKeyAsString());
    return jwtAccessTokenConverter;
  }

  @Override
  public void configure(final AuthorizationServerSecurityConfigurer oauthServer) {
    oauthServer.passwordEncoder(this.passwordEncoder).tokenKeyAccess(""permitAll()"")
        .checkTokenAccess(""isAuthenticated()"");
  }

  private KeyPair keyPair(KeyStoreKeyFactory keyStoreKeyFactory) {
    return keyStoreKeyFactory.getKeyPair(keyPairAlias, keyPairPassword
        .toCharArray());
  }

  private KeyStoreKeyFactory keyStoreKeyFactory() {
    return new KeyStoreKeyFactory(keyStore, keyStorePassword.toCharArray());
  }

  private String getPublicKeyAsString() {
    try {
      return IOUtils.toString(publicKey.getInputStream(), UTF_8);
    } catch (IOException e) {
      throw new RuntimeException(e);
    }
  }
}",,,,,,,
ITEM_275,JD_REACT_08,React TypeScript Fresher,Fresher,Personal Finance & Digital Banking Portal,"ReactJS, TypeScript, React Hook Form, Zod / Yup, Authentication & Axios Interceptors, Material UI / Ant Design / Shadcn UI / Tailwind CSS",sylvaincodes/youtube_ecommerce,components/modules/custom/Container.tsx,1,11,"import React from ""react"";

export default function Container({
  children,
  className,
}: {
  children: React.ReactNode;
  className?: string;
}) {
  return <div className={`container h-full w-full ${className}`}>{children}</div>;
}",,,,,,,
ITEM_276,JD_JAVA_14,Backend Engineer (Java / Spring Boot),Intern/Fresher,HRTech & Recruitment Job Portal,"Java Core, Spring Boot, Spring Data JPA, Spring Security & JWT, PostgreSQL / MySQL",mdtalalwasim/blog-application-spring-boot-rest-api,blog-application-springboot-rest-apis/src/main/java/com/mdtalalwasim/blog/app/config/SwaggerConfig.java,14,25,"@Bean
	public OpenAPI openAPI() {
		  
		 
		return new OpenAPI()
				.info(new Info().title(""Blog Application Beckend API"")
						.description(""This is blog application project api and Developed by Md. Talal Wasim"")
						.version(""1.0"")
						.contact(new Contact().name(""Md. Talal Wasim"").email(""md.talalwasim@gmail.com"").url(""https://mdtalalwasim.github.io/""))
						.license(new License().name(""Licence""))
						).externalDocs(new ExternalDocumentation().url(""https://mdtalalwasim.github.io/"").description(""This is external url""));
	}",,,,,,,
ITEM_277,JD_JAVA_05,Backend Developer (Java/Spring Boot),Fresher,EdTech & Learning Management Systems (LMS),"Java Core, Spring Boot, Spring Security, Spring Data JPA, MySQL",mewebstudio/java-spring-boot-boilerplate,src/main/java/com/mewebstudio/javaspringbootboilerplate/controller/AccountController.java,41,90,"        summary = ""Me endpoint"",
        security = @SecurityRequirement(name = SECURITY_SCHEME_NAME),
        responses = {
            @ApiResponse(
                responseCode = ""200"",
                description = ""Successful operation"",
                content = @Content(
                    mediaType = ""application/json"",
                    schema = @Schema(implementation = UserResponse.class)
                )
            ),
            @ApiResponse(
                responseCode = ""401"",
                description = ""Bad credentials"",
                content = @Content(
                    mediaType = MediaType.APPLICATION_JSON_VALUE,
                    schema = @Schema(implementation = ErrorResponse.class)
                )
            )
        }
    )
    public ResponseEntity<UserResponse> me() {
        return ResponseEntity.ok(UserResponse.convert(userService.getUser()));
    }

    @PostMapping(""/password"")
    @Operation(
        summary = ""Password update endpoint"",
        security = @SecurityRequirement(name = SECURITY_SCHEME_NAME),
        responses = {
            @ApiResponse(
                responseCode = ""200"",
                description = ""Successful operation"",
                content = @Content(
                    mediaType = ""application/json"",
                    schema = @Schema(implementation = SuccessResponse.class)
                )
            ),
            @ApiResponse(
                responseCode = ""401"",
                description = ""Bad credentials"",
                content = @Content(
                    mediaType = MediaType.APPLICATION_JSON_VALUE,
                    schema = @Schema(implementation = ErrorResponse.class)
                )
            ),
            @ApiResponse(
                responseCode = ""422"",
                description = ""Validation failed"",
                content = @Content(",,,,,,,
ITEM_278,JD_REACT_09,Frontend Web Developer,Intern / Fresher,Service Discovery & Booking Platform,"ReactJS, TypeScript, React Router, Axios",jhcode33/react-spring-blog-backend,src/main/java/jhcode/blog/controller/BoardController.java,41,81,"            @PageableDefault(size = 5, sort = ""id"", direction = Sort.Direction.DESC) Pageable pageable,
            @RequestParam String title,
            @RequestParam String content,
            @RequestParam String writerName) {
        SearchData searchData = SearchData.createdSearchData(title, content, writerName);
        Page<ResBoardListDto> searchBoard = boardService.search(searchData, pageable);
        return  ResponseEntity.status(HttpStatus.OK).body(searchBoard);
    }

    @PostMapping(""/write"")
    public ResponseEntity<ResBoardWriteDto> write(
            @RequestBody BoardWriteDto boardDTO,
            @AuthenticationPrincipal Member member) {
        Thread currentThread = Thread.currentThread();
        log.info(""현재 실행 중인 스레드: "" + currentThread.getName());
        ResBoardWriteDto saveBoardDTO = boardService.write(boardDTO, member);
        return ResponseEntity.status(HttpStatus.CREATED).body(saveBoardDTO);
    }

    @GetMapping(""/{boardId}"")
    public ResponseEntity<ResBoardDetailsDto> detail(@PathVariable(""boardId"") Long boardId) {
        ResBoardDetailsDto findBoardDTO = boardService.detail(boardId);
        return ResponseEntity.status(HttpStatus.OK).body(findBoardDTO);
    }

    // 상세보기 -> 수정
    @PatchMapping(""/{boardId}/update"")
    public ResponseEntity<ResBoardDetailsDto> update(
            @PathVariable Long boardId,
            @RequestBody BoardUpdateDto boardDTO) {
        ResBoardDetailsDto updateBoardDTO = boardService.update(boardId, boardDTO);
        return ResponseEntity.status(HttpStatus.OK).body(updateBoardDTO);
    }

    // 상세보기 -> 삭제
    @DeleteMapping(""/{boardId}/delete"")
    public ResponseEntity<Long> delete(@PathVariable Long boardId) {
        boardService.delete(boardId);
        return ResponseEntity.status(HttpStatus.OK).build();
    }
}",,,,,,,
ITEM_279,JD_JAVA_08,Junior Java Software Engineer,Junior,Logistics & Fleet Management,"Java 17, Spring Boot, Spring Data JPA, MySQL/PostgreSQL, MapStruct, Bean Validation",mdtalalwasim/blog-application-spring-boot-rest-api,blog-application-springboot-rest-apis/src/main/java/com/mdtalalwasim/blog/app/BlogApplicationSpringbootRestApisApplication.java,1,50,"package com.mdtalalwasim.blog.app;

import java.util.List;

import org.modelmapper.ModelMapper;
import org.springframework.beans.factory.annotation.Autowired;
import org.springframework.boot.CommandLineRunner;
import org.springframework.boot.SpringApplication;
import org.springframework.boot.autoconfigure.SpringBootApplication;
import org.springframework.context.annotation.Bean;
import org.springframework.security.crypto.password.PasswordEncoder;

import com.mdtalalwasim.blog.app.config.ApplicationConstants;
import com.mdtalalwasim.blog.app.entity.Role;
import com.mdtalalwasim.blog.app.repository.RoleRepository;

@SpringBootApplication
public class BlogApplicationSpringbootRestApisApplication implements CommandLineRunner {

	@Autowired
	private PasswordEncoder passwordEncoder;
	
	//in this project role will not create automatically till now, now we will create role table automatically when this project runs.
	
	@Autowired 
	private RoleRepository roleRepository;
	
	
	//this will add
	public BlogApplicationSpringbootRestApisApplication(PasswordEncoder passwordEncoder) {
        this.passwordEncoder = passwordEncoder;
    }
	
	public static void main(String[] args) {
		SpringApplication.run(BlogApplicationSpringbootRestApisApplication.class, args);
		System.out.println(""Hello"");
	}	
	
	@Bean
	public ModelMapper modelMapper() {
		return new ModelMapper();
	}

	
	//CommandLineRunner method
	@Override
	public void run(String... args) throws Exception {
		System.out.println(this.passwordEncoder.encode(""123456""));
		System.out.println(this.passwordEncoder.encode(""selim""));
		",,,,,,,
ITEM_280,JD_JAVA_06,Fresher Java Backend Engineer,Fresher,Digital Healthcare & Telemedicine,"Java 11/17, Spring Boot, Spring Data JPA, PostgreSQL/MySQL",SaiUpadhyayula/spring-reddit-clone,src/main/java/com/programming/techie/springredditclone/controller/PostController.java,1,47,"package com.programming.techie.springredditclone.controller;

import com.programming.techie.springredditclone.dto.PostRequest;
import com.programming.techie.springredditclone.dto.PostResponse;
import com.programming.techie.springredditclone.service.PostService;
import lombok.AllArgsConstructor;
import org.springframework.http.HttpStatus;
import org.springframework.http.ResponseEntity;
import org.springframework.web.bind.annotation.*;

import java.util.List;

import static org.springframework.http.ResponseEntity.status;

@RestController
@RequestMapping(""/api/posts"")
@AllArgsConstructor
public class PostController {

    private final PostService postService;

    @PostMapping
    public ResponseEntity<Void> createPost(@RequestBody PostRequest postRequest) {
        postService.save(postRequest);
        return new ResponseEntity<>(HttpStatus.CREATED);
    }

    @GetMapping
    public ResponseEntity<List<PostResponse>> getAllPosts() {
        return status(HttpStatus.OK).body(postService.getAllPosts());
    }

    @GetMapping(""/{id}"")
    public ResponseEntity<PostResponse> getPost(@PathVariable Long id) {
        return status(HttpStatus.OK).body(postService.getPost(id));
    }

    @GetMapping(params = ""subredditId"")
    public ResponseEntity<List<PostResponse>> getPostsBySubreddit(@RequestParam Long subredditId) {
        return status(HttpStatus.OK).body(postService.getPostsBySubreddit(subredditId));
    }

    @GetMapping(params = ""username"")
    public ResponseEntity<List<PostResponse>> getPostsByUsername(@RequestParam String username) {
        return status(HttpStatus.OK).body(postService.getPostsByUsername(username));
    }
}",,,,,,,
ITEM_281,JD_REACT_09,Frontend Web Developer,Intern / Fresher,Service Discovery & Booking Platform,"ReactJS, TypeScript, React Router, Axios",hoangtien2k3/ecommerce-microservices,auth-service/src/main/java/com/ecommerce/authservice/controller/AuthController.java,41,90,"
    @PostMapping(""/signup"")
    public ApiResponse<Void> register(@Valid @RequestBody RegisterRequest request) {
        userService.register(request);
        return ApiResponse.message(""User "" + request.getUsername() + "" registered successfully"");
    }

    // ------------------------------------------------------------------
    // SSO — Authorization Code flow, mediated by this backend
    // ------------------------------------------------------------------

    /**
     * Step 1. Browser hits this; we 302 to the Keycloak login page. The frontend
     * page to return to is remembered server-side against a random {@code state}.
     */
    @GetMapping(""/login"")
    public ResponseEntity<Void> ssoLogin(
            @RequestParam(value = ""redirect_uri"", required = false) String redirectUri) {
        String frontendRedirect = resolveFrontendRedirect(redirectUri);
        String state = ssoSessionStore.createLoginState(frontendRedirect);
        String authorizeUrl = UriComponentsBuilder.fromUriString(keycloakProperties.authorizationEndpoint())
                .queryParam(""client_id"", keycloakProperties.getClientId())
                .queryParam(""response_type"", ""code"")
                .queryParam(""scope"", ssoProperties.getScope())
                .queryParam(""redirect_uri"", ssoProperties.getBackendCallbackUrl())
                .queryParam(""state"", state)
                .build()
                .encode()
                .toUriString();
        return ResponseEntity.status(HttpStatus.FOUND).location(URI.create(authorizeUrl)).build();
    }

    /**
     * Step 2. Keycloak redirects here with {@code code}. We swap it for tokens, stash
     * them behind a single-use ticket and bounce the browser back to the frontend.
     */
    @GetMapping(""/callback"")
    public ResponseEntity<Void> ssoCallback(
            @RequestParam(value = ""code"", required = false) String code,
            @RequestParam(value = ""state"", required = false) String state,
            @RequestParam(value = ""error"", required = false) String error) {

        // User denied consent or Keycloak returned an error → bounce back with the reason.
        if (StringUtils.hasText(error)) {
            return redirectTo(appendQuery(ssoProperties.getDefaultFrontendRedirect(), ""error"", error));
        }

        String frontendRedirect = ssoSessionStore.consumeLoginState(state);
        KeycloakTokenResponse tokens = keycloakAuthClient.exchangeAuthorizationCode(code, ssoProperties.getBackendCallbackUrl());
        String ticket = ssoSessionStore.storeTokens(tokens);",,,,,,,
ITEM_282,JD_JAVA_06,Fresher Java Backend Engineer,Fresher,Digital Healthcare & Telemedicine,"Java 11/17, Spring Boot, Spring Data JPA, PostgreSQL/MySQL",mewebstudio/java-spring-boot-boilerplate,src/main/java/com/mewebstudio/javaspringbootboilerplate/controller/AccountController.java,66,106,"@PostMapping(""/password"")
    @Operation(
        summary = ""Password update endpoint"",
        security = @SecurityRequirement(name = SECURITY_SCHEME_NAME),
        responses = {
            @ApiResponse(
                responseCode = ""200"",
                description = ""Successful operation"",
                content = @Content(
                    mediaType = ""application/json"",
                    schema = @Schema(implementation = SuccessResponse.class)
                )
            ),
            @ApiResponse(
                responseCode = ""401"",
                description = ""Bad credentials"",
                content = @Content(
                    mediaType = MediaType.APPLICATION_JSON_VALUE,
                    schema = @Schema(implementation = ErrorResponse.class)
                )
            ),
            @ApiResponse(
                responseCode = ""422"",
                description = ""Validation failed"",
                content = @Content(
                    mediaType = MediaType.APPLICATION_JSON_VALUE,
                    schema = @Schema(implementation = DetailedErrorResponse.class)
                )
            )
        }
    )
    public ResponseEntity<SuccessResponse> password(
        @Parameter(description = ""Request body to update password"", required = true)
        @RequestBody @Valid UpdatePasswordRequest request
    ) throws BindException {
        userService.updatePassword(request);

        return ResponseEntity.ok(SuccessResponse.builder()
            .message(messageSourceService.get(""your_password_updated""))
            .build());
    }",,,,,,,
ITEM_283,JD_REACT_06,Junior ReactJS Developer,Junior,Productivity & Collaborative Kanban System,"ReactJS, TypeScript, Redux Toolkit / Zustand, React Hook Form & Zod/Yup, Tailwind CSS / CSS-in-JS",robbins23/admin-dashboard-nextjs-typescript-daisyui-template,src/components/input/text-area.tsx,1,44,"import React, { useState } from 'react';

interface TextAreaProps {
  labelTitle: string;
  labelStyle?: string;
  containerStyle?: string;
  defaultValue?: string;
  placeholder?: string;
  updateFormValue: (updateType: string, value: string) => void;
  updateType: string;
}

function TextArea({
  labelTitle,
  labelStyle,
  containerStyle,
  defaultValue,
  placeholder,
  updateFormValue,
  updateType,
}: TextAreaProps): JSX.Element {
  const [value, setValue] = useState<string>(defaultValue || '');

  const updateTextAreaValue = (val: string): void => {
    setValue(val);
    updateFormValue(updateType, val);
  };

  return (
    <div className={`form-control w-full ${containerStyle}`}>
      <label className=""label"">
        <span className={'label-text text-xs text-base-content ' + (labelStyle || '')}>{labelTitle}</span>
      </label>
      <textarea
        value={value}
        placeholder={placeholder || ''}
        onChange={(e) => updateTextAreaValue(e.target.value)}
        className=""textarea textarea-bordered w-full""
      />
    </div>
  );
}

export default TextArea;",,,,,,,
ITEM_284,JD_JAVA_10,Fresher Backend Developer,Fresher,Hospitality & Online Travel Agency (OTA),"Java 17, Spring Boot, Spring Security, Spring Data JPA, MySQL / PostgreSQL, Redis",Rapter1990/parkinglot,src/main/java/com/project/parkinglot/logging/repository/LogRepository.java,1,10,"package com.project.parkinglot.logging.repository;

import com.project.parkinglot.logging.entity.LogEntity;
import org.springframework.data.jpa.repository.JpaRepository;

/**
 * Repository interface named {@link LogRepository} for managing log entity persistence.
 */
public interface LogRepository extends JpaRepository<LogEntity, Long> {
}",,,,,,,
ITEM_285,JD_JAVA_14,Backend Engineer (Java / Spring Boot),Intern/Fresher,HRTech & Recruitment Job Portal,"Java Core, Spring Boot, Spring Data JPA, Spring Security & JWT, PostgreSQL / MySQL",Rapter1990/parkinglot,src/main/java/com/project/parkinglot/logging/repository/LogRepository.java,1,10,"package com.project.parkinglot.logging.repository;

import com.project.parkinglot.logging.entity.LogEntity;
import org.springframework.data.jpa.repository.JpaRepository;

/**
 * Repository interface named {@link LogRepository} for managing log entity persistence.
 */
public interface LogRepository extends JpaRepository<LogEntity, Long> {
}",,,,,,,
ITEM_286,JD_REACT_02,ReactJS / TypeScript Intern,Intern/Fresher,Digital Media & Streaming SPA,"HTML5/CSS3, JavaScript (ES6+), TypeScript, ReactJS",robbins23/admin-dashboard-nextjs-typescript-daisyui-template,src/components/cards/title-card.tsx,1,36,"import React, { ReactNode } from ""react"";
import Subtitle from ""../typography/subtitle"";

interface TitleCardProps {
    title: string;
    children: ReactNode;
    topMargin?: string;
    TopSideButtons?: ReactNode;
}

function TitleCard({ title, children, topMargin, TopSideButtons }: TitleCardProps) {
    return (
        <div className={""card w-full p-6 bg-base-100 shadow-xl "" + (topMargin || ""mt-6"")}>

            {/* Title for Card */}
            <Subtitle styleClass={TopSideButtons ? ""inline-block"" : """"}>
                {title}

                {/* Top side button, show only if present */}
                {
                    TopSideButtons && <div className=""inline-block float-right"">{TopSideButtons}</div>
                }
            </Subtitle>

            <div className=""divider mt-2""></div>

            {/** Card Body */}
            <div className='h-full w-full pb-6 bg-base-100'>
                {children}
            </div>
        </div>

    );
}

export default TitleCard;",,,,,,,
ITEM_287,JD_REACT_10,Fullstack React & TypeScript Developer,Fresher / Junior,EdTech Fullstack Application,"TypeScript, ReactJS, Node.js / Express / NestJS, Redux Toolkit / Zustand, Prisma / TypeORM / Mongoose, Git",sylvaincodes/youtube_ecommerce,components/modules/custom/Col.tsx,3,13,"export default function Col({
  children,
  className,
}: {
  children: React.ReactNode;
  className?: string;
}) {
  return <div className={`flex flex-col h-full w-full   ${className}`}>{
    children
  }</div>;
}",,,,,,,
ITEM_288,JD_JAVA_09,Java Backend Intern,Intern,Digital Library & Bookstore API,"Java Core, Spring Boot, Spring Data JPA, MySQL/PostgreSQL",devdcores/BookStoreApp-Distributed-Application,bookstore-account-service/src/main/java/com/devd/spring/bookstoreaccountservice/config/AuthorizationServerConfig.java,41,90,"@Configuration
@EnableAuthorizationServer
public class AuthorizationServerConfig extends AuthorizationServerConfigurerAdapter {

  @Autowired
  DataSource dataSource;

  @Autowired
  AppUserDetailsService appUserDetailsService;

  @Autowired
  UserRepository userRepository;

  @Autowired
  private AuthenticationManager authenticationManager;

  @Autowired
  private PasswordEncoder passwordEncoder;

  @Value(""${security.jwt.key-store}"")
  private Resource keyStore;

  @Value(""${security.jwt.key-store-password}"")
  private String keyStorePassword;

  @Value(""${security.jwt.key-pair-alias}"")
  private String keyPairAlias;

  @Value(""${security.jwt.key-pair-password}"")
  private String keyPairPassword;

  @Value(""${security.jwt.public-key}"")
  private Resource publicKey;

  @Override
  public void configure(ClientDetailsServiceConfigurer clients) throws Exception {
    clients.jdbc(dataSource);
  }

  @Override
  public void configure(AuthorizationServerEndpointsConfigurer endpoints) throws Exception {
    endpoints.authenticationManager(this.authenticationManager)
        .userDetailsService(appUserDetailsService)
        .accessTokenConverter(jwtAccessTokenConverter())
        .tokenStore(tokenStore());
  }

  @Bean
  @Primary
  public TokenStore tokenStore() {",,,,,,,
ITEM_289,JD_JAVA_06,Fresher Java Backend Engineer,Fresher,Digital Healthcare & Telemedicine,"Java 11/17, Spring Boot, Spring Data JPA, PostgreSQL/MySQL",mewebstudio/java-spring-boot-boilerplate,src/main/java/com/mewebstudio/javaspringbootboilerplate/controller/AccountController.java,41,90,"        summary = ""Me endpoint"",
        security = @SecurityRequirement(name = SECURITY_SCHEME_NAME),
        responses = {
            @ApiResponse(
                responseCode = ""200"",
                description = ""Successful operation"",
                content = @Content(
                    mediaType = ""application/json"",
                    schema = @Schema(implementation = UserResponse.class)
                )
            ),
            @ApiResponse(
                responseCode = ""401"",
                description = ""Bad credentials"",
                content = @Content(
                    mediaType = MediaType.APPLICATION_JSON_VALUE,
                    schema = @Schema(implementation = ErrorResponse.class)
                )
            )
        }
    )
    public ResponseEntity<UserResponse> me() {
        return ResponseEntity.ok(UserResponse.convert(userService.getUser()));
    }

    @PostMapping(""/password"")
    @Operation(
        summary = ""Password update endpoint"",
        security = @SecurityRequirement(name = SECURITY_SCHEME_NAME),
        responses = {
            @ApiResponse(
                responseCode = ""200"",
                description = ""Successful operation"",
                content = @Content(
                    mediaType = ""application/json"",
                    schema = @Schema(implementation = SuccessResponse.class)
                )
            ),
            @ApiResponse(
                responseCode = ""401"",
                description = ""Bad credentials"",
                content = @Content(
                    mediaType = MediaType.APPLICATION_JSON_VALUE,
                    schema = @Schema(implementation = ErrorResponse.class)
                )
            ),
            @ApiResponse(
                responseCode = ""422"",
                description = ""Validation failed"",
                content = @Content(",,,,,,,
ITEM_290,JD_JAVA_01,Backend Developer (Java / Spring Boot),Fresher,E-Commerce Platform,"Java, Spring Boot, Spring Security & JWT, Spring Data JPA / Hibernate, MySQL, Git",mewebstudio/java-spring-boot-boilerplate,src/main/java/com/mewebstudio/javaspringbootboilerplate/controller/AccountController.java,1,50,"package com.mewebstudio.javaspringbootboilerplate.controller;

import com.mewebstudio.javaspringbootboilerplate.dto.request.user.UpdatePasswordRequest;
import com.mewebstudio.javaspringbootboilerplate.dto.response.DetailedErrorResponse;
import com.mewebstudio.javaspringbootboilerplate.dto.response.ErrorResponse;
import com.mewebstudio.javaspringbootboilerplate.dto.response.SuccessResponse;
import com.mewebstudio.javaspringbootboilerplate.dto.response.user.UserResponse;
import com.mewebstudio.javaspringbootboilerplate.service.MessageSourceService;
import com.mewebstudio.javaspringbootboilerplate.service.UserService;
import io.swagger.v3.oas.annotations.Operation;
import io.swagger.v3.oas.annotations.Parameter;
import io.swagger.v3.oas.annotations.media.Content;
import io.swagger.v3.oas.annotations.media.Schema;
import io.swagger.v3.oas.annotations.responses.ApiResponse;
import io.swagger.v3.oas.annotations.security.SecurityRequirement;
import io.swagger.v3.oas.annotations.tags.Tag;
import jakarta.validation.Valid;
import lombok.RequiredArgsConstructor;
import org.springframework.http.MediaType;
import org.springframework.http.ResponseEntity;
import org.springframework.validation.BindException;
import org.springframework.web.bind.annotation.GetMapping;
import org.springframework.web.bind.annotation.PostMapping;
import org.springframework.web.bind.annotation.RequestBody;
import org.springframework.web.bind.annotation.RequestMapping;
import org.springframework.web.bind.annotation.RestController;

import static com.mewebstudio.javaspringbootboilerplate.util.Constants.SECURITY_SCHEME_NAME;

@RestController
@RequiredArgsConstructor
@RequestMapping(""/account"")
@Tag(name = ""002. Account"", description = ""Account API"")
public class AccountController extends AbstractBaseController {
    private final UserService userService;

    private final MessageSourceService messageSourceService;

    @GetMapping(""/me"")
    @Operation(
        summary = ""Me endpoint"",
        security = @SecurityRequirement(name = SECURITY_SCHEME_NAME),
        responses = {
            @ApiResponse(
                responseCode = ""200"",
                description = ""Successful operation"",
                content = @Content(
                    mediaType = ""application/json"",
                    schema = @Schema(implementation = UserResponse.class)
                )",,,,,,,
ITEM_291,JD_JAVA_09,Java Backend Intern,Intern,Digital Library & Bookstore API,"Java Core, Spring Boot, Spring Data JPA, MySQL/PostgreSQL",devdcores/BookStoreApp-Distributed-Application,bookstore-account-service/src/main/java/com/devd/spring/bookstoreaccountservice/config/AuthorizationServerConfig.java,80,86,"@Override
  public void configure(AuthorizationServerEndpointsConfigurer endpoints) throws Exception {
    endpoints.authenticationManager(this.authenticationManager)
        .userDetailsService(appUserDetailsService)
        .accessTokenConverter(jwtAccessTokenConverter())
        .tokenStore(tokenStore());
  }",,,,,,,
ITEM_292,JD_JAVA_12,Junior Java Developer,Junior,Enterprise Software & Financial Services,"Java 17, Spring Boot, JUnit 5 & Mockito, PostgreSQL/MySQL",Angel-Raa/spring-security-jwt-authentication-and-authorization,src/main/java/com/github/angel/raa/modules/controller/AuthenticationController.java,1,50,"package com.github.angel.raa.modules.controller;


import com.github.angel.raa.modules.persistence.dto.user.UserDto;
import com.github.angel.raa.modules.persistence.dto.user.request.AuthenticateRequest;
import com.github.angel.raa.modules.persistence.dto.user.response.AuthenticateResponse;
import com.github.angel.raa.modules.persistence.dto.user.response.LogoutResponse;
import com.github.angel.raa.modules.service.interfaces.auth.AuthenticationService;
import com.github.angel.raa.modules.utils.constants.Message;
import io.swagger.v3.oas.annotations.Operation;
import io.swagger.v3.oas.annotations.media.Content;
import io.swagger.v3.oas.annotations.responses.ApiResponse;
import io.swagger.v3.oas.annotations.tags.Tag;
import jakarta.servlet.http.HttpServletRequest;
import jakarta.validation.Valid;
import lombok.RequiredArgsConstructor;
import org.springframework.http.HttpStatus;
import org.springframework.http.ResponseEntity;
import org.springframework.security.access.prepost.PreAuthorize;
import org.springframework.web.bind.annotation.*;

import java.time.LocalDateTime;
//@CrossOrigin
@RestController
@RequestMapping(""/auth"")
@RequiredArgsConstructor
@Tag(name = ""Authentication"", description = ""Authentication"")
public class AuthenticationController {
    private final AuthenticationService authenticateService;
    @Operation(summary = ""Validate token"")
    @PreAuthorize(""permitAll"")
    @GetMapping(""/validate-token"")
    public ResponseEntity<Boolean> validateToken(@RequestParam String token) {
        boolean isValid = authenticateService.validateToken(token);
        return ResponseEntity.ok(isValid);
    }
    @Operation(summary = ""Login"")
    @ApiResponse(responseCode = ""200"", description = ""Login successfully"",  content = {@Content(mediaType = ""application/json"")})
    @PreAuthorize(""permitAll"")
    @PostMapping(""/login"")
    public ResponseEntity<AuthenticateResponse> login(@Valid @RequestBody AuthenticateRequest request) {
        AuthenticateResponse response = authenticateService.login(request);
        return ResponseEntity.ok(response);

    }


    @GetMapping(""/profile"")
    @PreAuthorize(""hasAuthority('READ_MY_PROFILE')"")
    public ResponseEntity<UserDto> profile() {",,,,,,,
ITEM_293,JD_JAVA_05,Backend Developer (Java/Spring Boot),Fresher,EdTech & Learning Management Systems (LMS),"Java Core, Spring Boot, Spring Security, Spring Data JPA, MySQL",mdtalalwasim/blog-application-spring-boot-rest-api,blog-application-springboot-rest-apis/src/main/java/com/mdtalalwasim/blog/app/BlogApplicationSpringbootRestApisApplication.java,1,50,"package com.mdtalalwasim.blog.app;

import java.util.List;

import org.modelmapper.ModelMapper;
import org.springframework.beans.factory.annotation.Autowired;
import org.springframework.boot.CommandLineRunner;
import org.springframework.boot.SpringApplication;
import org.springframework.boot.autoconfigure.SpringBootApplication;
import org.springframework.context.annotation.Bean;
import org.springframework.security.crypto.password.PasswordEncoder;

import com.mdtalalwasim.blog.app.config.ApplicationConstants;
import com.mdtalalwasim.blog.app.entity.Role;
import com.mdtalalwasim.blog.app.repository.RoleRepository;

@SpringBootApplication
public class BlogApplicationSpringbootRestApisApplication implements CommandLineRunner {

	@Autowired
	private PasswordEncoder passwordEncoder;
	
	//in this project role will not create automatically till now, now we will create role table automatically when this project runs.
	
	@Autowired 
	private RoleRepository roleRepository;
	
	
	//this will add
	public BlogApplicationSpringbootRestApisApplication(PasswordEncoder passwordEncoder) {
        this.passwordEncoder = passwordEncoder;
    }
	
	public static void main(String[] args) {
		SpringApplication.run(BlogApplicationSpringbootRestApisApplication.class, args);
		System.out.println(""Hello"");
	}	
	
	@Bean
	public ModelMapper modelMapper() {
		return new ModelMapper();
	}

	
	//CommandLineRunner method
	@Override
	public void run(String... args) throws Exception {
		System.out.println(this.passwordEncoder.encode(""123456""));
		System.out.println(this.passwordEncoder.encode(""selim""));
		",,,,,,,
ITEM_294,JD_REACT_02,ReactJS / TypeScript Intern,Intern/Fresher,Digital Media & Streaming SPA,"HTML5/CSS3, JavaScript (ES6+), TypeScript, ReactJS",ZahraMirzaei/online-shop,components/brands/index.tsx,1,50,"import React from ""react"";
import BrandBox from ""./BrandBox"";
import { brandContent } from ""../../mock/brand"";
import Slider from ""react-slick"";
import SectionTitle from ""../UI/SectionTitle"";
const Brands = () => {
  const settings = {
    infinite: true,
    speed: 6000,
    slidesToShow: 8,
    slidesToScroll: 4,
    autoplay: true,
    autoplaySpeed: 8000,
    cssEase: ""linear"",
    swipeToSlide: true,
    responsive: [
      {
        breakpoint: 1024,
        settings: {
          slidesToShow: 6,
          slidesToScroll: 3,
        },
      },
      {
        breakpoint: 768,
        settings: {
          slidesToShow: 4,
          slidesToScroll: 4,
        },
      },
      {
        breakpoint: 640,
        settings: {
          slidesToShow: 3,
          slidesToScroll: 3,
        },
      },
    ],
  };
  return (
    <div className=""p-1 my-4 md:my-8 text-center"">
      <SectionTitle title={""popularBrands""} />
      <Slider {...settings}>
        {brandContent.map((brandItem) => {
          return (
            <BrandBox
              key={brandItem.id}
              brandName={brandItem.name}
              imageSrc={brandItem.imgSrc}
            />",,,,,,,
ITEM_295,JD_JAVA_01,Backend Developer (Java / Spring Boot),Fresher,E-Commerce Platform,"Java, Spring Boot, Spring Security & JWT, Spring Data JPA / Hibernate, MySQL, Git",Snailclimb/spring-security-jwt-guide,src/main/java/github/javaguide/springsecurityjwtguide/security/service/AuthService.java,1,50,"package github.javaguide.springsecurityjwtguide.security.service;

import github.javaguide.springsecurityjwtguide.security.common.utils.CurrentUserUtil;
import github.javaguide.springsecurityjwtguide.security.common.utils.JwtTokenUtil;
import github.javaguide.springsecurityjwtguide.security.dto.LoginRequest;
import github.javaguide.springsecurityjwtguide.security.entity.JwtUser;
import github.javaguide.springsecurityjwtguide.system.entity.User;
import github.javaguide.springsecurityjwtguide.system.exception.UserNameNotFoundException;
import github.javaguide.springsecurityjwtguide.system.service.UserService;
import lombok.RequiredArgsConstructor;
import lombok.extern.slf4j.Slf4j;
import org.springframework.beans.factory.annotation.Autowired;
import org.springframework.data.redis.core.StringRedisTemplate;
import org.springframework.security.authentication.BadCredentialsException;
import org.springframework.security.core.Authentication;
import org.springframework.security.core.GrantedAuthority;
import org.springframework.security.core.context.SecurityContextHolder;
import org.springframework.stereotype.Service;

import java.util.List;
import java.util.stream.Collectors;

/**
 * @author shuang.kou
 **/
@Service
@RequiredArgsConstructor(onConstructor = @__(@Autowired))
@Slf4j
public class AuthService {
    private final UserService userService;
    private final StringRedisTemplate stringRedisTemplate;
    private final CurrentUserUtil currentUserUtil;

    public String createToken(LoginRequest loginRequest) {
        User user = userService.find(loginRequest.getUsername());
        if (!userService.check(loginRequest.getPassword(), user.getPassword())) {
            throw new BadCredentialsException(""The user name or password is not correct."");
        }
        JwtUser jwtUser = new JwtUser(user);
        if (!jwtUser.isEnabled()) {
            throw new BadCredentialsException(""User is forbidden to login"");
        }
        List<String> authorities = jwtUser.getAuthorities()
                .stream()
                .map(GrantedAuthority::getAuthority)
                .collect(Collectors.toList());
        String token = JwtTokenUtil.createToken(user.getUserName(), user.getId().toString(), authorities, loginRequest.getRememberMe());
        stringRedisTemplate.opsForValue().set(user.getId().toString(), token);
        return token;
    }",,,,,,,
ITEM_296,JD_JAVA_03,Java Backend Fresher,Fresher,Fintech & Payment Gateway,"Java, Spring Boot, Spring Data JPA, PostgreSQL, Redis",mewebstudio/java-spring-boot-boilerplate,src/main/java/com/mewebstudio/javaspringbootboilerplate/controller/AccountController.java,108,145,"@GetMapping(""/resend-email-verification"")
    @Operation(
        summary = ""Resend e-mail verification endpoint"",
        security = @SecurityRequirement(name = SECURITY_SCHEME_NAME),
        responses = {
            @ApiResponse(
                responseCode = ""200"",
                description = ""Successful operation"",
                content = @Content(
                    mediaType = ""application/json"",
                    schema = @Schema(implementation = SuccessResponse.class)
                )
            ),
            @ApiResponse(
                responseCode = ""400"",
                description = ""Bad request"",
                content = @Content(
                    mediaType = MediaType.APPLICATION_JSON_VALUE,
                    schema = @Schema(implementation = ErrorResponse.class)
                )
            ),
            @ApiResponse(
                responseCode = ""401"",
                description = ""Bad credentials"",
                content = @Content(
                    mediaType = MediaType.APPLICATION_JSON_VALUE,
                    schema = @Schema(implementation = ErrorResponse.class)
                )
            )
        }
    )
    public ResponseEntity<SuccessResponse> resendEmailVerificationMail() {
        userService.resendEmailVerificationMail();

        return ResponseEntity.ok(SuccessResponse.builder()
            .message(messageSourceService.get(""verification_email_sent""))
            .build());
    }",,,,,,,
ITEM_297,JD_JAVA_10,Fresher Backend Developer,Fresher,Hospitality & Online Travel Agency (OTA),"Java 17, Spring Boot, Spring Security, Spring Data JPA, MySQL / PostgreSQL, Redis",Snailclimb/spring-security-jwt-guide,src/main/java/github/javaguide/springsecurityjwtguide/security/service/AuthService.java,1,50,"package github.javaguide.springsecurityjwtguide.security.service;

import github.javaguide.springsecurityjwtguide.security.common.utils.CurrentUserUtil;
import github.javaguide.springsecurityjwtguide.security.common.utils.JwtTokenUtil;
import github.javaguide.springsecurityjwtguide.security.dto.LoginRequest;
import github.javaguide.springsecurityjwtguide.security.entity.JwtUser;
import github.javaguide.springsecurityjwtguide.system.entity.User;
import github.javaguide.springsecurityjwtguide.system.exception.UserNameNotFoundException;
import github.javaguide.springsecurityjwtguide.system.service.UserService;
import lombok.RequiredArgsConstructor;
import lombok.extern.slf4j.Slf4j;
import org.springframework.beans.factory.annotation.Autowired;
import org.springframework.data.redis.core.StringRedisTemplate;
import org.springframework.security.authentication.BadCredentialsException;
import org.springframework.security.core.Authentication;
import org.springframework.security.core.GrantedAuthority;
import org.springframework.security.core.context.SecurityContextHolder;
import org.springframework.stereotype.Service;

import java.util.List;
import java.util.stream.Collectors;

/**
 * @author shuang.kou
 **/
@Service
@RequiredArgsConstructor(onConstructor = @__(@Autowired))
@Slf4j
public class AuthService {
    private final UserService userService;
    private final StringRedisTemplate stringRedisTemplate;
    private final CurrentUserUtil currentUserUtil;

    public String createToken(LoginRequest loginRequest) {
        User user = userService.find(loginRequest.getUsername());
        if (!userService.check(loginRequest.getPassword(), user.getPassword())) {
            throw new BadCredentialsException(""The user name or password is not correct."");
        }
        JwtUser jwtUser = new JwtUser(user);
        if (!jwtUser.isEnabled()) {
            throw new BadCredentialsException(""User is forbidden to login"");
        }
        List<String> authorities = jwtUser.getAuthorities()
                .stream()
                .map(GrantedAuthority::getAuthority)
                .collect(Collectors.toList());
        String token = JwtTokenUtil.createToken(user.getUserName(), user.getId().toString(), authorities, loginRequest.getRememberMe());
        stringRedisTemplate.opsForValue().set(user.getId().toString(), token);
        return token;
    }",,,,,,,
ITEM_298,JD_JAVA_02,Junior Java Developer,Intern/Fresher,Enterprise Web & HRM Systems,"Java, Spring Boot, Spring Data JPA, PostgreSQL, JUnit",Angel-Raa/spring-security-jwt-authentication-and-authorization,src/main/java/com/github/angel/raa/modules/persistence/repository/CategoryRepository.java,1,6,"package com.github.angel.raa.modules.persistence.repository;

import com.github.angel.raa.modules.persistence.models.Category;
import org.springframework.data.jpa.repository.JpaRepository;

public interface CategoryRepository extends JpaRepository<Category, Long> { }",,,,,,,
ITEM_299,JD_JAVA_13,Java Backend Fresher,Fresher,FoodTech & Delivery Platform,"Java, Spring Boot, Spring Security & JWT, MySQL & Spring Data JPA, RabbitMQ / Kafka",f-lab-edu/fast-shoppers,src/main/java/com/fastshoppers/entity/BaseEntity.java,1,48,"package com.fastshoppers.entity;

import java.time.LocalDateTime;

import org.springframework.data.annotation.CreatedDate;
import org.springframework.data.annotation.LastModifiedDate;
import org.springframework.data.jpa.domain.support.AuditingEntityListener;

import com.fastshoppers.util.BooleanToCharConverter;

import jakarta.persistence.Column;
import jakarta.persistence.Convert;
import jakarta.persistence.EntityListeners;
import jakarta.persistence.GeneratedValue;
import jakarta.persistence.GenerationType;
import jakarta.persistence.Id;
import jakarta.persistence.MappedSuperclass;
import lombok.AllArgsConstructor;
import lombok.Getter;
import lombok.NoArgsConstructor;
import lombok.Setter;
import lombok.ToString;

@Getter
@Setter
@NoArgsConstructor
@AllArgsConstructor
@ToString
@EntityListeners(AuditingEntityListener.class)
@MappedSuperclass
public class BaseEntity {

	@Id
	@GeneratedValue(strategy = GenerationType.IDENTITY)
	private int id;

	@CreatedDate
	@Column(name = ""created_at"", nullable = false)
	private LocalDateTime createdAt;

	@LastModifiedDate
	@Column(name = ""updated_at"", nullable = false)
	private LocalDateTime updatedAt;

	@Column(name = ""delete_yn"", nullable = false, length = 1, columnDefinition = ""char(1)"")
	@Convert(converter = BooleanToCharConverter.class)
	private boolean deleteYn;
}",,,,,,,
ITEM_300,JD_REACT_07,Frontend Developer Intern/Fresher,Intern/Fresher,Real-Time Collaboration & Messaging,"ReactJS, TypeScript, WebSocket / Socket.io-client, Zustand / Redux Toolkit / React Context API, Tailwind CSS / SCSS",hoangtien2k3/ecommerce-microservices,auth-service/src/main/java/com/ecommerce/authservice/controller/AuthController.java,56,71,"@GetMapping(""/login"")
    public ResponseEntity<Void> ssoLogin(
            @RequestParam(value = ""redirect_uri"", required = false) String redirectUri) {
        String frontendRedirect = resolveFrontendRedirect(redirectUri);
        String state = ssoSessionStore.createLoginState(frontendRedirect);
        String authorizeUrl = UriComponentsBuilder.fromUriString(keycloakProperties.authorizationEndpoint())
                .queryParam(""client_id"", keycloakProperties.getClientId())
                .queryParam(""response_type"", ""code"")
                .queryParam(""scope"", ssoProperties.getScope())
                .queryParam(""redirect_uri"", ssoProperties.getBackendCallbackUrl())
                .queryParam(""state"", state)
                .build()
                .encode()
                .toUriString();
        return ResponseEntity.status(HttpStatus.FOUND).location(URI.create(authorizeUrl)).build();
    }",,,,,,,
ITEM_301,JD_JAVA_06,Fresher Java Backend Engineer,Fresher,Digital Healthcare & Telemedicine,"Java 11/17, Spring Boot, Spring Data JPA, PostgreSQL/MySQL",mdtalalwasim/blog-application-spring-boot-rest-api,blog-application-springboot-rest-apis/src/main/java/com/mdtalalwasim/blog/app/config/SwaggerConfig.java,14,25,"@Bean
	public OpenAPI openAPI() {
		  
		 
		return new OpenAPI()
				.info(new Info().title(""Blog Application Beckend API"")
						.description(""This is blog application project api and Developed by Md. Talal Wasim"")
						.version(""1.0"")
						.contact(new Contact().name(""Md. Talal Wasim"").email(""md.talalwasim@gmail.com"").url(""https://mdtalalwasim.github.io/""))
						.license(new License().name(""Licence""))
						).externalDocs(new ExternalDocumentation().url(""https://mdtalalwasim.github.io/"").description(""This is external url""));
	}",,,,,,,
ITEM_302,JD_REACT_07,Frontend Developer Intern/Fresher,Intern/Fresher,Real-Time Collaboration & Messaging,"ReactJS, TypeScript, WebSocket / Socket.io-client, Zustand / Redux Toolkit / React Context API, Tailwind CSS / SCSS",DevlinRocha/banter,src/components/Members.tsx,1,50,"import { useEffect, useRef, useState, Fragment } from ""react"";
import { query, collection, onSnapshot } from ""firebase/firestore"";
import { db } from ""../../firebase"";
import tw from ""tailwind-styled-components/dist/tailwind"";
import {
  useServersState,
  setMembers,
  setMemberProfileCardOpen,
  setMemberProfileCardPosition,
  setMemberRoles,
  MemberRole,
  MemberInfo,
  RoleData,
  MemberData,
  setMemberPreview,
  RoleListData,
} from ""../features/servers"";
import { useAppDispatch } from ""../redux/hooks"";
import Image from ""next/image"";

export default function Members() {
  const { server, members, memberRoles, memberProfileCardOpen } =
    useServersState();
  const memberRef = useRef<HTMLLIElement[]>([]);
  const [assignedRoles, setAssignedRoles] = useState<RoleListData[]>([]);
  const [unassignedRoles, setUnassignedRoles] = useState<MemberData[]>([]);
  const dispatch = useAppDispatch();

  useEffect(() => {
    if (!server.serverID) return;

    const q = query(collection(db, ""servers"", server.serverID, ""members""));

    const unsubscribe = onSnapshot(q, (querySnapshot) => {
      const memberRolesList: MemberRole[] = [];

      querySnapshot.forEach((doc) => {
        const docData = doc.data();

        const memberRoles: MemberRole = {
          userID: doc.id,

          serverOwner: docData.serverOwner,

          roles: docData.roles,

          // permissions: docData.permissions,
        };

        memberRolesList.push(memberRoles);",,,,,,,
ITEM_303,JD_REACT_01,Frontend Developer Fresher (ReactJS / TypeScript),Fresher,E-Commerce Storefront & Order Management,"ReactJS, TypeScript, Redux Toolkit, Tailwind CSS, Git",devdcores/BookStoreApp-Distributed-Application,bookstore-account-service/src/main/java/com/devd/spring/bookstoreaccountservice/config/AuthForwardInterceptor.java,23,28,"@Override
  public void apply(RequestTemplate template) {
    HttpServletRequest request = ((ServletRequestAttributes) Objects
        .requireNonNull(RequestContextHolder.getRequestAttributes())).getRequest();
    template.header(HttpHeaders.AUTHORIZATION, request.getHeader(HttpHeaders.AUTHORIZATION));
  }",,,,,,,
ITEM_304,JD_JAVA_03,Java Backend Fresher,Fresher,Fintech & Payment Gateway,"Java, Spring Boot, Spring Data JPA, PostgreSQL, Redis",mewebstudio/java-spring-boot-boilerplate,src/main/java/com/mewebstudio/javaspringbootboilerplate/controller/AccountController.java,66,106,"@PostMapping(""/password"")
    @Operation(
        summary = ""Password update endpoint"",
        security = @SecurityRequirement(name = SECURITY_SCHEME_NAME),
        responses = {
            @ApiResponse(
                responseCode = ""200"",
                description = ""Successful operation"",
                content = @Content(
                    mediaType = ""application/json"",
                    schema = @Schema(implementation = SuccessResponse.class)
                )
            ),
            @ApiResponse(
                responseCode = ""401"",
                description = ""Bad credentials"",
                content = @Content(
                    mediaType = MediaType.APPLICATION_JSON_VALUE,
                    schema = @Schema(implementation = ErrorResponse.class)
                )
            ),
            @ApiResponse(
                responseCode = ""422"",
                description = ""Validation failed"",
                content = @Content(
                    mediaType = MediaType.APPLICATION_JSON_VALUE,
                    schema = @Schema(implementation = DetailedErrorResponse.class)
                )
            )
        }
    )
    public ResponseEntity<SuccessResponse> password(
        @Parameter(description = ""Request body to update password"", required = true)
        @RequestBody @Valid UpdatePasswordRequest request
    ) throws BindException {
        userService.updatePassword(request);

        return ResponseEntity.ok(SuccessResponse.builder()
            .message(messageSourceService.get(""your_password_updated""))
            .build());
    }",,,,,,,
ITEM_305,JD_JAVA_10,Fresher Backend Developer,Fresher,Hospitality & Online Travel Agency (OTA),"Java 17, Spring Boot, Spring Security, Spring Data JPA, MySQL / PostgreSQL, Redis",mdtalalwasim/blog-application-spring-boot-rest-api,blog-application-springboot-rest-apis/src/main/java/com/mdtalalwasim/blog/app/controller/UserRestController.java,1,50,"package com.mdtalalwasim.blog.app.controller;

import java.util.List;
import java.util.Map;

import org.springframework.beans.factory.annotation.Autowired;
import org.springframework.http.HttpStatus;
import org.springframework.http.ResponseEntity;
import org.springframework.security.access.prepost.PreAuthorize;
import org.springframework.web.bind.annotation.DeleteMapping;
import org.springframework.web.bind.annotation.GetMapping;
import org.springframework.web.bind.annotation.PathVariable;
import org.springframework.web.bind.annotation.PostMapping;
import org.springframework.web.bind.annotation.PutMapping;
import org.springframework.web.bind.annotation.RequestBody;
import org.springframework.web.bind.annotation.RequestMapping;
import org.springframework.web.bind.annotation.RestController;

import com.mdtalalwasim.blog.app.payloads.ApiResponse;
import com.mdtalalwasim.blog.app.payloads.UserDto;
import com.mdtalalwasim.blog.app.services.UserService;

import jakarta.validation.Valid;

@RestController
@RequestMapping(""/api/users"")
public class UserRestController {
	
	@Autowired
	private UserService userService;
	
	
	//create user
	@PostMapping(""/"")
	public ResponseEntity<UserDto> createUser(@Valid @RequestBody UserDto userDto){
		UserDto createdUserDto = this.userService.createUser(userDto);
		return new ResponseEntity<>(createdUserDto,HttpStatus.CREATED);
		
	}
	
	//update user
	@PutMapping(""/{userId}"")
	public ResponseEntity<UserDto> updateUser(@Valid @RequestBody UserDto userDto, @PathVariable Integer userId){
		UserDto updatedUser = this.userService.updateUser(userDto, userId);
		//return new ResponseEntity<UserDto>(updatedUser,HttpStatus.OK);//or
		return  ResponseEntity.ok(updatedUser);
	}
	
	//to make access for only ADMIN ROLE.  
	//Admin can delete only",,,,,,,
ITEM_306,JD_REACT_07,Frontend Developer Intern/Fresher,Intern/Fresher,Real-Time Collaboration & Messaging,"ReactJS, TypeScript, WebSocket / Socket.io-client, Zustand / Redux Toolkit / React Context API, Tailwind CSS / SCSS",mdtalalwasim/blog-application-spring-boot-rest-api,blog-application-springboot-rest-apis/src/main/java/com/mdtalalwasim/blog/app/config/SwaggerConfig.java,1,27," package com.mdtalalwasim.blog.app.config;

import org.springframework.context.annotation.Bean;
import org.springframework.context.annotation.Configuration;

import io.swagger.v3.oas.models.ExternalDocumentation;
import io.swagger.v3.oas.models.OpenAPI;
import io.swagger.v3.oas.models.info.Contact;
import io.swagger.v3.oas.models.info.Info;
import io.swagger.v3.oas.models.info.License;
@Configuration
public class SwaggerConfig {
	
	@Bean
	public OpenAPI openAPI() {
		  
		 
		return new OpenAPI()
				.info(new Info().title(""Blog Application Beckend API"")
						.description(""This is blog application project api and Developed by Md. Talal Wasim"")
						.version(""1.0"")
						.contact(new Contact().name(""Md. Talal Wasim"").email(""md.talalwasim@gmail.com"").url(""https://mdtalalwasim.github.io/""))
						.license(new License().name(""Licence""))
						).externalDocs(new ExternalDocumentation().url(""https://mdtalalwasim.github.io/"").description(""This is external url""));
	}

}",,,,,,,
ITEM_307,JD_JAVA_08,Junior Java Software Engineer,Junior,Logistics & Fleet Management,"Java 17, Spring Boot, Spring Data JPA, MySQL/PostgreSQL, MapStruct, Bean Validation",Rapter1990/parkinglot,src/main/java/com/project/parkinglot/config/OpenApiConfig.java,1,35,"package com.project.parkinglot.config;

import io.swagger.v3.oas.annotations.OpenAPIDefinition;
import io.swagger.v3.oas.annotations.enums.SecuritySchemeIn;
import io.swagger.v3.oas.annotations.enums.SecuritySchemeType;
import io.swagger.v3.oas.annotations.info.Contact;
import io.swagger.v3.oas.annotations.info.Info;
import io.swagger.v3.oas.annotations.security.SecurityScheme;

/**
 * Configuration class named {@link OpenApiConfig} for OpenAPI documentation.
 */
@OpenAPIDefinition(
        info = @Info(
                contact = @Contact(
                        name = ""Sercan Noyan Germiyanoğlu | Mehmet Şeymus Yüzen | Harun Yusuf Ekşioğlu | Muhammet Oğuzhan Aydoğan"",
                        url = ""https://github.com/Rapter1990/parkinglot/""
                ),
                description = ""Case Study - Parking Lot "" +
                        ""(Spring Boot, Spring Security , Mysql, JUnit, Integration Test, Docker, Test Container, AOP, Prometheus, Grafana) "",
                title = ""Parking Lot App API"",
                version = ""1.0.0""
        )
)
@SecurityScheme(
        name = ""bearerAuth"",
        description = ""JWT Token"",
        scheme = ""bearer"",
        type = SecuritySchemeType.HTTP,
        bearerFormat = ""JWT"",
        in = SecuritySchemeIn.HEADER
)
public class OpenApiConfig {

}",,,,,,,
ITEM_308,JD_REACT_06,Junior ReactJS Developer,Junior,Productivity & Collaborative Kanban System,"ReactJS, TypeScript, Redux Toolkit / Zustand, React Hook Form & Zod/Yup, Tailwind CSS / CSS-in-JS",JordanKnott/taskcafe,frontend/src/shared/components/Admin/index.tsx,1,50,"import React, { useState, useRef } from 'react';
import styled, { css } from 'styled-components';
import TaskAssignee from 'shared/components/TaskAssignee';
import Select from 'shared/components/Select';
import { User, UserPlus, Checkmark } from 'shared/icons';
import { usePopup, Popup } from 'shared/components/PopupMenu';
import { RoleCode, useUpdateUserRoleMutation } from 'shared/generated/graphql';
import Input from 'shared/components/Input';
import Button from 'shared/components/Button';
import NOOP from 'shared/utils/noop';
import { mixin } from 'shared/utils/styles';

const UserSelect = styled(Select)`
  margin: 8px 0;
  padding: 8px 0;
`;

const NewUserPassInput = styled(Input)`
  margin: 8px 0;
`;

const InviteMemberButton = styled(Button)`
  padding: 7px 12px;
`;

const UserPassBar = styled.div`
  display: flex;
  padding-top: 8px;
`;

const UserPassConfirmButton = styled(Button)`
  width: 100%;
  padding: 7px 12px;
`;

const UserPassButton = styled(Button)`
  width: 50%;
  padding: 7px 12px;
  & ~ & {
    margin-left: 6px;
  }
`;

const MemberItemOptions = styled.div``;

const MemberItemOption = styled(Button)`
  padding: 7px 9px;
  margin: 4px 0 4px 8px;
  float: left;
  min-width: 95px;",,,,,,,
ITEM_309,JD_REACT_05,Next.js & TypeScript Frontend Developer,Fresher / Junior,High-Performance Web & Digital Commerce,"ReactJS, TypeScript, Next.js, Tailwind CSS, RESTful API / GraphQL",RishiBakshii/mern-chat-app,next-js-frontend/src/app/auth/forgot-password/page.tsx,40,54,"const page = () => {
  return (
    <div className=""flex flex-col gap-y-6"">
      <div className=""flex flex-col gap-y-3"">
        <h3 className=""text-4xl text-fluid-h3 font-bold"">Let us help you</h3>
        <p className=""text-lg text-fluid-p"">
          You&apos;ll receive a password reset link if your email is registered
          with us
        </p>
      </div>
      <ForgotPasswordForm />
      <AuthRedirectLink pageName=""Login"" text=""Go back?"" to=""auth/login"" />
    </div>
  );
};",,,,,,,
ITEM_310,JD_REACT_01,Frontend Developer Fresher (ReactJS / TypeScript),Fresher,E-Commerce Storefront & Order Management,"ReactJS, TypeScript, Redux Toolkit, Tailwind CSS, Git",Blazity/next-enterprise,components/Button/Button.test.tsx,1,32,"import { render, screen } from ""@testing-library/react""
import { describe, expect, it } from ""vitest""
import { Button } from ""./Button""

describe(""Button"", () => {
  it(""renders with children"", () => {
    render(<Button href=""/test"">Click me</Button>)
    expect(screen.getByText(""Click me"")).toBeInTheDocument()
  })

  it(""applies correct intent classes"", () => {
    const { container } = render(
      <Button href=""/test"" intent=""secondary"">
        Secondary
      </Button>
    )
    const link = container.querySelector(""a"")
    expect(link).toHaveClass(""bg-transparent"")
    expect(link).toHaveClass(""text-blue-400"")
  })

  it(""applies correct size classes"", () => {
    const { container } = render(
      <Button href=""/test"" size=""sm"">
        Small
      </Button>
    )
    const link = container.querySelector(""a"")
    expect(link).toHaveClass(""text-sm"")
    expect(link).toHaveClass(""min-w-20"")
  })
})",,,,,,,
ITEM_311,JD_JAVA_03,Java Backend Fresher,Fresher,Fintech & Payment Gateway,"Java, Spring Boot, Spring Data JPA, PostgreSQL, Redis",mewebstudio/java-spring-boot-boilerplate,src/main/java/com/mewebstudio/javaspringbootboilerplate/controller/AccountController.java,1,50,"package com.mewebstudio.javaspringbootboilerplate.controller;

import com.mewebstudio.javaspringbootboilerplate.dto.request.user.UpdatePasswordRequest;
import com.mewebstudio.javaspringbootboilerplate.dto.response.DetailedErrorResponse;
import com.mewebstudio.javaspringbootboilerplate.dto.response.ErrorResponse;
import com.mewebstudio.javaspringbootboilerplate.dto.response.SuccessResponse;
import com.mewebstudio.javaspringbootboilerplate.dto.response.user.UserResponse;
import com.mewebstudio.javaspringbootboilerplate.service.MessageSourceService;
import com.mewebstudio.javaspringbootboilerplate.service.UserService;
import io.swagger.v3.oas.annotations.Operation;
import io.swagger.v3.oas.annotations.Parameter;
import io.swagger.v3.oas.annotations.media.Content;
import io.swagger.v3.oas.annotations.media.Schema;
import io.swagger.v3.oas.annotations.responses.ApiResponse;
import io.swagger.v3.oas.annotations.security.SecurityRequirement;
import io.swagger.v3.oas.annotations.tags.Tag;
import jakarta.validation.Valid;
import lombok.RequiredArgsConstructor;
import org.springframework.http.MediaType;
import org.springframework.http.ResponseEntity;
import org.springframework.validation.BindException;
import org.springframework.web.bind.annotation.GetMapping;
import org.springframework.web.bind.annotation.PostMapping;
import org.springframework.web.bind.annotation.RequestBody;
import org.springframework.web.bind.annotation.RequestMapping;
import org.springframework.web.bind.annotation.RestController;

import static com.mewebstudio.javaspringbootboilerplate.util.Constants.SECURITY_SCHEME_NAME;

@RestController
@RequiredArgsConstructor
@RequestMapping(""/account"")
@Tag(name = ""002. Account"", description = ""Account API"")
public class AccountController extends AbstractBaseController {
    private final UserService userService;

    private final MessageSourceService messageSourceService;

    @GetMapping(""/me"")
    @Operation(
        summary = ""Me endpoint"",
        security = @SecurityRequirement(name = SECURITY_SCHEME_NAME),
        responses = {
            @ApiResponse(
                responseCode = ""200"",
                description = ""Successful operation"",
                content = @Content(
                    mediaType = ""application/json"",
                    schema = @Schema(implementation = UserResponse.class)
                )",,,,,,,
ITEM_312,JD_REACT_09,Frontend Web Developer,Intern / Fresher,Service Discovery & Booking Platform,"ReactJS, TypeScript, React Router, Axios",devdcores/BookStoreApp-Distributed-Application,bookstore-account-service/src/main/java/com/devd/spring/bookstoreaccountservice/config/AuthForwardInterceptor.java,23,28,"@Override
  public void apply(RequestTemplate template) {
    HttpServletRequest request = ((ServletRequestAttributes) Objects
        .requireNonNull(RequestContextHolder.getRequestAttributes())).getRequest();
    template.header(HttpHeaders.AUTHORIZATION, request.getHeader(HttpHeaders.AUTHORIZATION));
  }",,,,,,,
ITEM_313,JD_JAVA_12,Junior Java Developer,Junior,Enterprise Software & Financial Services,"Java 17, Spring Boot, JUnit 5 & Mockito, PostgreSQL/MySQL",mewebstudio/java-spring-boot-boilerplate,src/main/java/com/mewebstudio/javaspringbootboilerplate/controller/AccountController.java,1,50,"package com.mewebstudio.javaspringbootboilerplate.controller;

import com.mewebstudio.javaspringbootboilerplate.dto.request.user.UpdatePasswordRequest;
import com.mewebstudio.javaspringbootboilerplate.dto.response.DetailedErrorResponse;
import com.mewebstudio.javaspringbootboilerplate.dto.response.ErrorResponse;
import com.mewebstudio.javaspringbootboilerplate.dto.response.SuccessResponse;
import com.mewebstudio.javaspringbootboilerplate.dto.response.user.UserResponse;
import com.mewebstudio.javaspringbootboilerplate.service.MessageSourceService;
import com.mewebstudio.javaspringbootboilerplate.service.UserService;
import io.swagger.v3.oas.annotations.Operation;
import io.swagger.v3.oas.annotations.Parameter;
import io.swagger.v3.oas.annotations.media.Content;
import io.swagger.v3.oas.annotations.media.Schema;
import io.swagger.v3.oas.annotations.responses.ApiResponse;
import io.swagger.v3.oas.annotations.security.SecurityRequirement;
import io.swagger.v3.oas.annotations.tags.Tag;
import jakarta.validation.Valid;
import lombok.RequiredArgsConstructor;
import org.springframework.http.MediaType;
import org.springframework.http.ResponseEntity;
import org.springframework.validation.BindException;
import org.springframework.web.bind.annotation.GetMapping;
import org.springframework.web.bind.annotation.PostMapping;
import org.springframework.web.bind.annotation.RequestBody;
import org.springframework.web.bind.annotation.RequestMapping;
import org.springframework.web.bind.annotation.RestController;

import static com.mewebstudio.javaspringbootboilerplate.util.Constants.SECURITY_SCHEME_NAME;

@RestController
@RequiredArgsConstructor
@RequestMapping(""/account"")
@Tag(name = ""002. Account"", description = ""Account API"")
public class AccountController extends AbstractBaseController {
    private final UserService userService;

    private final MessageSourceService messageSourceService;

    @GetMapping(""/me"")
    @Operation(
        summary = ""Me endpoint"",
        security = @SecurityRequirement(name = SECURITY_SCHEME_NAME),
        responses = {
            @ApiResponse(
                responseCode = ""200"",
                description = ""Successful operation"",
                content = @Content(
                    mediaType = ""application/json"",
                    schema = @Schema(implementation = UserResponse.class)
                )",,,,,,,
ITEM_314,JD_JAVA_05,Backend Developer (Java/Spring Boot),Fresher,EdTech & Learning Management Systems (LMS),"Java Core, Spring Boot, Spring Security, Spring Data JPA, MySQL",f-lab-edu/fast-shoppers,src/main/java/com/fastshoppers/entity/Product.java,1,50,"package com.fastshoppers.entity;

import java.math.BigDecimal;

import org.springframework.data.jpa.domain.support.AuditingEntityListener;

import jakarta.persistence.AttributeOverride;
import jakarta.persistence.Column;
import jakarta.persistence.Entity;
import jakarta.persistence.EntityListeners;
import jakarta.persistence.FetchType;
import jakarta.persistence.JoinColumn;
import jakarta.persistence.ManyToOne;
import jakarta.persistence.Table;
import lombok.AllArgsConstructor;
import lombok.Getter;
import lombok.NoArgsConstructor;
import lombok.Setter;
import lombok.ToString;

@Entity
@AttributeOverride(name = ""id"", column = @Column(name = ""product_id"", nullable = false))
@Table(name = ""product"")
@Getter
@Setter
@NoArgsConstructor
@AllArgsConstructor
@EntityListeners(AuditingEntityListener.class)
@ToString
public class Product extends BaseEntity {

	@Column(name = ""product_uuid"", nullable = false, unique = true)
	private String productUuid;

	@ManyToOne(fetch = FetchType.LAZY)
	@JoinColumn(name = ""category_id"", nullable = false)
	private Category category;

	@Column(name = ""product_name"", length = 255, nullable = false)
	private String productName;

	@Column(name = ""product_subtitle"", length = 255)
	private String productSubtitle;

	@Column(name = ""list_price"", nullable = false)
	private BigDecimal listPrice;

	@Column(name = ""selling_price"", nullable = false)
	private BigDecimal sellingPrice;
",,,,,,,
ITEM_315,JD_REACT_06,Junior ReactJS Developer,Junior,Productivity & Collaborative Kanban System,"ReactJS, TypeScript, Redux Toolkit / Zustand, React Hook Form & Zod/Yup, Tailwind CSS / CSS-in-JS",robbins23/admin-dashboard-nextjs-typescript-daisyui-template,src/components/typography/error-text.tsx,1,14,"import React, { ReactNode } from 'react';

interface ErrorTextProps {
  styleClass?: string;
  children: ReactNode;
}

function ErrorText({ styleClass, children }: ErrorTextProps): JSX.Element {
  return (
    <p className={`text-center text-error ${styleClass || ''}`}>{children}</p>
  );
}

export default ErrorText;",,,,,,,
ITEM_316,JD_JAVA_02,Junior Java Developer,Intern/Fresher,Enterprise Web & HRM Systems,"Java, Spring Boot, Spring Data JPA, PostgreSQL, JUnit",mdtalalwasim/blog-application-spring-boot-rest-api,blog-application-springboot-rest-apis/src/main/java/com/mdtalalwasim/blog/app/BlogApplicationSpringbootRestApisApplication.java,46,76,"@Override
	public void run(String... args) throws Exception {
		System.out.println(this.passwordEncoder.encode(""123456""));
		System.out.println(this.passwordEncoder.encode(""selim""));
		
		
		try {
			
			//create 2 Role, When Application run 1st time. if role is created before then it will not created again.
			Role role = new Role();
			role.setId(ApplicationConstants.ADMIN_USER_ID_HARDCODED_ID_VALUE);//role.setId(7001);
			role.setName(""ADMIN_USER"");
			
			Role role2 = new Role();
			role2.setId(ApplicationConstants.NORMAL_USER_ID_HARDCODED_ID_VALUE);//role.setId(7001);
			role2.setName(""NORMAL_USER"");
			
			List<Role> roles = List.of(role,role2);
			
			List<Role> rolesResult	 = this.roleRepository.saveAll(roles);
			
			//only systout for personal check.
			rolesResult.forEach(r->{
				System.out.println(r.getName());  
			});
			
			
		} catch (Exception e) {
			
		}
	}",,,,,,,
ITEM_317,JD_REACT_05,Next.js & TypeScript Frontend Developer,Fresher / Junior,High-Performance Web & Digital Commerce,"ReactJS, TypeScript, Next.js, Tailwind CSS, RESTful API / GraphQL",vercel/commerce,components/welcome-toast.tsx,6,36,"export function WelcomeToast() {
  useEffect(() => {
    // ignore if screen height is too small
    if (window.innerHeight < 650) return;
    if (!document.cookie.includes(""welcome-toast=2"")) {
      toast(""🛍️ Welcome to Next.js Commerce!"", {
        id: ""welcome-toast"",
        duration: Infinity,
        onDismiss: () => {
          document.cookie = ""welcome-toast=2; max-age=31536000; path=/"";
        },
        description: (
          <>
            This is a high-performance, SSR storefront powered by Shopify,
            Next.js, and Vercel.{"" ""}
            <a
              href=""https://vercel.com/templates/next.js/nextjs-commerce""
              className=""text-blue-600 hover:underline""
              target=""_blank""
            >
              Deploy your own
            </a>
            .
          </>
        ),
      });
    }
  }, []);

  return null;
}",,,,,,,
ITEM_318,JD_JAVA_02,Junior Java Developer,Intern/Fresher,Enterprise Web & HRM Systems,"Java, Spring Boot, Spring Data JPA, PostgreSQL, JUnit",Rapter1990/parkinglot,src/main/java/com/project/parkinglot/logging/repository/LogRepository.java,1,10,"package com.project.parkinglot.logging.repository;

import com.project.parkinglot.logging.entity.LogEntity;
import org.springframework.data.jpa.repository.JpaRepository;

/**
 * Repository interface named {@link LogRepository} for managing log entity persistence.
 */
public interface LogRepository extends JpaRepository<LogEntity, Long> {
}",,,,,,,
ITEM_319,JD_REACT_08,React TypeScript Fresher,Fresher,Personal Finance & Digital Banking Portal,"ReactJS, TypeScript, React Hook Form, Zod / Yup, Authentication & Axios Interceptors, Material UI / Ant Design / Shadcn UI / Tailwind CSS",robbins23/admin-dashboard-nextjs-typescript-daisyui-template,src/components/input/text-area.tsx,1,44,"import React, { useState } from 'react';

interface TextAreaProps {
  labelTitle: string;
  labelStyle?: string;
  containerStyle?: string;
  defaultValue?: string;
  placeholder?: string;
  updateFormValue: (updateType: string, value: string) => void;
  updateType: string;
}

function TextArea({
  labelTitle,
  labelStyle,
  containerStyle,
  defaultValue,
  placeholder,
  updateFormValue,
  updateType,
}: TextAreaProps): JSX.Element {
  const [value, setValue] = useState<string>(defaultValue || '');

  const updateTextAreaValue = (val: string): void => {
    setValue(val);
    updateFormValue(updateType, val);
  };

  return (
    <div className={`form-control w-full ${containerStyle}`}>
      <label className=""label"">
        <span className={'label-text text-xs text-base-content ' + (labelStyle || '')}>{labelTitle}</span>
      </label>
      <textarea
        value={value}
        placeholder={placeholder || ''}
        onChange={(e) => updateTextAreaValue(e.target.value)}
        className=""textarea textarea-bordered w-full""
      />
    </div>
  );
}

export default TextArea;",,,,,,,
ITEM_320,JD_JAVA_09,Java Backend Intern,Intern,Digital Library & Bookstore API,"Java Core, Spring Boot, Spring Data JPA, MySQL/PostgreSQL",devdcores/BookStoreApp-Distributed-Application,bookstore-account-service/src/main/java/com/devd/spring/bookstoreaccountservice/config/AuthForwardInterceptor.java,1,29,"package com.devd.spring.bookstoreaccountservice.config;

import feign.RequestInterceptor;
import feign.RequestTemplate;
import java.util.Objects;
import javax.servlet.http.HttpServletRequest;
import org.springframework.http.HttpHeaders;
import org.springframework.stereotype.Component;
import org.springframework.web.context.request.RequestContextHolder;
import org.springframework.web.context.request.ServletRequestAttributes;

/**
 * @author: Devaraj Reddy, Date : 2019-07-02
 */

/*
This is required for Feign clients to make request to services.
It takes the token from header and set the header in the feign request header.
 */
@Component
public class AuthForwardInterceptor implements RequestInterceptor {

  @Override
  public void apply(RequestTemplate template) {
    HttpServletRequest request = ((ServletRequestAttributes) Objects
        .requireNonNull(RequestContextHolder.getRequestAttributes())).getRequest();
    template.header(HttpHeaders.AUTHORIZATION, request.getHeader(HttpHeaders.AUTHORIZATION));
  }
}",,,,,,,
ITEM_321,JD_JAVA_11,Java Backend Developer,Fresher / Junior,Social Network & Technical Blogging Platform,"Java 17, Spring Boot 3, Spring Security 6, Spring Data JPA / Hibernate, PostgreSQL, Git",huseynovvusal/spring-blog-api,src/main/java/com/huseynovvusal/springblogapi/config/SecurityConfig.java,49,71,"@Bean
  public SecurityFilterChain securityFilterChain(HttpSecurity http) throws Exception {
    LOGGER.info(""Initializing SecurityFilterChain configuration"");

    return http.csrf(AbstractHttpConfigurer::disable)
        .authorizeHttpRequests(
            req ->
                req.requestMatchers(""/auth/**"")
                    .permitAll()
                    .requestMatchers(""/swagger-ui/**"", ""/api-docs/**"")
                    .permitAll()
                    .requestMatchers(""/admin/**"")
                    .hasRole(""ADMIN"")
                    .anyRequest()
                    .authenticated())
        .userDetailsService(userDetailsService)
        .sessionManagement(
            session -> session.sessionCreationPolicy(SessionCreationPolicy.STATELESS))
        .addFilterBefore(jwtAuthenticationFilter, UsernamePasswordAuthenticationFilter.class)
        .addFilterAfter(blockedUserFilter, JwtAuthenticationFilter.class)
        .addFilterAfter(databaseHealthFilter, BlockedUserFilter.class)
        .build();
  }",,,,,,,
ITEM_322,JD_JAVA_14,Backend Engineer (Java / Spring Boot),Intern/Fresher,HRTech & Recruitment Job Portal,"Java Core, Spring Boot, Spring Data JPA, Spring Security & JWT, PostgreSQL / MySQL",huseynovvusal/spring-blog-api,src/main/java/com/huseynovvusal/springblogapi/config/SecurityConfig.java,1,50,"package com.huseynovvusal.springblogapi.config;

import com.huseynovvusal.springblogapi.filter.BlockedUserFilter;
import com.huseynovvusal.springblogapi.filter.DatabaseHealthFilter;
import com.huseynovvusal.springblogapi.filter.JwtAuthenticationFilter;
import com.huseynovvusal.springblogapi.service.UserDetailsServiceImpl;
import lombok.RequiredArgsConstructor;
import org.slf4j.Logger;
import org.slf4j.LoggerFactory;
import org.springframework.boot.web.servlet.FilterRegistrationBean;
import org.springframework.context.annotation.Bean;
import org.springframework.context.annotation.Configuration;
import org.springframework.security.authentication.AuthenticationManager;
import org.springframework.security.config.annotation.authentication.configuration.AuthenticationConfiguration;
import org.springframework.security.config.annotation.web.builders.HttpSecurity;
import org.springframework.security.config.annotation.web.configuration.EnableWebSecurity;
import org.springframework.security.config.annotation.web.configurers.AbstractHttpConfigurer;
import org.springframework.security.config.http.SessionCreationPolicy;
import org.springframework.security.crypto.bcrypt.BCryptPasswordEncoder;
import org.springframework.security.crypto.password.PasswordEncoder;
import org.springframework.security.web.SecurityFilterChain;
import org.springframework.security.web.authentication.UsernamePasswordAuthenticationFilter;

/**
 * Security configuration class for setting up Spring Security. Configures JWT authentication,
 * stateless session management, and endpoint access rules.
 */
@Configuration
@EnableWebSecurity
@RequiredArgsConstructor
public class SecurityConfig {

  private static final Logger LOGGER = LoggerFactory.getLogger(SecurityConfig.class);

  private final UserDetailsServiceImpl userDetailsService;
  private final JwtAuthenticationFilter jwtAuthenticationFilter;
  private final BlockedUserFilter blockedUserFilter;
  private final DatabaseHealthFilter databaseHealthFilter;

  /**
   * Configures the security filter chain for HTTP requests. - Disables CSRF - Permits
   * unauthenticated access to /auth/** endpoints - Requires authentication for all other endpoints
   * - Adds JWT authentication filter before UsernamePasswordAuthenticationFilter
   *
   * @param http the HttpSecurity object to configure
   * @return the configured SecurityFilterChain
   * @throws Exception if configuration fails
   */
  @Bean
  public SecurityFilterChain securityFilterChain(HttpSecurity http) throws Exception {",,,,,,,
ITEM_323,JD_REACT_06,Junior ReactJS Developer,Junior,Productivity & Collaborative Kanban System,"ReactJS, TypeScript, Redux Toolkit / Zustand, React Hook Form & Zod/Yup, Tailwind CSS / CSS-in-JS",sylvaincodes/youtube_ecommerce,components/modules/custom/Container.tsx,1,11,"import React from ""react"";

export default function Container({
  children,
  className,
}: {
  children: React.ReactNode;
  className?: string;
}) {
  return <div className={`container h-full w-full ${className}`}>{children}</div>;
}",,,,,,,
ITEM_324,JD_JAVA_02,Junior Java Developer,Intern/Fresher,Enterprise Web & HRM Systems,"Java, Spring Boot, Spring Data JPA, PostgreSQL, JUnit",f-lab-edu/fast-shoppers,src/main/java/com/fastshoppers/entity/BaseEntity.java,1,48,"package com.fastshoppers.entity;

import java.time.LocalDateTime;

import org.springframework.data.annotation.CreatedDate;
import org.springframework.data.annotation.LastModifiedDate;
import org.springframework.data.jpa.domain.support.AuditingEntityListener;

import com.fastshoppers.util.BooleanToCharConverter;

import jakarta.persistence.Column;
import jakarta.persistence.Convert;
import jakarta.persistence.EntityListeners;
import jakarta.persistence.GeneratedValue;
import jakarta.persistence.GenerationType;
import jakarta.persistence.Id;
import jakarta.persistence.MappedSuperclass;
import lombok.AllArgsConstructor;
import lombok.Getter;
import lombok.NoArgsConstructor;
import lombok.Setter;
import lombok.ToString;

@Getter
@Setter
@NoArgsConstructor
@AllArgsConstructor
@ToString
@EntityListeners(AuditingEntityListener.class)
@MappedSuperclass
public class BaseEntity {

	@Id
	@GeneratedValue(strategy = GenerationType.IDENTITY)
	private int id;

	@CreatedDate
	@Column(name = ""created_at"", nullable = false)
	private LocalDateTime createdAt;

	@LastModifiedDate
	@Column(name = ""updated_at"", nullable = false)
	private LocalDateTime updatedAt;

	@Column(name = ""delete_yn"", nullable = false, length = 1, columnDefinition = ""char(1)"")
	@Convert(converter = BooleanToCharConverter.class)
	private boolean deleteYn;
}",,,,,,,
ITEM_325,JD_REACT_07,Frontend Developer Intern/Fresher,Intern/Fresher,Real-Time Collaboration & Messaging,"ReactJS, TypeScript, WebSocket / Socket.io-client, Zustand / Redux Toolkit / React Context API, Tailwind CSS / SCSS",JordanKnott/taskcafe,frontend/src/shared/components/Checklist/index.tsx,1,50,"import React, { useState, useRef, useEffect } from 'react';
import styled from 'styled-components';
import { CheckSquare, Trash, Square, CheckSquareOutline, Clock, Cross, AccountPlus } from 'shared/icons';
import { DragDropContext, Droppable, Draggable, DropResult } from 'react-beautiful-dnd';
import {
  isPositionChanged,
  getSortedDraggables,
  getNewDraggablePosition,
  getAfterDropDraggableList,
} from 'shared/utils/draggables';
import Button from 'shared/components/Button';
import TextareaAutosize from 'react-autosize-textarea';
import Control from 'react-select/src/components/Control';
import useOnOutsideClick from 'shared/hooks/onOutsideClick';
import { mixin } from 'shared/utils/styles';

const Wrapper = styled.div`
  margin-bottom: 24px;
`;

const WindowTitle = styled.div`
  padding: 8px 0;
  position: relative;
  margin: 0 0 4px 40px;
`;

const WindowTitleIcon = styled(CheckSquareOutline)`
  top: 10px;
  left: -32px;
  position: absolute;
`;

const WindowChecklistTitle = styled.div`
  display: flex;
  justify-content: space-between;
  align-items: center;
  flex-flow: row wrap;
`;

const WindowTitleText = styled.h3`
  cursor: pointer;
  color: ${props => props.theme.colors.text.primary};
  margin: 6px 0;
  display: inline-block;
  width: auto;
  min-height: 18px;
  font-size: 16px;
  line-height: 20px;
  min-width: 40px;
`;",,,,,,,
ITEM_326,JD_REACT_03,Fullstack TypeScript Fresher,Fresher,Fullstack Web Application Development,"TypeScript, JavaScript (ES6+), ReactJS, Node.js / Express.js, JWT Authentication, MongoDB / PostgreSQL / MySQL",boxyhq/saas-starter-kit,components/account/UpdatePassword.tsx,1,50,"import { useFormik } from 'formik';
import { useTranslation } from 'next-i18next';
import { Button } from 'react-daisyui';
import toast from 'react-hot-toast';
import * as Yup from 'yup';

import { Card, InputWithLabel } from '@/components/shared';
import { defaultHeaders, passwordPolicies } from '@/lib/common';
import { maxLengthPolicies } from '@/lib/common';

const schema = Yup.object().shape({
  currentPassword: Yup.string().required().max(maxLengthPolicies.password),
  newPassword: Yup.string()
    .required()
    .min(passwordPolicies.minLength)
    .max(maxLengthPolicies.password),
});

const UpdatePassword = () => {
  const { t } = useTranslation('common');

  const formik = useFormik({
    initialValues: {
      currentPassword: '',
      newPassword: '',
    },
    validationSchema: schema,
    onSubmit: async (values) => {
      const response = await fetch('/api/password', {
        method: 'PUT',
        headers: defaultHeaders,
        body: JSON.stringify(values),
      });

      const json = await response.json();

      if (!response.ok) {
        toast.error(json.error.message);
        return;
      }

      toast.success(t('successfully-updated'));
      formik.resetForm();
    },
  });

  return (
    <>
      <form onSubmit={formik.handleSubmit}>
        <Card>",,,,,,,
ITEM_327,JD_JAVA_09,Java Backend Intern,Intern,Digital Library & Bookstore API,"Java Core, Spring Boot, Spring Data JPA, MySQL/PostgreSQL",Snailclimb/spring-security-jwt-guide,src/main/java/github/javaguide/springsecurityjwtguide/security/service/AuthService.java,1,50,"package github.javaguide.springsecurityjwtguide.security.service;

import github.javaguide.springsecurityjwtguide.security.common.utils.CurrentUserUtil;
import github.javaguide.springsecurityjwtguide.security.common.utils.JwtTokenUtil;
import github.javaguide.springsecurityjwtguide.security.dto.LoginRequest;
import github.javaguide.springsecurityjwtguide.security.entity.JwtUser;
import github.javaguide.springsecurityjwtguide.system.entity.User;
import github.javaguide.springsecurityjwtguide.system.exception.UserNameNotFoundException;
import github.javaguide.springsecurityjwtguide.system.service.UserService;
import lombok.RequiredArgsConstructor;
import lombok.extern.slf4j.Slf4j;
import org.springframework.beans.factory.annotation.Autowired;
import org.springframework.data.redis.core.StringRedisTemplate;
import org.springframework.security.authentication.BadCredentialsException;
import org.springframework.security.core.Authentication;
import org.springframework.security.core.GrantedAuthority;
import org.springframework.security.core.context.SecurityContextHolder;
import org.springframework.stereotype.Service;

import java.util.List;
import java.util.stream.Collectors;

/**
 * @author shuang.kou
 **/
@Service
@RequiredArgsConstructor(onConstructor = @__(@Autowired))
@Slf4j
public class AuthService {
    private final UserService userService;
    private final StringRedisTemplate stringRedisTemplate;
    private final CurrentUserUtil currentUserUtil;

    public String createToken(LoginRequest loginRequest) {
        User user = userService.find(loginRequest.getUsername());
        if (!userService.check(loginRequest.getPassword(), user.getPassword())) {
            throw new BadCredentialsException(""The user name or password is not correct."");
        }
        JwtUser jwtUser = new JwtUser(user);
        if (!jwtUser.isEnabled()) {
            throw new BadCredentialsException(""User is forbidden to login"");
        }
        List<String> authorities = jwtUser.getAuthorities()
                .stream()
                .map(GrantedAuthority::getAuthority)
                .collect(Collectors.toList());
        String token = JwtTokenUtil.createToken(user.getUserName(), user.getId().toString(), authorities, loginRequest.getRememberMe());
        stringRedisTemplate.opsForValue().set(user.getId().toString(), token);
        return token;
    }",,,,,,,
ITEM_328,JD_JAVA_15,Java Backend Fresher,Fresher,Retail & Warehouse Inventory Management,"Java 17, Spring Boot, Spring Data JPA, MySQL/PostgreSQL, JWT",hoangtien2k3/ecommerce-microservices,auth-service/src/main/java/com/ecommerce/authservice/controller/AuthController.java,1,50,"package com.ecommerce.authservice.controller;

import com.ecommerce.authservice.config.SsoProperties;
import com.ecommerce.authservice.dto.request.RefreshTokenRequest;
import com.ecommerce.authservice.dto.request.RegisterRequest;
import com.ecommerce.authservice.service.SsoSessionStore;
import com.ecommerce.authservice.service.UserService;
import com.ecommerce.commonlib.keycloak.KeycloakAuthClient;
import com.ecommerce.commonlib.keycloak.KeycloakClientProperties;
import com.ecommerce.commonlib.keycloak.KeycloakTokenResponse;
import com.ecommerce.commonlib.viewmodel.ApiResponse;
import jakarta.validation.Valid;
import lombok.RequiredArgsConstructor;
import org.springframework.http.HttpStatus;
import org.springframework.http.ResponseEntity;
import org.springframework.util.StringUtils;
import org.springframework.web.bind.annotation.GetMapping;
import org.springframework.web.bind.annotation.PostMapping;
import org.springframework.web.bind.annotation.RequestBody;
import org.springframework.web.bind.annotation.RequestMapping;
import org.springframework.web.bind.annotation.RequestParam;
import org.springframework.web.bind.annotation.RestController;
import org.springframework.web.util.UriComponentsBuilder;

import java.net.URI;

@RestController
@RequestMapping(""/api/v1/auth"")
@RequiredArgsConstructor
public class AuthController {

    private final UserService userService;
    private final KeycloakAuthClient keycloakAuthClient;
    private final KeycloakClientProperties keycloakProperties;
    private final SsoProperties ssoProperties;
    private final SsoSessionStore ssoSessionStore;

    // ------------------------------------------------------------------
    // Self-service registration (creates the user in Keycloak via admin API)
    // ------------------------------------------------------------------

    @PostMapping(""/signup"")
    public ApiResponse<Void> register(@Valid @RequestBody RegisterRequest request) {
        userService.register(request);
        return ApiResponse.message(""User "" + request.getUsername() + "" registered successfully"");
    }

    // ------------------------------------------------------------------
    // SSO — Authorization Code flow, mediated by this backend
    // ------------------------------------------------------------------",,,,,,,
ITEM_329,JD_JAVA_03,Java Backend Fresher,Fresher,Fintech & Payment Gateway,"Java, Spring Boot, Spring Data JPA, PostgreSQL, Redis",mewebstudio/java-spring-boot-boilerplate,src/main/java/com/mewebstudio/javaspringbootboilerplate/controller/AccountController.java,39,64,"@GetMapping(""/me"")
    @Operation(
        summary = ""Me endpoint"",
        security = @SecurityRequirement(name = SECURITY_SCHEME_NAME),
        responses = {
            @ApiResponse(
                responseCode = ""200"",
                description = ""Successful operation"",
                content = @Content(
                    mediaType = ""application/json"",
                    schema = @Schema(implementation = UserResponse.class)
                )
            ),
            @ApiResponse(
                responseCode = ""401"",
                description = ""Bad credentials"",
                content = @Content(
                    mediaType = MediaType.APPLICATION_JSON_VALUE,
                    schema = @Schema(implementation = ErrorResponse.class)
                )
            )
        }
    )
    public ResponseEntity<UserResponse> me() {
        return ResponseEntity.ok(UserResponse.convert(userService.getUser()));
    }",,,,,,,
ITEM_330,JD_REACT_06,Junior ReactJS Developer,Junior,Productivity & Collaborative Kanban System,"ReactJS, TypeScript, Redux Toolkit / Zustand, React Hook Form & Zod/Yup, Tailwind CSS / CSS-in-JS",JordanKnott/taskcafe,frontend/src/shared/components/Checklist/index.tsx,1,50,"import React, { useState, useRef, useEffect } from 'react';
import styled from 'styled-components';
import { CheckSquare, Trash, Square, CheckSquareOutline, Clock, Cross, AccountPlus } from 'shared/icons';
import { DragDropContext, Droppable, Draggable, DropResult } from 'react-beautiful-dnd';
import {
  isPositionChanged,
  getSortedDraggables,
  getNewDraggablePosition,
  getAfterDropDraggableList,
} from 'shared/utils/draggables';
import Button from 'shared/components/Button';
import TextareaAutosize from 'react-autosize-textarea';
import Control from 'react-select/src/components/Control';
import useOnOutsideClick from 'shared/hooks/onOutsideClick';
import { mixin } from 'shared/utils/styles';

const Wrapper = styled.div`
  margin-bottom: 24px;
`;

const WindowTitle = styled.div`
  padding: 8px 0;
  position: relative;
  margin: 0 0 4px 40px;
`;

const WindowTitleIcon = styled(CheckSquareOutline)`
  top: 10px;
  left: -32px;
  position: absolute;
`;

const WindowChecklistTitle = styled.div`
  display: flex;
  justify-content: space-between;
  align-items: center;
  flex-flow: row wrap;
`;

const WindowTitleText = styled.h3`
  cursor: pointer;
  color: ${props => props.theme.colors.text.primary};
  margin: 6px 0;
  display: inline-block;
  width: auto;
  min-height: 18px;
  font-size: 16px;
  line-height: 20px;
  min-width: 40px;
`;",,,,,,,
ITEM_331,JD_REACT_08,React TypeScript Fresher,Fresher,Personal Finance & Digital Banking Portal,"ReactJS, TypeScript, React Hook Form, Zod / Yup, Authentication & Axios Interceptors, Material UI / Ant Design / Shadcn UI / Tailwind CSS",kevinshen56714/SkyOffice,client/src/components/CreateRoomForm.tsx,1,50,"import React, { useState } from 'react'
import styled from 'styled-components'
import Button from '@mui/material/Button'
import IconButton from '@mui/material/IconButton'
import TextField from '@mui/material/TextField'
import InputAdornment from '@mui/material/InputAdornment'
import Visibility from '@mui/icons-material/Visibility'
import VisibilityOff from '@mui/icons-material/VisibilityOff'

import { IRoomData } from '../../../types/Rooms'
import { useAppSelector } from '../hooks'

import phaserGame from '../PhaserGame'
import Bootstrap from '../scenes/Bootstrap'

const CreateRoomFormWrapper = styled.form`
  display: flex;
  flex-direction: column;
  width: 320px;
  gap: 20px;
`

export const CreateRoomForm = () => {
  const [values, setValues] = useState<IRoomData>({
    name: '',
    description: '',
    password: null,
    autoDispose: true,
  })
  const [showPassword, setShowPassword] = useState(false)
  const [nameFieldEmpty, setNameFieldEmpty] = useState(false)
  const [descriptionFieldEmpty, setDescriptionFieldEmpty] = useState(false)
  const lobbyJoined = useAppSelector((state) => state.room.lobbyJoined)

  const handleChange = (prop: keyof IRoomData) => (event: React.ChangeEvent<HTMLInputElement>) => {
    setValues({ ...values, [prop]: event.target.value })
  }

  const handleSubmit = (event: React.FormEvent<HTMLFormElement>) => {
    event.preventDefault()
    const isValidName = values.name !== ''
    const isValidDescription = values.description !== ''

    if (isValidName === nameFieldEmpty) setNameFieldEmpty(!nameFieldEmpty)
    if (isValidDescription === descriptionFieldEmpty)
      setDescriptionFieldEmpty(!descriptionFieldEmpty)

    // create custom room if name and description are not empty
    if (isValidName && isValidDescription && lobbyJoined) {
      const bootstrap = phaserGame.scene.keys.bootstrap as Bootstrap",,,,,,,
ITEM_332,JD_JAVA_03,Java Backend Fresher,Fresher,Fintech & Payment Gateway,"Java, Spring Boot, Spring Data JPA, PostgreSQL, Redis",Angel-Raa/spring-security-jwt-authentication-and-authorization,src/main/java/com/github/angel/raa/modules/persistence/repository/CategoryRepository.java,1,6,"package com.github.angel.raa.modules.persistence.repository;

import com.github.angel.raa.modules.persistence.models.Category;
import org.springframework.data.jpa.repository.JpaRepository;

public interface CategoryRepository extends JpaRepository<Category, Long> { }",,,,,,,
ITEM_333,JD_JAVA_14,Backend Engineer (Java / Spring Boot),Intern/Fresher,HRTech & Recruitment Job Portal,"Java Core, Spring Boot, Spring Data JPA, Spring Security & JWT, PostgreSQL / MySQL",mdtalalwasim/blog-application-spring-boot-rest-api,blog-application-springboot-rest-apis/src/main/java/com/mdtalalwasim/blog/app/controller/AuthRestController.java,1,50,"package com.mdtalalwasim.blog.app.controller;

import org.springframework.beans.factory.annotation.Autowired;
import org.springframework.http.HttpStatus;
import org.springframework.http.ResponseEntity;
import org.springframework.security.authentication.AuthenticationManager;
import org.springframework.security.authentication.BadCredentialsException;
import org.springframework.security.authentication.UsernamePasswordAuthenticationToken;
import org.springframework.security.core.userdetails.UserDetails;
import org.springframework.security.core.userdetails.UserDetailsService;
import org.springframework.web.bind.annotation.PostMapping;
import org.springframework.web.bind.annotation.RequestBody;
import org.springframework.web.bind.annotation.RequestMapping;
import org.springframework.web.bind.annotation.RestController;

import com.mdtalalwasim.blog.app.exceptions.ApiExceptionHandler;
import com.mdtalalwasim.blog.app.payloads.JwtAuthenticationRequest;
import com.mdtalalwasim.blog.app.payloads.JwtAuthenticationResponse;
import com.mdtalalwasim.blog.app.payloads.UserDto;
import com.mdtalalwasim.blog.app.security.JwtTokenHelper;
import com.mdtalalwasim.blog.app.services.UserService;

@RestController
@RequestMapping(""/api/auth/"")
public class AuthRestController {
	
	
	@Autowired
	private JwtTokenHelper jwtTokenHelper;
	
	@Autowired
	private UserDetailsService userDetailsService;
	
	@Autowired
	private UserService userService;
	
	@Autowired
	private AuthenticationManager authenticationManager;
	
	@PostMapping(""/login"")//url is /api/auth/login
	public ResponseEntity<JwtAuthenticationResponse> createToken(@RequestBody JwtAuthenticationRequest request) throws Exception{
		
		//authenticate method body define below
		this.authenticate(request.getUsername(), request.getPassword());
		//if authentication going well, then we need to generate our token.
		
		UserDetails userDetails = this.userDetailsService.loadUserByUsername(request.getUsername());
		
		String ourGeneratedToken = this.jwtTokenHelper.generateToken(userDetails);//generateToken takes userDetails
		JwtAuthenticationResponse response = new JwtAuthenticationResponse();",,,,,,,
ITEM_334,JD_JAVA_04,Java Microservices Fresher,Fresher,Distributed Systems & Supply Chain,"Java 17+, Spring Boot, Apache Kafka, Spring Data JPA, MySQL/PostgreSQL, Docker / Docker Compose",mdtalalwasim/blog-application-spring-boot-rest-api,blog-application-springboot-rest-apis/src/main/java/com/mdtalalwasim/blog/app/controller/CategoryRestController.java,1,50,"package com.mdtalalwasim.blog.app.controller;

import java.util.List;

import org.springframework.beans.factory.annotation.Autowired;
import org.springframework.http.HttpStatus;
import org.springframework.http.ResponseEntity;
import org.springframework.web.bind.annotation.DeleteMapping;
import org.springframework.web.bind.annotation.GetMapping;
import org.springframework.web.bind.annotation.PathVariable;
import org.springframework.web.bind.annotation.PostMapping;
import org.springframework.web.bind.annotation.PutMapping;
import org.springframework.web.bind.annotation.RequestBody;
import org.springframework.web.bind.annotation.RequestMapping;
import org.springframework.web.bind.annotation.RestController;

import com.mdtalalwasim.blog.app.payloads.ApiResponse;
import com.mdtalalwasim.blog.app.payloads.CategoryDto;
import com.mdtalalwasim.blog.app.services.CategoryService;

import jakarta.validation.Valid;

@RestController
@RequestMapping(""/api/categories"")
public class CategoryRestController {
	
	@Autowired
	private CategoryService categoryService;
	
	@PostMapping(""/"")
	public ResponseEntity<CategoryDto> createCategory(@Valid @RequestBody CategoryDto categoryDto){
		System.out.println(""Inside Create Cat"");
		CategoryDto createdCategory = this.categoryService.createCategory(categoryDto);
		
		return new ResponseEntity<CategoryDto>(createdCategory, HttpStatus.CREATED);
	}
	
	@PutMapping(""/{catId}"")
	public ResponseEntity<CategoryDto> updateCategory(@Valid @RequestBody CategoryDto categoryDto, @PathVariable(""catId"") Integer catId){
		CategoryDto updateCategory = this.categoryService.updateCategory(categoryDto, catId);
		
		return new ResponseEntity<CategoryDto>(updateCategory, HttpStatus.OK);
	}
	
	@DeleteMapping(""/{catId}"")
	public ResponseEntity<ApiResponse> deleteCategory(@PathVariable(""catId"") Integer catId){
		this.categoryService.deleteCategory(catId);
		
		return new ResponseEntity<ApiResponse>(new ApiResponse(""Category Deleted Successfully!"", true), HttpStatus.OK);
	}",,,,,,,
ITEM_335,JD_JAVA_01,Backend Developer (Java / Spring Boot),Fresher,E-Commerce Platform,"Java, Spring Boot, Spring Security & JWT, Spring Data JPA / Hibernate, MySQL, Git",huseynovvusal/spring-blog-api,src/main/java/com/huseynovvusal/springblogapi/config/SecurityConfig.java,1,50,"package com.huseynovvusal.springblogapi.config;

import com.huseynovvusal.springblogapi.filter.BlockedUserFilter;
import com.huseynovvusal.springblogapi.filter.DatabaseHealthFilter;
import com.huseynovvusal.springblogapi.filter.JwtAuthenticationFilter;
import com.huseynovvusal.springblogapi.service.UserDetailsServiceImpl;
import lombok.RequiredArgsConstructor;
import org.slf4j.Logger;
import org.slf4j.LoggerFactory;
import org.springframework.boot.web.servlet.FilterRegistrationBean;
import org.springframework.context.annotation.Bean;
import org.springframework.context.annotation.Configuration;
import org.springframework.security.authentication.AuthenticationManager;
import org.springframework.security.config.annotation.authentication.configuration.AuthenticationConfiguration;
import org.springframework.security.config.annotation.web.builders.HttpSecurity;
import org.springframework.security.config.annotation.web.configuration.EnableWebSecurity;
import org.springframework.security.config.annotation.web.configurers.AbstractHttpConfigurer;
import org.springframework.security.config.http.SessionCreationPolicy;
import org.springframework.security.crypto.bcrypt.BCryptPasswordEncoder;
import org.springframework.security.crypto.password.PasswordEncoder;
import org.springframework.security.web.SecurityFilterChain;
import org.springframework.security.web.authentication.UsernamePasswordAuthenticationFilter;

/**
 * Security configuration class for setting up Spring Security. Configures JWT authentication,
 * stateless session management, and endpoint access rules.
 */
@Configuration
@EnableWebSecurity
@RequiredArgsConstructor
public class SecurityConfig {

  private static final Logger LOGGER = LoggerFactory.getLogger(SecurityConfig.class);

  private final UserDetailsServiceImpl userDetailsService;
  private final JwtAuthenticationFilter jwtAuthenticationFilter;
  private final BlockedUserFilter blockedUserFilter;
  private final DatabaseHealthFilter databaseHealthFilter;

  /**
   * Configures the security filter chain for HTTP requests. - Disables CSRF - Permits
   * unauthenticated access to /auth/** endpoints - Requires authentication for all other endpoints
   * - Adds JWT authentication filter before UsernamePasswordAuthenticationFilter
   *
   * @param http the HttpSecurity object to configure
   * @return the configured SecurityFilterChain
   * @throws Exception if configuration fails
   */
  @Bean
  public SecurityFilterChain securityFilterChain(HttpSecurity http) throws Exception {",,,,,,,
ITEM_336,JD_JAVA_08,Junior Java Software Engineer,Junior,Logistics & Fleet Management,"Java 17, Spring Boot, Spring Data JPA, MySQL/PostgreSQL, MapStruct, Bean Validation",krkarma777/online-store,src/main/java/com/bulkpurchase/domain/repository/GlobalDiscountRepository.java,1,10,"package com.bulkpurchase.domain.repository;

import com.bulkpurchase.domain.entity.discount.GlobalDiscount;
import org.springframework.data.jpa.repository.JpaRepository;
import org.springframework.stereotype.Repository;

@Repository
public interface GlobalDiscountRepository extends JpaRepository<GlobalDiscount, Long> {

}",,,,,,,
ITEM_337,JD_JAVA_13,Java Backend Fresher,Fresher,FoodTech & Delivery Platform,"Java, Spring Boot, Spring Security & JWT, MySQL & Spring Data JPA, RabbitMQ / Kafka",Snailclimb/spring-security-jwt-guide,src/main/java/github/javaguide/springsecurityjwtguide/security/exception/JwtAccessDeniedHandler.java,1,24,"package github.javaguide.springsecurityjwtguide.security.exception;

import org.springframework.security.access.AccessDeniedException;
import org.springframework.security.web.access.AccessDeniedHandler;

import jakarta.servlet.http.HttpServletRequest;
import jakarta.servlet.http.HttpServletResponse;
import java.io.IOException;

/**
 * @author shuang.kou
 * @description AccessDeineHandler 用来解决认证过的用户访问无权限资源时的异常
 */
public class JwtAccessDeniedHandler implements AccessDeniedHandler {
    /**
     * 当用户尝试访问需要权限才能的REST资源而权限不足的时候，
     * 将调用此方法发送403响应以及错误信息
     */
    @Override
    public void handle(HttpServletRequest request, HttpServletResponse response, AccessDeniedException accessDeniedException) throws IOException {
        accessDeniedException = new AccessDeniedException(""Sorry you don not enough permissions to access it!"");
        response.sendError(HttpServletResponse.SC_FORBIDDEN, accessDeniedException.getMessage());
    }
}",,,,,,,
ITEM_338,JD_JAVA_11,Java Backend Developer,Fresher / Junior,Social Network & Technical Blogging Platform,"Java 17, Spring Boot 3, Spring Security 6, Spring Data JPA / Hibernate, PostgreSQL, Git",osopromadze/Spring-Boot-Blog-REST-API,src/main/java/com/sopromadze/blogapi/config/SecutiryConfig.java,1,50,"package com.sopromadze.blogapi.config;

import com.sopromadze.blogapi.repository.UserRepository;
import com.sopromadze.blogapi.security.JwtAuthenticationEntryPoint;
import com.sopromadze.blogapi.security.JwtAuthenticationFilter;
import com.sopromadze.blogapi.service.impl.CustomUserDetailsServiceImpl;
import org.springframework.beans.factory.annotation.Autowired;
import org.springframework.context.annotation.Bean;
import org.springframework.context.annotation.Configuration;
import org.springframework.http.HttpMethod;
import org.springframework.security.authentication.AuthenticationManager;
import org.springframework.security.config.BeanIds;
import org.springframework.security.config.annotation.authentication.builders.AuthenticationManagerBuilder;
import org.springframework.security.config.annotation.method.configuration.EnableGlobalMethodSecurity;
import org.springframework.security.config.annotation.web.builders.HttpSecurity;
import org.springframework.security.config.annotation.web.configuration.EnableWebSecurity;
import org.springframework.security.config.annotation.web.configuration.WebSecurityConfigurerAdapter;
import org.springframework.security.config.http.SessionCreationPolicy;
import org.springframework.security.crypto.bcrypt.BCryptPasswordEncoder;
import org.springframework.security.crypto.password.PasswordEncoder;
import org.springframework.security.web.authentication.UsernamePasswordAuthenticationFilter;

@Configuration
@EnableWebSecurity
@EnableGlobalMethodSecurity(
		securedEnabled = true,
		jsr250Enabled = true,
		prePostEnabled = true)
public class SecutiryConfig extends WebSecurityConfigurerAdapter {
	private final CustomUserDetailsServiceImpl customUserDetailsService;
	private final JwtAuthenticationEntryPoint unauthorizedHandler;
	private final JwtAuthenticationFilter jwtAuthenticationFilter;

	@Autowired
	public SecutiryConfig(UserRepository userRepository, CustomUserDetailsServiceImpl customUserDetailsService,
			JwtAuthenticationEntryPoint unauthorizedHandler, JwtAuthenticationFilter jwtAuthenticationFilter) {
		this.customUserDetailsService = customUserDetailsService;
		this.unauthorizedHandler = unauthorizedHandler;
		this.jwtAuthenticationFilter = jwtAuthenticationFilter;
	}

	@Override
	protected void configure(HttpSecurity http) throws Exception {

		http.cors().and().csrf().disable()
				.exceptionHandling()
				.authenticationEntryPoint(unauthorizedHandler)
				.and()
				.sessionManagement()
				.sessionCreationPolicy(SessionCreationPolicy.STATELESS)",,,,,,,
ITEM_339,JD_REACT_10,Fullstack React & TypeScript Developer,Fresher / Junior,EdTech Fullstack Application,"TypeScript, ReactJS, Node.js / Express / NestJS, Redux Toolkit / Zustand, Prisma / TypeORM / Mongoose, Git",sudeepmahato16/movie-app,src/pages/Catalog/components/Search.tsx,1,42,"import React, { useState } from ""react"";
import { useParams } from ""react-router-dom"";
import { GoSearch } from ""react-icons/go"";

interface SearchProps {
  setQuery: (val: {}) => void;
}

const Search: React.FC<SearchProps> = ({ setQuery }) => {
  const { category } = useParams();
  const [search, setSearch] = useState<string>("""");

  const handleSubmit = (e: React.FormEvent) => {
    e.preventDefault();
    if (!search) return;
    setQuery({ search });
    setSearch("""");
  };

  return (
    <form
      className=""text-[14px] lg:py-10 md:pt-9 md:pb-10 sm:pt-8 sm:pb-10  pt-6 pb-8 flex flex-row items-center justify-center""
      onSubmit={handleSubmit}
    >
      <input
        type=""text""
        className=""py-[8px] pl-[20px] pr-[36px]  rounded-full outline-none w-[300px] md:w-[340px]  shadow-md transition-all duration-300 focus:shadow-sm text-[#666] focus:bg-[#ffffff] bg-[#fdfdfd] font-medium dark:bg-[#302d3a] dark:text-primary dark:focus:bg-[#474550]""
        onChange={(e) => setSearch(e.target.value)}
        value={search}
        placeholder={`Search ${category === ""movie"" ? ""movies"" : ""tv series""}`}
      />
      <button
        type=""submit""
        className=""text-[18px] -ml-[32px] text-[#ff0000] z-[1]""
      >
        <GoSearch />
      </button>
    </form>
  );
};

export default Search;",,,,,,,
ITEM_340,JD_JAVA_03,Java Backend Fresher,Fresher,Fintech & Payment Gateway,"Java, Spring Boot, Spring Data JPA, PostgreSQL, Redis",huseynovvusal/spring-blog-api,src/main/java/com/huseynovvusal/springblogapi/config/OpenAPIConfiguration.java,22,40,"@Bean
  public OpenAPI defineOpenApi() {
    Server server = new Server();
    server.setUrl(serverUrl);
    server.setDescription(serverDescription);

    SecurityScheme securityScheme =
        new SecurityScheme().type(SecurityScheme.Type.HTTP).scheme(""bearer"").bearerFormat(""JWT"");

    Info information =
        new Info()
            .title(""Spring Blog API"")
            .version(""1.0"")
            .description(""Find all API endpoints and related info here..."");
    return new OpenAPI()
        .info(information)
        .servers(List.of(server))
        .components(new Components().addSecuritySchemes(""bearerAuth"", securityScheme));
  }",,,,,,,
ITEM_341,JD_JAVA_02,Junior Java Developer,Intern/Fresher,Enterprise Web & HRM Systems,"Java, Spring Boot, Spring Data JPA, PostgreSQL, JUnit",Snailclimb/spring-security-jwt-guide,src/main/java/github/javaguide/springsecurityjwtguide/security/exception/JwtAccessDeniedHandler.java,1,24,"package github.javaguide.springsecurityjwtguide.security.exception;

import org.springframework.security.access.AccessDeniedException;
import org.springframework.security.web.access.AccessDeniedHandler;

import jakarta.servlet.http.HttpServletRequest;
import jakarta.servlet.http.HttpServletResponse;
import java.io.IOException;

/**
 * @author shuang.kou
 * @description AccessDeineHandler 用来解决认证过的用户访问无权限资源时的异常
 */
public class JwtAccessDeniedHandler implements AccessDeniedHandler {
    /**
     * 当用户尝试访问需要权限才能的REST资源而权限不足的时候，
     * 将调用此方法发送403响应以及错误信息
     */
    @Override
    public void handle(HttpServletRequest request, HttpServletResponse response, AccessDeniedException accessDeniedException) throws IOException {
        accessDeniedException = new AccessDeniedException(""Sorry you don not enough permissions to access it!"");
        response.sendError(HttpServletResponse.SC_FORBIDDEN, accessDeniedException.getMessage());
    }
}",,,,,,,
ITEM_342,JD_REACT_05,Next.js & TypeScript Frontend Developer,Fresher / Junior,High-Performance Web & Digital Commerce,"ReactJS, TypeScript, Next.js, Tailwind CSS, RESTful API / GraphQL",w3labkr/nextjs14-supabase-blog,app/api/v1/email/verify/route.ts,1,50,"import { NextResponse, type NextRequest } from 'next/server'
import { createClient } from '@/supabase/server'
import { ApiError, revalidates } from '@/lib/utils'
import { authorize } from '@/queries/server/auth'

import { transporter, sender } from '@/lib/nodemailer'
import { jwtSign } from '@/lib/jsonwebtoken'
import { type VerifyTokenPayload } from '@/types/token'

export async function POST(request: NextRequest) {
  const searchParams = request.nextUrl.searchParams
  const userId = searchParams.get('userId') as string

  const { data, options } = await request.json()
  const { authorized } = await authorize(userId)

  if (!authorized) {
    return NextResponse.json(
      { data: null, error: new ApiError(401) },
      { status: 401 }
    )
  }

  const payload: VerifyTokenPayload = {
    email: data?.email,
    user_id: userId,
  }
  const mailOptions = mailTemplate(payload)

  try {
    const info = await transporter.sendMail(mailOptions)

    return NextResponse.json({
      data: info,
      error: null,
      revalidated: revalidates(options),
      now: Date.now(),
    })
  } catch (e: unknown) {
    return NextResponse.json(
      { data: null, error: new ApiError(400, (e as Error)?.message) },
      { status: 400 }
    )
  }
}

function mailTemplate(payload: VerifyTokenPayload) {
  const url = generate_url(payload)

  return {",,,,,,,
ITEM_343,JD_JAVA_13,Java Backend Fresher,Fresher,FoodTech & Delivery Platform,"Java, Spring Boot, Spring Security & JWT, MySQL & Spring Data JPA, RabbitMQ / Kafka",f-lab-edu/fast-shoppers,src/main/java/com/fastshoppers/entity/Product.java,1,50,"package com.fastshoppers.entity;

import java.math.BigDecimal;

import org.springframework.data.jpa.domain.support.AuditingEntityListener;

import jakarta.persistence.AttributeOverride;
import jakarta.persistence.Column;
import jakarta.persistence.Entity;
import jakarta.persistence.EntityListeners;
import jakarta.persistence.FetchType;
import jakarta.persistence.JoinColumn;
import jakarta.persistence.ManyToOne;
import jakarta.persistence.Table;
import lombok.AllArgsConstructor;
import lombok.Getter;
import lombok.NoArgsConstructor;
import lombok.Setter;
import lombok.ToString;

@Entity
@AttributeOverride(name = ""id"", column = @Column(name = ""product_id"", nullable = false))
@Table(name = ""product"")
@Getter
@Setter
@NoArgsConstructor
@AllArgsConstructor
@EntityListeners(AuditingEntityListener.class)
@ToString
public class Product extends BaseEntity {

	@Column(name = ""product_uuid"", nullable = false, unique = true)
	private String productUuid;

	@ManyToOne(fetch = FetchType.LAZY)
	@JoinColumn(name = ""category_id"", nullable = false)
	private Category category;

	@Column(name = ""product_name"", length = 255, nullable = false)
	private String productName;

	@Column(name = ""product_subtitle"", length = 255)
	private String productSubtitle;

	@Column(name = ""list_price"", nullable = false)
	private BigDecimal listPrice;

	@Column(name = ""selling_price"", nullable = false)
	private BigDecimal sellingPrice;
",,,,,,,
ITEM_344,JD_REACT_08,React TypeScript Fresher,Fresher,Personal Finance & Digital Banking Portal,"ReactJS, TypeScript, React Hook Form, Zod / Yup, Authentication & Axios Interceptors, Material UI / Ant Design / Shadcn UI / Tailwind CSS",JordanKnott/taskcafe,frontend/src/shared/components/Admin/index.tsx,1,50,"import React, { useState, useRef } from 'react';
import styled, { css } from 'styled-components';
import TaskAssignee from 'shared/components/TaskAssignee';
import Select from 'shared/components/Select';
import { User, UserPlus, Checkmark } from 'shared/icons';
import { usePopup, Popup } from 'shared/components/PopupMenu';
import { RoleCode, useUpdateUserRoleMutation } from 'shared/generated/graphql';
import Input from 'shared/components/Input';
import Button from 'shared/components/Button';
import NOOP from 'shared/utils/noop';
import { mixin } from 'shared/utils/styles';

const UserSelect = styled(Select)`
  margin: 8px 0;
  padding: 8px 0;
`;

const NewUserPassInput = styled(Input)`
  margin: 8px 0;
`;

const InviteMemberButton = styled(Button)`
  padding: 7px 12px;
`;

const UserPassBar = styled.div`
  display: flex;
  padding-top: 8px;
`;

const UserPassConfirmButton = styled(Button)`
  width: 100%;
  padding: 7px 12px;
`;

const UserPassButton = styled(Button)`
  width: 50%;
  padding: 7px 12px;
  & ~ & {
    margin-left: 6px;
  }
`;

const MemberItemOptions = styled.div``;

const MemberItemOption = styled(Button)`
  padding: 7px 9px;
  margin: 4px 0 4px 8px;
  float: left;
  min-width: 95px;",,,,,,,
ITEM_345,JD_REACT_07,Frontend Developer Intern/Fresher,Intern/Fresher,Real-Time Collaboration & Messaging,"ReactJS, TypeScript, WebSocket / Socket.io-client, Zustand / Redux Toolkit / React Context API, Tailwind CSS / SCSS",ZahraMirzaei/online-shop,components/carousel/Slide.tsx,12,38,"const Slide: React.FC<Props> = ({ title, description, bgImg, url }) => {
  const { t } = useLanguage();

  return (
    <>
      <div
        className={`relative w-[100%] h-[50vh] md:h-[70vh] bg-cover bg-center bg-no-repeat`}
        style={{ backgroundImage: `${bgImg}` }}
      >
        <Link href={url}>
          <a className=""block"">
            <div
              className={`backdrop-filter backdrop-blur-[12px] bg-palette-card/60 p-3 md:p-8 lg:p-10 shadow-lg md:overflow-hidden ltr:text-left rtl:text-right rounded-md md:w-[60%] lg:w-[50%] md:mt-auto absolute bottom-0 md:top-[45%] md:right-[25%] md:bottom-auto`}
            >
              <h3 className=""text-lg md:text-2xl lg:text-3xl font-medium"">
                {t[`${title}`]}
              </h3>
              <p className=""text-[13px] md:text-lg mt-2 md:mt-4 lg:mt-8"">
                {t[`${description}`]}
              </p>
            </div>
          </a>
        </Link>
      </div>
    </>
  );
};",,,,,,,
ITEM_346,JD_JAVA_09,Java Backend Intern,Intern,Digital Library & Bookstore API,"Java Core, Spring Boot, Spring Data JPA, MySQL/PostgreSQL",f-lab-edu/fast-shoppers,src/main/java/com/fastshoppers/entity/BaseEntity.java,1,48,"package com.fastshoppers.entity;

import java.time.LocalDateTime;

import org.springframework.data.annotation.CreatedDate;
import org.springframework.data.annotation.LastModifiedDate;
import org.springframework.data.jpa.domain.support.AuditingEntityListener;

import com.fastshoppers.util.BooleanToCharConverter;

import jakarta.persistence.Column;
import jakarta.persistence.Convert;
import jakarta.persistence.EntityListeners;
import jakarta.persistence.GeneratedValue;
import jakarta.persistence.GenerationType;
import jakarta.persistence.Id;
import jakarta.persistence.MappedSuperclass;
import lombok.AllArgsConstructor;
import lombok.Getter;
import lombok.NoArgsConstructor;
import lombok.Setter;
import lombok.ToString;

@Getter
@Setter
@NoArgsConstructor
@AllArgsConstructor
@ToString
@EntityListeners(AuditingEntityListener.class)
@MappedSuperclass
public class BaseEntity {

	@Id
	@GeneratedValue(strategy = GenerationType.IDENTITY)
	private int id;

	@CreatedDate
	@Column(name = ""created_at"", nullable = false)
	private LocalDateTime createdAt;

	@LastModifiedDate
	@Column(name = ""updated_at"", nullable = false)
	private LocalDateTime updatedAt;

	@Column(name = ""delete_yn"", nullable = false, length = 1, columnDefinition = ""char(1)"")
	@Convert(converter = BooleanToCharConverter.class)
	private boolean deleteYn;
}",,,,,,,
ITEM_347,JD_REACT_03,Fullstack TypeScript Fresher,Fresher,Fullstack Web Application Development,"TypeScript, JavaScript (ES6+), ReactJS, Node.js / Express.js, JWT Authentication, MongoDB / PostgreSQL / MySQL",JordanKnott/taskcafe,frontend/src/shared/components/Admin/index.tsx,201,250,"
const TabContentWrapper = styled.div`
  position: relative;
  display: block;
  overflow: hidden;
  width: 100%;
  margin-left: 1rem;
`;

const TabContent = styled.div`
  position: relative;
  width: 100%;
  display: block;
  padding: 0;
  padding: 1.5rem;
  background-color: #10163a;
  border-radius: 0.5rem;
`;

const items = [{ name: 'Members' }];

export const RoleCheckmark = styled(Checkmark)`
  padding-left: 4px;
`;

const permissions = [
  {
    code: 'owner',
    name: 'Owner',
    description:
      'Can view, create and edit team projects, and change settings for the team. Will have admin rights on all projects in this team. Can delete the team and all team projects.',
  },
  {
    code: 'admin',
    name: 'Admin',
    description:
      'Can view, create and edit team projects, and change settings for the team. Will have admin rights on all projects in this team.',
  },

  { code: 'member', name: 'Member', description: 'Can view, create, and edit team projects, but not change settings.' },
];

export const RoleName = styled.div`
  font-size: 14px;
  font-weight: 700;
`;
export const RoleDescription = styled.div`
  margin-top: 4px;
  font-size: 14px;
`;",,,,,,,
ITEM_348,JD_JAVA_02,Junior Java Developer,Intern/Fresher,Enterprise Web & HRM Systems,"Java, Spring Boot, Spring Data JPA, PostgreSQL, JUnit",f-lab-edu/fast-shoppers,src/main/java/com/fastshoppers/entity/Product.java,1,50,"package com.fastshoppers.entity;

import java.math.BigDecimal;

import org.springframework.data.jpa.domain.support.AuditingEntityListener;

import jakarta.persistence.AttributeOverride;
import jakarta.persistence.Column;
import jakarta.persistence.Entity;
import jakarta.persistence.EntityListeners;
import jakarta.persistence.FetchType;
import jakarta.persistence.JoinColumn;
import jakarta.persistence.ManyToOne;
import jakarta.persistence.Table;
import lombok.AllArgsConstructor;
import lombok.Getter;
import lombok.NoArgsConstructor;
import lombok.Setter;
import lombok.ToString;

@Entity
@AttributeOverride(name = ""id"", column = @Column(name = ""product_id"", nullable = false))
@Table(name = ""product"")
@Getter
@Setter
@NoArgsConstructor
@AllArgsConstructor
@EntityListeners(AuditingEntityListener.class)
@ToString
public class Product extends BaseEntity {

	@Column(name = ""product_uuid"", nullable = false, unique = true)
	private String productUuid;

	@ManyToOne(fetch = FetchType.LAZY)
	@JoinColumn(name = ""category_id"", nullable = false)
	private Category category;

	@Column(name = ""product_name"", length = 255, nullable = false)
	private String productName;

	@Column(name = ""product_subtitle"", length = 255)
	private String productSubtitle;

	@Column(name = ""list_price"", nullable = false)
	private BigDecimal listPrice;

	@Column(name = ""selling_price"", nullable = false)
	private BigDecimal sellingPrice;
",,,,,,,
ITEM_349,JD_JAVA_11,Java Backend Developer,Fresher / Junior,Social Network & Technical Blogging Platform,"Java 17, Spring Boot 3, Spring Security 6, Spring Data JPA / Hibernate, PostgreSQL, Git",huseynovvusal/spring-blog-api,src/main/java/com/huseynovvusal/springblogapi/config/SecurityConfig.java,91,96,"@Bean
  public AuthenticationManager authenticationManager(
      AuthenticationConfiguration authenticationConfiguration) throws Exception {
    LOGGER.debug(""Retrieving AuthenticationManager from configuration"");
    return authenticationConfiguration.getAuthenticationManager();
  }",,,,,,,
ITEM_350,JD_JAVA_15,Java Backend Fresher,Fresher,Retail & Warehouse Inventory Management,"Java 17, Spring Boot, Spring Data JPA, MySQL/PostgreSQL, JWT",Rapter1990/parkinglot,src/main/java/com/project/parkinglot/logging/repository/LogRepository.java,1,10,"package com.project.parkinglot.logging.repository;

import com.project.parkinglot.logging.entity.LogEntity;
import org.springframework.data.jpa.repository.JpaRepository;

/**
 * Repository interface named {@link LogRepository} for managing log entity persistence.
 */
public interface LogRepository extends JpaRepository<LogEntity, Long> {
}",,,,,,,
ITEM_351,JD_JAVA_03,Java Backend Fresher,Fresher,Fintech & Payment Gateway,"Java, Spring Boot, Spring Data JPA, PostgreSQL, Redis",RishiBakshii/mern-chat-app,backend/src/controllers/auth.controller.ts,1,50,"import { NextFunction, Request, Response } from ""express"";
import jwt from 'jsonwebtoken';
import { config } from ""../config/env.config.js"";
import type { AuthenticatedRequest, OAuthAuthenticatedRequest } from ""../interfaces/auth/auth.interface.js"";
import { prisma } from '../lib/prisma.lib.js';
import type { fcmTokenSchemaType } from ""../schemas/auth.schema.js"";
import { env } from ""../schemas/env.schema.js"";
import { CustomError, asyncErrorHandler } from ""../utils/error.utils.js"";


const getUserInfo = asyncErrorHandler(async(req:AuthenticatedRequest,res:Response,next:NextFunction)=>{
    const user = req.user
    const secureUserInfo = {
        id:user.id,
        name:user.name,
        username:user.username,
        avatar:user.avatar,
        email:user.email,
        createdAt:user.createdAt,
        updatedAt:user.updatedAt,
        emailVerified:user.emailVerified,
        publicKey:user.publicKey,
        notificationsEnabled:user.notificationsEnabled,
        verificationBadge:user.verificationBadge,
        fcmToken:user.fcmToken,
        oAuthSignup:user.oAuthSignup
    }
    return res.status(200).json(secureUserInfo)
})

const updateFcmToken = asyncErrorHandler(async(req:AuthenticatedRequest,res:Response,next:NextFunction)=>{

    const {fcmToken}:fcmTokenSchemaType = req.body

    const user =  await prisma.user.update({
        where:{
            id:req.user.id
        },
        data:{
            fcmToken
        }
    })
    return res.status(200).json({fcmToken:user.fcmToken})
})

const checkAuth = asyncErrorHandler(async(req:AuthenticatedRequest,res:Response,next:NextFunction)=>{
    if(req.user){
        const secureUserInfo = {
            id:req.user.id,
            name:req.user.name,",,,,,,,
ITEM_352,JD_JAVA_08,Junior Java Software Engineer,Junior,Logistics & Fleet Management,"Java 17, Spring Boot, Spring Data JPA, MySQL/PostgreSQL, MapStruct, Bean Validation",Rapter1990/parkinglot,src/main/java/com/project/parkinglot/repository/PriceListRepository.java,1,10,"package com.project.parkinglot.repository;

import com.project.parkinglot.model.entity.PriceListEntity;
import org.springframework.data.jpa.repository.JpaRepository;

/**
 * Repository interface named {@link PriceListRepository} for managing price lists.
 */
public interface PriceListRepository extends JpaRepository<PriceListEntity, String> {
}",,,,,,,
ITEM_353,JD_JAVA_11,Java Backend Developer,Fresher / Junior,Social Network & Technical Blogging Platform,"Java 17, Spring Boot 3, Spring Security 6, Spring Data JPA / Hibernate, PostgreSQL, Git",SaiUpadhyayula/spring-reddit-clone,src/main/java/com/programming/techie/springredditclone/controller/PostController.java,1,47,"package com.programming.techie.springredditclone.controller;

import com.programming.techie.springredditclone.dto.PostRequest;
import com.programming.techie.springredditclone.dto.PostResponse;
import com.programming.techie.springredditclone.service.PostService;
import lombok.AllArgsConstructor;
import org.springframework.http.HttpStatus;
import org.springframework.http.ResponseEntity;
import org.springframework.web.bind.annotation.*;

import java.util.List;

import static org.springframework.http.ResponseEntity.status;

@RestController
@RequestMapping(""/api/posts"")
@AllArgsConstructor
public class PostController {

    private final PostService postService;

    @PostMapping
    public ResponseEntity<Void> createPost(@RequestBody PostRequest postRequest) {
        postService.save(postRequest);
        return new ResponseEntity<>(HttpStatus.CREATED);
    }

    @GetMapping
    public ResponseEntity<List<PostResponse>> getAllPosts() {
        return status(HttpStatus.OK).body(postService.getAllPosts());
    }

    @GetMapping(""/{id}"")
    public ResponseEntity<PostResponse> getPost(@PathVariable Long id) {
        return status(HttpStatus.OK).body(postService.getPost(id));
    }

    @GetMapping(params = ""subredditId"")
    public ResponseEntity<List<PostResponse>> getPostsBySubreddit(@RequestParam Long subredditId) {
        return status(HttpStatus.OK).body(postService.getPostsBySubreddit(subredditId));
    }

    @GetMapping(params = ""username"")
    public ResponseEntity<List<PostResponse>> getPostsByUsername(@RequestParam String username) {
        return status(HttpStatus.OK).body(postService.getPostsByUsername(username));
    }
}",,,,,,,
